Titulo,Fabricante,preco,loja,peso_gramas,faixa_peso,preco_100g,preco_500g,preco_unidade
Café Torrado e Moído Superior Aviação 500g,Aviação,54.98,Mambo,500.0,251g_500g,10.996,54.98,
Café Torrado e Moído 252 Graus a Vácuo Pilão 500g,Pilão,43.49,Mambo,500.0,251g_500g,8.698,43.49,
Café Torrado e Moído 252° Graus Abre & Fecha Pilão Sachê 500g,Pilão,43.49,Mambo,500.0,251g_500g,8.698,43.49,
Café Torrado e Moído a Vácuo Tradicional 3 Corações Pacote 500g,3 Corações,27.99,Mambo,500.0,251g_500g,5.598,27.99,
Cápsula de Café Aqtivus 8 Delta 55g com 10 Unidades,Delta Q,28.49,Mambo,55.0,ate_100g,51.8,259.0,2.849
Café Torrado e Moído Aromatizado Amêndoas Torradas Floresta 100g,Floresta,19.98,Mambo,100.0,ate_100g,19.98,99.9,
Café Torrado e Moído Aromatizado Baunilha com Nozes Floresta 100g,Floresta,19.98,Mambo,100.0,ate_100g,19.98,99.9,
Café Torrado e Moído Aromatizado Crème Brulée Floresta 100g,Floresta,19.98,Mambo,100.0,ate_100g,19.98,99.9,
Café Torrado e Moído Aromatizado Trufas com Chocolate Floresta 100g,Floresta,19.98,Mambo,100.0,ate_100g,19.98,99.9,
Cápsula de Café Barítono Bravo 50g com 10 Unidades,Bravo Café,23.98,Mambo,50.0,ate_100g,47.96,239.8,2.398
Cápsula de Café Blonde Espresso Roast Starbucks & Nespresso com 10 Unidades,Nescafé,32.98,Mambo,,sem_peso,,,3.298
Cápsula de Café Blonde Espresso Roast Starbucks & Nespresso com 10 Unidades,Nescafé,32.98,Mambo,,sem_peso,,,3.298
Café Torrado e Moído Bourbon Amarelo Varietais Orfeu 250g,Orfeu,42.49,Mambo,250.0,101g_250g,16.996,84.98,
Cápsula de Café Bourbon Amarelo Orfeu 50g com 10 Unidades,Orfeu,26.99,Mambo,50.0,ate_100g,53.98,269.9,2.699
Cápsula de Café Clássico Orfeu 50g com 10 Unidades,Orfeu,26.99,Mambo,50.0,ate_100g,53.98,269.9,2.699
Cápsula de Café Single-Origin Colombia Nespresso Starbucks 57g com 10 Unidades,Nescafé,32.98,Mambo,57.0,ate_100g,57.85964912280701,289.29824561403507,3.298
Cápsula de Café com Cacau Italle 25g com 10 Unidades,Italle,18.99,Mambo,25.0,ate_100g,75.96,379.8,1.899
Cápsula de Café Com Leite Tres 3 Corações 90g com 10 Unidades,3 Corações,17.98,Mambo,90.0,ate_100g,19.977777777777774,99.88888888888889,1.798
Cápsula de Café Baileys Supremo Macchiato Tres 3 Corações 110g com 10 Unidades,3 Corações,17.98,Mambo,110.0,101g_250g,16.345454545454547,81.72727272727273,1.798
Cápsula de Café Espresso Forza Tres 3 Corações 80g com 10 Unidades,3 Corações,17.98,Mambo,80.0,ate_100g,22.475,112.375,1.798
Café Torrado e Moído Descafeinado a Vácuo 3 Corações 250g,3 Corações,40.98,Mambo,250.0,101g_250g,16.392,81.96,
Café Torrado e Moído Descafeinado Melitta 250g,Melitta,40.98,Mambo,250.0,101g_250g,16.392,81.96,
Café Torrado e Moído Descafeínado a Vácuo Pilão 250g,Pilão,40.98,Mambo,250.0,101g_250g,16.392,81.96,
Cápsula de Café Bourbon Amarelo Orfeu 50g com 10 Unidades,Orfeu,29.99,Mambo,50.0,ate_100g,59.98,299.9,2.999
Cápsula de Café Clássico Orfeu 90g com 10 Unidades,Orfeu,29.99,Mambo,90.0,ate_100g,33.32222222222222,166.6111111111111,2.999
Cápsula de Café Intenso Orfeu 90g com 10 Unidades,Orfeu,29.99,Mambo,90.0,ate_100g,33.32222222222222,166.6111111111111,2.999
Cápsula de Café Orgânico Orfeu 90g com 10 Unidades,Orfeu,36.98,Mambo,90.0,ate_100g,41.08888888888889,205.44444444444443,3.698
Cápsula de Café Torrado e Moído Clássico Espresso Illy Caixa 57g com 10 Unidades,Illy,24.99,Mambo,57.0,ate_100g,43.84210526315789,219.21052631578948,2.499
Cápsula de Café Forte Espresso Illy Caixa 57g com 10 Unidades,Illy,24.99,Mambo,57.0,ate_100g,43.84210526315789,219.21052631578948,2.499
Cápsula de Café Intenso Espresso Illy Caixa 57g com 10 Unidades,Illy,24.99,Mambo,57.0,ate_100g,43.84210526315789,219.21052631578948,2.499
Café em Grãos Classico Illy Blend 250g,Illy,48.98,Mambo,250.0,101g_250g,19.592,97.96,
Cápsula de Café Epiq Intensidade 14 Delta Q 55g com 10 Unidades,Delta Q,28.49,Mambo,55.0,ate_100g,51.8,259.0,2.849
Café Torrado e Moído Especial a Vácuo Melitta 500g,Melitta,56.98,Mambo,500.0,251g_500g,11.396,56.98,
Café em Cápsulas de Torrado e moído Pilão Fortíssimo 10 - 52g com 10 Cápsulas,Pilão,25.49,Mambo,52.0,ate_100g,49.01923076923077,245.0961538461538,2.549
Café em Cápsula Torrado e Moído Espresso Extraforte Pilão Caixa 52g 10 Unidades,Pilão,25.49,Mambo,52.0,ate_100g,49.01923076923077,245.0961538461538,2.549
Café em Cápsulas de Torrado e moído Pilão Tradicional 07 52g com 10 Cápsulas ,Pilão,25.49,Mambo,52.0,ate_100g,49.01923076923077,245.0961538461538,2.549
Cápsula de Café Espresso Ameno Tres 3 Corações 80g com 10 Unidades,3 Corações,17.98,Mambo,80.0,ate_100g,22.475,112.375,1.798
Cápsula de Café Espresso Atento Tres 3 Corações 80g com 10 Unidades,3 Corações,17.98,Mambo,80.0,ate_100g,22.475,112.375,1.798
Cápsula de Café Espresso Colombia L'or 52g com 10 Unidades,L'OR,30.98,Mambo,52.0,ate_100g,59.57692307692308,297.8846153846154,3.098
Cápsula de Café Descafeinado Tres 3 Corações 80g com 10 Unidades,3 Corações,17.98,Mambo,80.0,ate_100g,22.475,112.375,1.798
Cápsula de Café Espresso Forza L'or 52 com 10 Unidades,L'OR,30.98,Mambo,,sem_peso,,,3.098
Café em Grãos Espresso Gourmet Ituano 1kg,Ituano,119.98,Mambo,1000.0,501g_1kg,11.998,59.99,
Café em Grãos Espresso Intenso Evolutto 1kg,Evolutto,132.98,Mambo,1000.0,501g_1kg,13.297999999999998,66.49,
Cápsula de Café Espresso Lungo Estremo L'or 52g com 10 Unidades,L'OR,30.98,Mambo,52.0,ate_100g,59.57692307692308,297.8846153846154,3.098
Cápsula de Café Espresso Onyx L'or 52g com 10 Unidades,L'OR,30.98,Mambo,52.0,ate_100g,59.57692307692308,297.8846153846154,3.098
Cápsula de Café Espresso Pleno Tres 3 Corações 80g com 10 Unidades,3 Corações,17.98,Mambo,80.0,ate_100g,22.475,112.375,1.798
Cápsula de Café Espresso Ristretto Descafeinado L'or 52g com 10 Unidades,L'OR,30.98,Mambo,52.0,ate_100g,59.57692307692308,297.8846153846154,3.098
Cápsula de Café Espresso Ristretto L'or 52g com 10 Unidades,L'OR,30.98,Mambo,52.0,ate_100g,59.57692307692308,297.8846153846154,3.098
Cápsula de Café Espresso Select Orgânico Native 50g com 10 Unidades,Native,29.98,Mambo,50.0,ate_100g,59.96,299.8,2.998
Cápsula de Café Espresso Sontuoso L'or 52g com 10 Unidades,L'OR,30.98,Mambo,52.0,ate_100g,59.57692307692308,297.8846153846154,3.098
Café em Grãos Espresso Superior Ituano 1kg,Ituano,115.98,Mambo,1000.0,501g_1kg,11.598,57.99,
Cápsula de Café Espresso Supremo Tres 3 Corações 80g com 10 Unidades,3 Corações,17.98,Mambo,80.0,ate_100g,22.475,112.375,1.798
Cápsula de Café Espresso Vibrante Tres 3 Corações 80g com 10 Unidades,3 Corações,17.98,Mambo,80.0,ate_100g,22.475,112.375,1.798
Cápsula de Café Expresso em Cápsula Guatemala L'or 52g com 10 Unidades,L'OR,30.98,Mambo,52.0,ate_100g,59.57692307692308,297.8846153846154,3.098
Cápsula de Café Expresso Índia L'or 52g com 10 Unidades,L'OR,30.98,Mambo,52.0,ate_100g,59.57692307692308,297.8846153846154,3.098
Café Torrado e Moído Extra Forte a Vácuo 3 Corações 250g,3 Corações,25.98,Mambo,250.0,101g_250g,10.392,51.96,
Café Torrado e Moído Extra Forte a Vácuo Melitta 500g,Melitta,31.99,Mambo,500.0,251g_500g,6.398,31.99,
Café Torrado e Moído Extra Forte a Vácuo Pilão 500g,Pilão,43.49,Mambo,500.0,251g_500g,8.698,43.49,
Café Torrado e Moído Extraforte 3 Corações Pacote 250g,3 Corações,25.49,Mambo,250.0,101g_250g,10.196,50.98,
Café Torrado e Moído Extra Forte 3 Corações 500g,3 Corações,27.99,Mambo,500.0,251g_500g,5.598,27.99,
Café Torrado e Moído Extra Forte Floresta 500g,Cafe Floresta,34.98,Mambo,500.0,251g_500g,6.996,34.98,
Café Torrado e Moído Extra Forte Café Pelé 500g,Café Pelé,36.98,Mambo,500.0,251g_500g,7.396,36.98,
Café Torrado e Moído Extra Forte Pilão 500g,Pilão,43.49,Mambo,500.0,251g_500g,8.698,43.49,
Café Torrado e Moído Extra Forte Aviação 500g,Aviação,54.98,Mambo,500.0,251g_500g,10.996,54.98,
Cápsula de Café Filtrado Clássico Drip Coffee Orfeu 100g com 10 Unidades,Orfeu,40.49,Mambo,100.0,ate_100g,40.49,202.45,4.049
Cápsula de Café Filtrado Tradicional Tres 3 Corações 80g com 10 Unidades,3 Corações,17.98,Mambo,80.0,ate_100g,22.475,112.375,1.798
Cápsula de Café Filtrado Intenso Drip Coffee Orfeu 100g com 10 Unidades,Orfeu,40.49,Mambo,100.0,ate_100g,40.49,202.45,4.049
Café Torrado e Moído Gold Equilibrado Nescafé 250g,Nescafé,38.98,Mambo,250.0,101g_250g,15.591999999999995,77.96,
Café Torrado e Moído Gourmet Cerrado Mineiro 3 Corações 250g,3 Corações,25.99,Mambo,250.0,101g_250g,10.396,51.98,
Café em Grãos Gourmet Toledo 500g,Café Toledo,65.99,Mambo,500.0,251g_500g,13.198,65.99,
Café em Grãos Gourmet Santa Mônica 250g,Santa Mônica,43.49,Mambo,250.0,101g_250g,17.396,86.98,
Café Torrado e Moído Gourmet Mogiana Paulista 3 Corações 250g,3 Corações,25.99,Mambo,250.0,101g_250g,10.396,51.98,
Café Torrado e Moído Gourmet Regiões Brasileiras Cerrado Melitta 250g,Melitta,24.99,Mambo,250.0,101g_250g,9.996,49.98,
Cápsula de Café Gourmet Santa Mônica 50g com 12 Unidades,Santa Mônica,31.98,Mambo,50.0,ate_100g,63.96000000000001,319.8,2.665
Café Torrado e Moído Gourmet Santa Mônica 250g,Santa Mônica,43.98,Mambo,250.0,101g_250g,17.592,87.96,
Café Torrado e Moído Intenso a Vácuo Pilão 500g,Pilão,43.49,Mambo,500.0,251g_500g,8.698,43.49,
Café Torrado e Moído Intenso Pilão 500g,Pilão,43.49,Mambo,500.0,251g_500g,8.698,43.49,
Cápsula de Café Intenso Orfeu 50g com 10 Unidades,Orfeu,26.99,Mambo,50.0,ate_100g,53.98,269.9,2.699
Cápsula de Café Intenso Santa Mônica 50g com 12 Unidades,Santa Mônica,31.98,Mambo,50.0,ate_100g,63.96000000000001,319.8,2.665
Cápsula de Café Milão Italle 50g com 10 Unidades,Italle,13.99,Mambo,50.0,ate_100g,27.98,139.9,1.399
Café Torrado e Moído Aromas Caramelo Baggio 250g,Baggio,46.49,Mambo,250.0,101g_250g,18.596,92.98,
Café Torrado e Moído Orgânico a Vácuo Cia Orgânica 250g,Cia Organica,48.98,Mambo,250.0,101g_250g,19.592,97.96,
Cápsula de Café Orgânico Biodinâmico Cia Orgânica 50g com 10 Unidades,Cia Organica,51.98,Mambo,50.0,ate_100g,103.95999999999998,519.8,5.198
Cápsula de Café Orgânico Cia Orgânica 50g com 10 Unidades,Cia Organica,47.49,Mambo,50.0,ate_100g,94.98,474.9,4.7490000000000006
Café em Grãos Orgânico Cia Orgânica 250g,Cia Organica,47.98,Mambo,250.0,101g_250g,19.192,95.96,
Cápsula de Café Orgânico Orfeu 50g com 10 Unidades,Orfeu,36.98,Mambo,50.0,ate_100g,73.96,369.8,3.698
Café em Grãos Orgânico Rituais 3 Corações 250g,3 Corações,33.99,Mambo,250.0,101g_250g,13.596,67.98,
Café Torrado e Moído Pike Place Roast Starbucks & Nescafé 250g,Starbucks,48.98,Mambo,250.0,101g_250g,19.592,97.96,
Cápsula de Café Pike Place Roast Starbucks & Nespresso com 10 Unidades,Nescafé,32.98,Mambo,,sem_peso,,,3.298
Café Torrado e Moído Estrada Real Vácuo 500g,3 Corações,33.99,Mambo,500.0,251g_500g,6.798,33.99,
Cápsula de Café Qalidus Delta 55g com 10 Unidades,Delta Q,28.49,Mambo,55.0,ate_100g,51.8,259.0,2.849
Cápsula de Café Qharacter 9 Delta 55g com 10 Unidades,Delta Q,28.49,Mambo,55.0,ate_100g,51.8,259.0,2.849
Cápsula de Café Qharisma Delta Q 55g com 10 Unidades,Delta Q,28.49,Mambo,55.0,ate_100g,51.8,259.0,2.849
Cápsula de Café Qonvictus 5 Delta 55g com 10 Unidades,Delta Q,28.49,Mambo,55.0,ate_100g,51.8,259.0,2.849
Café Torrado e Moído Regiões Brasileiras Mogiana Melitta 250g,Melitta,24.99,Mambo,250.0,101g_250g,9.996,49.98,
Café Torrado e Moído Regiões Brasileiras Sul de Minas Melitta 250g,Melitta,24.99,Mambo,250.0,101g_250g,9.996,49.98,
Cápsula de Café Espresso Rituais Mogiana Paulista 3 Corações com 10 Unidades,3 Corações,17.98,Mambo,,sem_peso,,,1.798
Cápsula de Café Espresso Rituais Orgânico 3 Corações com 10 Unidades,3 Corações,17.98,Mambo,,sem_peso,,,1.798
Café Torrado e Moído Orgânico Rituais 3 Corações 250g,3 Corações,33.99,Mambo,250.0,101g_250g,13.596,67.98,
Cápsula de Café Roma Italle 50g com 10 Unidades,Italle,13.99,Mambo,50.0,ate_100g,27.98,139.9,1.399
Café Torrado e Moído Sabor da Fazenda Melitta 500g,Melitta,45.97,Mambo,500.0,251g_500g,9.194,45.97,
Café Torrado e Moído Sabor da Fazenda A Vácuo Melitta 500g,Melitta,46.49,Mambo,500.0,251g_500g,9.298,46.49,
Cápsula de Café Espresso Gourmet Chapada Diamantina Tres 3 Corações 80g com 10 Unidades,3 Corações,17.98,Mambo,80.0,ate_100g,22.475,112.375,1.798
Café Solúvel Extra Forte Iguaçu Lata 200g,Iguaçu,32.99,Mambo,200.0,101g_250g,16.495,82.47500000000001,
Café Solúvel Extra Forte Original Nescafé 100g,Nestlé,33.98,Mambo,100.0,ate_100g,33.98,169.9,
Café Solúvel Liofilizado Gourmet Iguaçu Vidro 100g,Cafe Iguacu,27.99,Mambo,100.0,ate_100g,27.99,139.95,
Café Solúvel Liofilizado 3 Corações Vidro 100g,3 Corações,27.99,Mambo,100.0,ate_100g,27.99,139.95,
Café Solúvel Matinal Nescafé 100g,Nescafé,33.98,Mambo,100.0,ate_100g,33.98,169.9,
Café Solúvel em pó Tradicional Iguaçu Lata 200g,Iguaçu,32.99,Mambo,200.0,101g_250g,16.495,82.47500000000001,
Café Solúvel Tradição Nescafé 100g Café Solúvel Tradição Forte Nescafé 100g,Nestlé,33.98,Mambo,100.0,ate_100g,33.98,169.9,
Café Torrado e Moído Suave Mister Prima Qualitá 500g,Prima Qualita,70.98,Mambo,500.0,251g_500g,14.196,70.98,
Cápsula de Café Tenor Bravo 50g com 10 Unidades,Bravo Café,23.98,Mambo,50.0,ate_100g,47.96,239.8,2.398
Café Torrado e Moído a Vácuo Espresso Pilão Cafeteria Pacote 500g,Pilão,47.98,Mambo,500.0,251g_500g,9.595999999999998,47.98,
Cápsula de Café Aromas Chocolate com Menta Baggio 50g com 10 Unidades,Baggio,33.98,Mambo,50.0,ate_100g,67.96,339.8,3.398
Café Torrado e Moído Coado a Vácuo Cafeteria Pilão Pacote 500g,Pilão,47.98,Mambo,500.0,251g_500g,9.595999999999998,47.98,
Cápsula de Café Descafeinado Orfeu 50g com 10 Unidades,Orfeu,43.49,Mambo,50.0,ate_100g,86.98,434.9,4.349
Café Torrado e Moído Tostato Classico per Moka Illy Lata 125g,Illy,19.98,Mambo,125.0,101g_250g,15.984000000000002,79.92,
Café Torrado e Moído Clássico Especial Orfeu 250g,Orfeu,42.49,Mambo,250.0,101g_250g,16.996,84.98,
Café Torrado e Moído Exportação Café Do Ponto 500g,Café do Ponto,55.98,Mambo,500.0,251g_500g,11.196,55.98,
Café Torrado e Moído Extraforte Melitta Pacote 500g,Melitta,31.99,Mambo,500.0,251g_500g,6.398,31.99,
Café Torrado e Moído Intenso Illy 250g,Illy,50.49,Mambo,250.0,101g_250g,20.196,100.98,
Cápsula de Café Gourmet Clássico Baggio 50g com 10 Unidades,Baggio,33.98,Mambo,50.0,ate_100g,67.96,339.8,3.398
Café Torrado e Moído Gourmet Espresso Baggio 250g,Baggio,46.49,Mambo,250.0,101g_250g,18.596,92.98,
Cápsula de Café Gourmet Intenso Baggio 50g com 10 Unidades,Baggio,33.98,Mambo,50.0,ate_100g,67.96,339.8,3.398
Café Torrado e Moído Intenso Santa Mônica 250g,Santa Mônica,43.98,Mambo,250.0,101g_250g,17.592,87.96,
Café Torrado e Moído Single-Origin Colombia Starbucks 250g,Nestlé,52.98,Mambo,250.0,101g_250g,21.192,105.96,
Café Torrado e Moído Orgânico Especial Orfeu 250g,Orfeu,48.98,Mambo,250.0,101g_250g,19.592,97.96,
Cápsula de Café Caramelo Baggio 50g com 10 Unidades,Baggio,33.98,Mambo,50.0,ate_100g,67.96,339.8,3.398
Café Torrado e Moído Aromas de Chocolate Trufado Baggio 250g,Baggio,46.49,Mambo,250.0,101g_250g,18.596,92.98,
Cápsula de Café Aromas Chocolate Trufado Baggio 50g com 10 Unidades,Baggio,33.98,Mambo,50.0,ate_100g,67.96,339.8,3.398
Café Torrado e Moído Gourmet Sul de Minas 3 Corações 250g,3 Corações,25.99,Mambo,250.0,101g_250g,10.396,51.98,
Cápsula de Café Gourmet Aluminium Expresso Café Toledo 50g com 10 Unidades,Café Toledo,33.99,Mambo,50.0,ate_100g,67.98,339.90000000000003,3.399
Café Torrado e Moído Toledo Vácuo 500g,Café Toledo,49.99,Mambo,500.0,251g_500g,9.998,49.99,
Cápsula de Café Aromas Vanilla Baggio 50g com 10 Unidades,Baggio,33.98,Mambo,50.0,ate_100g,67.96,339.8,3.398
Café em Grãos Espresso Pilão 1kg,Pilão,153.98,Mambo,1000.0,501g_1kg,15.397999999999998,76.99,
Café em Grãos Bourbon Amarelo Varietais Orfeu 250g,Orfeu,42.98,Mambo,250.0,101g_250g,17.192,85.96,
Café em Grãos Clássico Especial Orfeu 250g,Orfeu,42.98,Mambo,250.0,101g_250g,17.192,85.96,
Café em Grãos Descafeinado Especial Orfeu 250g,Orfeu,65.49,Mambo,250.0,101g_250g,26.196,130.98,
Café em Grãos Intenso Especial Orfeu 250g,Orfeu,42.98,Mambo,250.0,101g_250g,17.192,85.96,
Café em Grãos Orgânico Especial Orfeu 250g,Orfeu,48.98,Mambo,250.0,101g_250g,19.592,97.96,
Café Torrado e Moído Tradicional a Vácuo 3 Corações 250g,3 Corações,25.98,Mambo,250.0,101g_250g,10.392,51.96,
Café Torrado e Moído Tradicional a Vácuo Café do Ponto 500g,Café do Ponto,55.98,Mambo,500.0,251g_500g,11.196,55.98,
Café Torrado e Moído Tradicional a Vácuo Melitta 500g,Melitta,31.99,Mambo,500.0,251g_500g,6.398,31.99,
Café Torrado e Moído Tradicional a Vácuo Pilão 250g,Pilão,26.49,Mambo,250.0,101g_250g,10.596,52.98,
Café Torrado e Moído Tradicional a Vácuo Pilão 500g,Pilão,39.98,Mambo,500.0,251g_500g,7.995999999999999,39.98,
Café Torrado e Moído Tradicional Abre & Fecha Pilão 250g,Pilão,26.98,Mambo,250.0,101g_250g,10.792,53.96,
Café Torrado e Moído Tradicional Abre & Fecha Pilão 500g,Pilão,43.49,Mambo,500.0,251g_500g,8.698,43.49,
Café Torrado e Moído Tradicional 3 Corações 250g,3 Corações,25.98,Mambo,250.0,101g_250g,10.392,51.96,
Café Torrado e Moído Tradicional 3 Corações 500g,3 Corações,27.99,Mambo,500.0,251g_500g,5.598,27.99,
Café Torrado e Moído Tradicional Caboclo 500g,Caboclo,35.98,Mambo,500.0,251g_500g,7.196,35.98,
Café Torrado e Moído Tradicional Floresta 500g,Cafe Floresta,34.98,Mambo,500.0,251g_500g,6.996,34.98,
Café Torrado e Moído Tradicional Melitta 500g,Melitta,31.99,Mambo,500.0,251g_500g,6.398,31.99,
Café Torrado e Moído Tradicional Pilão 250g,Pilão,26.49,Mambo,250.0,101g_250g,10.596,52.98,
Café Torrado e Moído Tradicional Pilão 500g,Pilão,43.49,Mambo,500.0,251g_500g,8.698,43.49,
Cápsula de Café Turim Italle 50g com 10 Unidades,Italle,13.99,Mambo,50.0,ate_100g,27.98,139.9,1.399
Cápsula de Café Veneza Italle 50g com 10 Unidades,Italle,13.99,Mambo,50.0,ate_100g,27.98,139.9,1.399
Café Torrado e Moído Torra Escura Verona Starbucks 250g,Starbucks,48.98,Mambo,250.0,101g_250g,19.592,97.96,
Cápsula de Café Starbucks Caffè Verona by Nespresso Nescafé 55g com 10 Unidades,Nescafé,32.98,Mambo,55.0,ate_100g,59.96363636363636,299.8181818181818,3.298
Cappuccino Chocolate 3 Corações Pote 200g,3 Corações,23.98,Mambo,200.0,101g_250g,11.99,59.95,
Cappuccino Classic 3 Corações Pote 200g,3 Corações,23.98,Mambo,200.0,101g_250g,11.99,59.95,
Cappuccino Classic 3 Corações Pote 400g,3 Corações,32.99,Mambo,400.0,251g_500g,8.2475,41.2375,
Cápsula de Café Cappuccino Classic Tres 3 Corações 110g com 10 Unidades,3 Corações,17.98,Mambo,110.0,101g_250g,16.345454545454547,81.72727272727273,1.798
Cápsula de Cappuccino Avelã 3 Corações 110g com 10 Unidades,3 Corações,17.98,Mambo,110.0,101g_250g,16.345454545454547,81.72727272727273,1.798
Cappuccino Diet 3 Corações Pote 150g,3 Corações,21.99,Mambo,150.0,101g_250g,14.659999999999998,73.3,
Cápsula de Café Cappuccino Doce de Leite 3 Corações com 10 Unidades,Havanna,17.98,Mambo,,sem_peso,,,1.798
Cappuccino Tradicional Melitta 200g,Melitta,16.99,Mambo,200.0,101g_250g,8.495,42.475,
Cappucino Sabor Chocolate 3 Corações Sachê 20g,3 Corações,3.79,Mambo,20.0,ate_100g,18.95,94.75,
Capuccino Tradicional Italle 75g 10 Cápsulas,Italle,18.99,Mambo,75.0,ate_100g,25.32,126.6,1.899
Café Torrado e Moído Gourmet Dark Roast 3 Corações 250g,3 Corações,25.99,Mambo,250.0,101g_250g,10.396,51.98,
Café Torrado e Moído Extra Forte União 500g,União,25.9,Mambo,500.0,251g_500g,5.18,25.9,
Café Torrado e Moído Tradicional União 500g,Camil,25.9,Mambo,500.0,251g_500g,5.18,25.9,
Café em Cápsula Torrado e Moído Espresso Ultimo L'or Caixa 52g 10 Unidades,L'OR,30.98,Mambo,52.0,ate_100g,59.57692307692308,297.8846153846154,3.098
Café Torrado e Moído Premium Bravo 500g,Bravo Café,29.9,Mambo,500.0,251g_500g,5.98,29.9,
Cápsula de Café Espresso Baunilha Flavours Collection L'or 52g com 10 Unidades,L'OR,30.98,Mambo,52.0,ate_100g,59.57692307692308,297.8846153846154,3.098
Cápsula de Café Espresso Caramelo Flavours Collection L'or 52g com 10 Unidades,L'OR,30.98,Mambo,52.0,ate_100g,59.57692307692308,297.8846153846154,3.098
Café Solúvel Espresso L'or 100g,L'OR,37.49,Mambo,100.0,ate_100g,37.49,187.45,
Café Torrado e Moído Delicado Torras Gourmet L'or 250g,Pilão,30.49,Mambo,250.0,101g_250g,12.196,60.98,
Café Solúvel Tradicional 3 Corações Vidro 100g,3 Corações,26.99,Mambo,100.0,ate_100g,26.99,134.95,
Café Torrado e Moído Intenso Torras Gourmet L'or 250g,L'OR,30.49,Mambo,250.0,101g_250g,12.196,60.98,
Café Torrado e Moído Equilibrado Torras Gourmet L'or 250g,L'OR,30.49,Mambo,250.0,101g_250g,12.196,60.98,
Café Solúvel em Pó Espresso L'or 40g,L'OR,11.98,Mambo,40.0,ate_100g,29.95,149.75,
Café Solúvel Cappuccino Chocolate Melitta 200g,Melitta,16.99,Mambo,200.0,101g_250g,8.495,42.475,
Café Torrado e Moído Tradicional Fort 500g,Fort,28.99,Mambo,500.0,251g_500g,5.798,28.99,
Cápsula de Café Soprano Bravo 50g com 10 Unidades,Bravo Café,23.98,Mambo,50.0,ate_100g,47.96,239.8,2.398
Café Torrado e Moído Extraforte Café Brasileiro 500g,Café Brasileiro,28.99,Mambo,500.0,251g_500g,5.798,28.99,
Café Solúvel com Leite Nescafé Lata 330g,Nestlé,28.49,Mambo,330.0,251g_500g,8.633333333333333,43.16666666666666,
Café em Grãos Orgânico Santa Monica 250g,Santa Mônica,55.98,Mambo,250.0,101g_250g,22.392,111.96,
Cápsula de Café Portinari Tres 3 Corações 80g com 10 Unidades,3 Corações,17.98,Mambo,80.0,ate_100g,22.475,112.375,1.798
Cápsula de Café Notas Frutadas Portinari 3 Corações com 10 Unidades,3 Corações,17.98,Mambo,,sem_peso,,,1.798
Café Torrado e Moído Portinari Café 1942 3 Corações 250g,3 Corações,25.99,Mambo,250.0,101g_250g,10.396,51.98,
Café Torrado e Moído Portinari Peneirando Café 1957 3 Corações 250g,3 Corações,25.99,Mambo,250.0,101g_250g,10.396,51.98,
Café Torrado e Moído Portinari Meninos Soltando Pipas 1947 3 Corações 250g,3 Corações,25.99,Mambo,250.0,101g_250g,10.396,51.98,
Café em Grãos Gourmet Expresso 3 Corações 1kg,3 Corações,119.9,Mambo,1000.0,501g_1kg,11.99,59.95,
Cápsula de Café Chocolate com Avelã Baggio 50g com 10 Unidades,Baggio,34.49,Mambo,50.0,ate_100g,68.98,344.90000000000003,3.4490000000000003
Café Torrado e Moído Torra Média Bravo 250g,Bravo Café,22.99,Mambo,250.0,101g_250g,9.196,45.98,
Café Torrado e Moído Tenor Torra Média Bravo 500g,Bravo Café,39.9,Mambo,500.0,251g_500g,7.979999999999999,39.9,
Cápsula de Café Maestro Bravo 50g com 10 Unidades,Bravo Café,24.49,Mambo,50.0,ate_100g,48.98,244.9,2.449
Café Torrado e Moído Tradicional Brasileiro 500g,Brasileiro,28.99,Mambo,500.0,251g_500g,5.798,28.99,
Café Torrado e Moído Chocolate com Avelã Baggio Aromas 250g,Baggio,46.49,Mambo,250.0,101g_250g,18.596,92.98,
Cápsula de Café Ristretto Baggio 50g com 10 Unidades,Baggio,34.49,Mambo,50.0,ate_100g,68.98,344.90000000000003,3.4490000000000003
Café Solúvel em Pó Intensidade 6 Nescafé Gold Espresso Lata 100g Café Solúvel em Pó Gold Espresso Suave Nescafé Lata 100g,Nescafé,43.98,Mambo,100.0,ate_100g,43.98,219.9,
Café Solúvel Gold Espresso Intensidade 8 Nescafé 100g,Nescafé,43.98,Mambo,100.0,ate_100g,43.98,219.9,
Café Solúvel Intensidade 9 Nescafé Gold Espresso Lata 100g Café Solúvel Gold Espresso Intenso Nescafé Lata 100g,Nescafé,43.98,Mambo,100.0,ate_100g,43.98,219.9,
Café Torrado e Moído Italiano Costa Rica Compagnia Dell Arabica Corsini 25Og,Caffè Corsini,64.98,Mambo,,sem_peso,,,
Café Torrado e Moído Italiano Índia Compagnia Dell Arabica Corsini 25Og,Caffè Corsini,68.98,Mambo,,sem_peso,,,
Café Torrado e Moído Italiano Colômbia Compagnia Dell Arabica Corsini 25Og,Caffè Corsini,65.98,Mambo,,sem_peso,,,
Café Torrado e Moído Italiano Kenya Compagnia Dell Arabica Corsini 25Og,Caffè Corsini,65.49,Mambo,,sem_peso,,,
Café Torrado e Moído Drip Classico Coffee++ 100g,Coffee ++,32.98,Mambo,100.0,ate_100g,32.98,164.89999999999998,
Café Torrado e Moído Drip Arara Coffee++ 100g,Coffee ++,32.98,Mambo,100.0,ate_100g,32.98,164.89999999999998,
Café Torrado e Moído Drip Chapada De Minas Coffee++ 100g,Coffee ++,32.98,Mambo,100.0,ate_100g,32.98,164.89999999999998,
Cápsula de Café Clássico Coffee++ 50g com 10 Unidades,Coffee ++,22.9,Mambo,50.0,ate_100g,45.8,229.0,2.29
Cápsula de Café Arara Coffee++ 50g com 10 Unidades,Coffee ++,22.9,Mambo,50.0,ate_100g,45.8,229.0,2.29
Cápsula de Café Sul de Minas Coffee++ 50g com 10 Unidades,Coffee ++,22.9,Mambo,50.0,ate_100g,45.8,229.0,2.29
Cápsula de Café Cerrado Mineiro Coffee++ 50g com 10 Unidades,Coffee ++,22.9,Mambo,50.0,ate_100g,45.8,229.0,2.29
Cápsula de Café Chapada de Minas Coffee++ 50g com 10 Unidades,Coffee ++,22.9,Mambo,50.0,ate_100g,45.8,229.0,2.29
Café Torrado e Moído Arara Coffee++ 250g,Coffee ++,43.49,Mambo,250.0,101g_250g,17.396,86.98,
Café Torrado e Moído Clássico Coffee++ 250g,Coffee ++,43.49,Mambo,250.0,101g_250g,17.396,86.98,
Café Torrado e Moído Sul de Minas Coffee++ 250g,Coffee ++,43.49,Mambo,250.0,101g_250g,17.396,86.98,
Café Torrado e Moído Chapada de Minas Coffee++ 250g,Coffee ++,43.98,Mambo,250.0,101g_250g,17.592,87.96,
Café Torrado e Moído Torra Média House Blend Starbucks 250g,Starbucks,48.98,Mambo,250.0,101g_250g,19.592,97.96,
Café em Grãos Italiano Colombia Compagnia Dell Arabica Corsini 250g,Caffè Corsini,65.98,Mambo,250.0,101g_250g,26.392000000000003,131.96,
Café com Leite Solúvel 3 Corações Lata 300g,3 Corações,19.98,Mambo,300.0,251g_500g,6.660000000000001,33.300000000000004,
Cápsula de Café Caseiro Intenso Dolce Gusto & Nescafé 90g com 10 Unidades,Nescafé,17.9,Mambo,90.0,ate_100g,19.88888888888889,99.44444444444444,1.7899999999999998
Cápsula de Café Espresso Intenso Dolce Gusto & Nescafé 80g com 10 Unidades,Nescafé,17.9,Mambo,80.0,ate_100g,22.375,111.875,1.7899999999999998
Cápsula de Café Au Lait Dolce Gusto & Nescafé 100g com 10 Unidades,Nescafé,21.9,Mambo,100.0,ate_100g,21.9,109.5,2.19
Cápsula de Café Lungo Dolce Gusto & Nescafé com 10 Unidades,Nescafé,29.98,Mambo,,sem_peso,,,2.998
"Cápsula de Café Latte Macchiato Dolce Gusto & Nescafé 112,5g com 10 Unidades",Nescafé,17.9,Mambo,112.5,101g_250g,15.91111111111111,79.55555555555554,1.7899999999999998
Cápsula de Café Espresso Dolce Gusto & Nescafé 60g com 10 Unidades,Nescafé,17.9,Mambo,60.0,ate_100g,29.83333333333333,149.16666666666663,1.7899999999999998
Cápsula de Café Matinal Dolce Gusto & Nescafé 80g com 10 Unidades,Nescafé,17.9,Mambo,80.0,ate_100g,22.375,111.875,1.7899999999999998
Cápsula de Café Caseiro Dolce Gusto & Nescafé 80g com 10 Unidades,Nescafé,17.9,Mambo,80.0,ate_100g,22.375,111.875,1.7899999999999998
Creme Brulee Italle Caps C10 75g,Italle,18.99,Mambo,75.0,ate_100g,25.32,126.6,
Cápsula de Café Especial Geisha Intensidade 7 Coffee++ 50g com 10 Unidades,Coffee ++,22.9,Mambo,50.0,ate_100g,45.8,229.0,2.29
Café em Grãos Especial Geisha Coffee++ 250g,Coffee ++,44.99,Mambo,250.0,101g_250g,17.996000000000002,89.98,
Cápsula de Café Cerrado Mineiro 3 Corações com 10 Unidades,3 Corações,16.98,Mambo,,sem_peso,,,1.698
Cápsula de Café Intenso 3 Corações com 10 Unidades,3 Corações,16.98,Mambo,,sem_peso,,,1.698
Café Torrado e Moído Colina Juan Valdez 250g,Juan Valdez,53.98,Mambo,250.0,101g_250g,21.592,107.96,
Café Solúvel Liofilizado De Avelã Juan Valdez 95g,Juan Valdez,100.98,Mambo,95.0,ate_100g,106.29473684210528,531.4736842105264,
Café Solúvel Liofilizado Vanicanela Juan Valdez 95g,Juan Valdez,99.98,Mambo,95.0,ate_100g,105.2421052631579,526.2105263157895,
Café Liofilizado Clássico Juan Valdez 95g,Juan Valdez,103.98,Mambo,95.0,ate_100g,109.45263157894738,547.2631578947369,
Café Solúvel Liofilizado Chocolate Juan Valdez 95g,Juan Valdez,99.98,Mambo,95.0,ate_100g,105.2421052631579,526.2105263157895,
Cápsula de Café Cappuccino Doce de Leite Dolce Gusto & Nescafé 170g com 10 Unidades,Nescafé,33.98,Mambo,170.0,101g_250g,19.988235294117647,99.94117647058825,3.398
Cápsula de Café Frappê Dolce Gusto & Nescafé 135g com 10 Unidades,Nescafé,21.9,Mambo,135.0,101g_250g,16.22222222222222,81.1111111111111,2.19
Cápsula de Café Cappuccino Dolce Gusto & Nescafé 117g com 10 Unidades,Nescafé,17.9,Mambo,117.0,101g_250g,15.299145299145298,76.49572649572649,1.7899999999999998
Cápsula de Café Vanilla Dolce Gusto & Nescafé 110g com 10 Unidades,Nestlé,17.9,Mambo,110.0,101g_250g,16.272727272727273,81.36363636363636,1.7899999999999998
Cápsula de Café Mochaccino Canela Dolce Gusto & Nescafé 172g com 10 Unidades,Nestlé,17.9,Mambo,172.0,101g_250g,10.406976744186046,52.03488372093023,1.7899999999999998
Café Solúvel Original Extra Forte Nescafé Sachê 40g,Nescafé,9.69,Mambo,40.0,ate_100g,24.225,121.125,
Café Solúvel Tradição Forte Nescafé Sachê 40g,Nescafé,9.69,Mambo,40.0,ate_100g,24.225,121.125,
Café Solúvel Cafeteria Pilão 40g,Pilão,12.98,Mambo,40.0,ate_100g,32.45,162.25,
Café Solúvel Liofilizado Classique L'or Sachê 40g,L'OR,11.98,Mambo,40.0,ate_100g,29.95,149.75,
Café Solúvel Intense Sachê L'Or 40g,L'OR,11.98,Mambo,40.0,ate_100g,29.95,149.75,
Café Solúvel Liofilizado Classique L'or Vidro 84g,L'OR,28.98,Mambo,84.0,ate_100g,34.5,172.50000000000003,
Café em Grãos Super Crema Coffee++ 1kg,Coffee ++,154.98,Mambo,1000.0,501g_1kg,15.497999999999998,77.49,
Cápsula de Café Super Crema Gãos Coffee++ 60g com 10 Unidades,Coffee ++,22.9,Mambo,60.0,ate_100g,38.16666666666666,190.8333333333333,2.29
Café em Grãos Arara Coffee++ 250g,Coffee ++,29.9,Mambo,250.0,101g_250g,11.96,59.8,
Café Solúvel Matinal Sachê Nescafé 40g,Nescafé,9.69,Mambo,40.0,ate_100g,24.225,121.125,
Cápsula de Café Avelã Dolce Gusto & Nescafé 170g com 10 Unidades,Nescafé,17.9,Mambo,170.0,101g_250g,10.529411764705882,52.647058823529406,1.7899999999999998
Café em Grãos Cafeteria Pilão 500g,Pilão,88.98,Mambo,500.0,251g_500g,17.796,88.98,
Café Torrado e Moído Individual Tradicional Drip Coffee 3 Corações Sachê 10g,3 Corações,3.79,Mambo,10.0,ate_100g,37.9,189.5,
Cápsula de Café Espresso Gourmet Dark Roast 3 Corações com 10 Unidades,3 Corações,17.98,Mambo,,sem_peso,,,1.798
Café Solúvel Liofilizado 3 Corações Portinari Vidro 100g,3 Corações,27.99,Mambo,100.0,ate_100g,27.99,139.95,
Café Solúvel Cappuccino com Canela 3 Corações Sachê 20g,3 Corações,3.79,Mambo,20.0,ate_100g,18.95,94.75,
Café Solúvel Cappuccino de Baunilha 3 Corações Sachê 20g,3 Corações,3.79,Mambo,20.0,ate_100g,18.95,94.75,
Café Solúvel com Leite 3 Corações Sachê 20g,3 Corações,4.29,Mambo,20.0,ate_100g,21.45,107.25,
Café Solúvel Cappuccino Classic 3 Corações Sachê 20g,3 Corações,4.29,Mambo,20.0,ate_100g,21.45,107.25,
Cápsula de Café Extremo Pilão 52g com 10 Unidades,Pilão,25.49,Mambo,52.0,ate_100g,49.01923076923077,245.0961538461538,2.549
Café Solúvel Liofilizado Sul da Bahia L'or Vidro 84g,L'OR,28.49,Mambo,84.0,ate_100g,33.916666666666664,169.58333333333334,
Café Solúvel Cafeteria Pilão 70g,Pilão,30.98,Mambo,70.0,ate_100g,44.25714285714285,221.28571428571428,
Café Solúvel Liofilizado Montanhas Capixabas L'or Vidro 84g,L'OR,28.49,Mambo,84.0,ate_100g,33.916666666666664,169.58333333333334,
Café Solúvel Liofilizado Intense L'Or Vidro 84g,L'OR,28.98,Mambo,84.0,ate_100g,34.5,172.50000000000003,
Café Solúvel Pilão Sachê 40g,Pilão,10.98,Mambo,40.0,ate_100g,27.450000000000003,137.25,
Café Solúvel Intensidade 9 Nescafé Gold Sachê 40g,Nescafé,14.49,Mambo,40.0,ate_100g,36.225,181.125,
Café Solúvel Suave Gold Intensidade 6 Sachet Nescafé 40g,Nescafé,14.49,Mambo,40.0,ate_100g,36.225,181.125,
Cápsula de Achocolatado Nescau Nescafé & Dolce Gusto com 10 Unidades,Nescafé,21.9,Mambo,,sem_peso,,,2.19
Café Solúvel Descafeinado Nescafé 40g,Nescafé,20.98,Mambo,40.0,ate_100g,52.45,262.25,
Café em Grãos Clássico Coffee++ 250g,Coffee ++,29.9,Mambo,250.0,101g_250g,11.96,59.8,
Café Torrado e Moído Intensidade Máxima Forza 3 Corações 250g,3 Corações,25.99,Mambo,250.0,101g_250g,10.396,51.98,
Café em Grãos Cerrado Mineiro Coffee++ 250g,Coffee ++,29.9,Mambo,250.0,101g_250g,11.96,59.8,
Café em Grãos Chapada de Minas Coffee++ 250g,Coffee ++,29.9,Mambo,250.0,101g_250g,11.96,59.8,
Café em Grãos Sul de Minas Coffee++ 250g,Coffee ++,29.9,Mambo,250.0,101g_250g,11.96,59.8,
Café Torrado e Moído Cerrado Mineiro Coffee++ 250g,Coffee ++,43.49,Mambo,250.0,101g_250g,17.396,86.98,
Café Torrado e Moído Gourmet Torra Italiana Santa Monica 500g,Santa Monica,57.49,Mambo,500.0,251g_500g,11.498,57.49,
Cappuccino Clássico Santa Monica 200g,Santa Monica,33.49,Mambo,200.0,101g_250g,16.745,83.72500000000001,
Cappuccino Lovers Cookies 'n' Cream 3 Corações Pote 200g,3 Corações,23.98,Mambo,200.0,101g_250g,11.99,59.95,
Café Torrado e Moído Italiano a Vácuo Cafeteria Pilão 500g,Pilão,47.98,Mambo,500.0,251g_500g,9.595999999999998,47.98,
Capuccino 3 Corações Caramelo 200g,3 Corações,23.98,Mambo,200.0,101g_250g,11.99,59.95,
Café Torrado e Moído Intenso Especial Orfeu 250g,Orfeu,42.49,Mambo,250.0,101g_250g,16.996,84.98,
Café Torrado e Moído a Vacúo Extra Forte Café do Ponto 500g,Café do Ponto,55.98,Mambo,500.0,251g_500g,11.196,55.98,
Cápsula de Café Intenso Orgânico Native 50g com 10 Unidades,Native,29.98,Mambo,50.0,ate_100g,59.96,299.8,2.998
Café Solúvel Tradicional 3 Corações Sache 40g,3 Corações,7.99,Mambo,40.0,ate_100g,19.975,99.875,
Café Solúvel Extra Forte Refil 3 Corações 40g,3 Corações,7.99,Mambo,40.0,ate_100g,19.975,99.875,
Capsúla de Café Descafeinado Baggio 50g,Baggio,33.98,Mambo,50.0,ate_100g,67.96,339.8,
Café Torrado e Moído Gourmet Sul de Minas União 250g,União,24.99,Mambo,250.0,101g_250g,9.996,49.98,
Café Torrado e Moído Gourmet Cerrado Mineiro União 250g,União,24.99,Mambo,250.0,101g_250g,9.996,49.98,
Café Torrado e Moído Gourmet Mogiana Paulista União 250g,União,24.99,Mambo,250.0,101g_250g,9.996,49.98,
Café em Grãos Prima QualitÃ 500g,Prima Qualita,100.98,Mambo,500.0,251g_500g,20.196,100.98,
Café Solúvel com Leite Vegano 3 Corações Lata 220g,3 Corações,34.98,Mambo,220.0,101g_250g,15.899999999999997,79.49999999999999,
Cápsula de Café Latte Vegetal Tres 3 Corações 110g com 10 Unidades,3 Corações,32.98,Mambo,110.0,101g_250g,29.98181818181818,149.9090909090909,3.298
Café em Grãos Expresso Gourmet 3 Corações 500g,3 Corações,97.98,Mambo,500.0,251g_500g,19.596,97.98,
Cápsula de Café Máximo Cafés Especiais 3 Corações 56g com 10 Unidades,3 Corações,16.98,Mambo,56.0,ate_100g,30.321428571428573,151.60714285714286,1.698
Cápsula de Café Peru 3 Corações 56g com 10 Unidades,3 Corações,16.98,Mambo,56.0,ate_100g,30.321428571428573,151.60714285714286,1.698
Cápsula de Café Cappuccino Vegano Tres 3 Corações 110g com 10 Unidades,3 Corações,31.98,Mambo,110.0,101g_250g,29.07272727272727,145.36363636363637,3.198
Capsula de Café Espresso Star Wars Darth Vader 3 Corações 10 unidades,3 Corações,17.98,Mambo,,sem_peso,,,1.798
Café Solúvel Cappuccino Vegano 3 Corações Pote 140g,3 Corações,34.98,Mambo,140.0,101g_250g,24.985714285714284,124.92857142857142,
Café Solúvel Tradicional Iguaçu Refil 40g,Iguaçu,8.69,Mambo,40.0,ate_100g,21.725,108.625,
Café Solúvel Extra Forte Iguaçu Refil 40g,Iguaçu,8.69,Mambo,40.0,ate_100g,21.725,108.625,
Café Torrado e Moído Classico Roast Lata Illy 125g,Illy,19.98,Mambo,125.0,101g_250g,15.984000000000002,79.92,
Café Torrado e Moído Intenso Illy 125g,Illy,19.98,Mambo,125.0,101g_250g,15.984000000000002,79.92,
Café Torrado e Moído Acauã Varietais Orfeu 250g,Orfeu,48.98,Mambo,250.0,101g_250g,19.592,97.96,
Café em Grãos Japy Varietais Orfeu 250g,Orfeu,48.98,Mambo,250.0,101g_250g,19.592,97.96,
Cápsula de Café Arara Orfeu 50g com 10 Unidades,Orfeu,26.99,Mambo,50.0,ate_100g,53.98,269.9,2.699
Café em Grãos Acauã Varietais Orfeu 250g,Orfeu,48.98,Mambo,250.0,101g_250g,19.592,97.96,
Cápsula de Café Japi Orfeu 50g com 10 Unidades,Orfeu,26.99,Mambo,50.0,ate_100g,53.98,269.9,2.699
Café Torrado e Moído Japy Varietais Orfeu 250g,Orfeu,48.98,Mambo,250.0,101g_250g,19.592,97.96,
Café em Grãos Arara Varietais Orfeu 250g,Orfeu,48.98,Mambo,250.0,101g_250g,19.592,97.96,
Cápsula de Café Acauã Orfeu 50g com 10 Unidades,Orfeu,26.99,Mambo,50.0,ate_100g,53.98,269.9,2.699
Café Torrado e Moído Arara Varietais Orfeu 250g,Orfeu,49.98,Mambo,250.0,101g_250g,19.992,99.96,
Cápsula de Café Farmers Origins Andes Nescafé 44g com 10 Unidades,Nescafé,26.98,Mambo,44.0,ate_100g,61.31818181818181,306.59090909090907,2.698
Cápsula de Café Cappuccino Starbucks 100g com 10 Unidades,Starbucks,32.98,Mambo,100.0,ate_100g,32.98,164.89999999999998,3.298
Cápsula de Café Espresso Colombia Starbucks com 10 Cápsulas,Starbucks,32.98,Mambo,,sem_peso,,,3.298
"Cápsula de Café Caramel Macchiato Starbucks 106,5g com 10 Unidades",Starbucks,32.98,Mambo,106.5,101g_250g,30.967136150234737,154.83568075117367,3.298
Cápsula de Café Espresso Cerrado Mineiro Nescafé+Dolce Gusto 60g com 10 Unidades,Nescafé,21.9,Mambo,60.0,ate_100g,36.5,182.5,2.19
Café Solúvel Latte com Castanha-de-Caju A Tal da Castanha & 3 Corações 20g,3 Corações,5.59,Mambo,20.0,ate_100g,27.95,139.74999999999997,
Café Torrado e Moído Individual Gourmet Dark Roast Drip Coffee 3 Corações Sachê 11g,3 Corações,3.79,Mambo,11.0,ate_100g,34.45454545454545,172.27272727272728,
Cápsula de Café Italiano Ristretto Carraro 55g com 10 Unidades,Carraro,24.98,Mambo,55.0,ate_100g,45.41818181818182,227.0909090909091,2.498
Cápsula de Café Italiano Gran Crema Carraro 55g com 10 Unidades,Carraro,24.98,Mambo,55.0,ate_100g,45.41818181818182,227.0909090909091,2.498
Cápsula de Café Italiano Dolce Arabica Carraro 55g com 10 Unidade,Carraro,24.98,Mambo,55.0,ate_100g,45.41818181818182,227.0909090909091,2.498
Cápsula de Café Italiano Intenso Carraro 55g com 10 Unidades,Carraro,24.98,Mambo,55.0,ate_100g,45.41818181818182,227.0909090909091,2.498
Cápsula de Café Pingado Dolce Gusto & Nescafé 140g com 10 Unidades,Nescafé,17.9,Mambo,140.0,101g_250g,12.785714285714285,63.928571428571416,1.7899999999999998
Cafe Soluvel com Leite Descafeinado Sem Lactose 3 Coracoes Lata 200g,3 Corações,28.98,Mambo,200.0,101g_250g,14.49,72.45,
Cápsula de Café Alpino Tradicional Nescafé Dolce Gusto 178g com 10 Unidades,Nescafé,21.9,Mambo,178.0,101g_250g,12.303370786516853,61.51685393258426,2.19
Café Torrado e Moído Gourmet Ultimo L'or 250g,L'OR,30.49,Mambo,250.0,101g_250g,12.196,60.98,
Café Torrado e Moído Gourmet Origens Mogiana L'or 250g,L'OR,43.98,Mambo,250.0,101g_250g,17.592,87.96,
Café Torrado e Moído Gourmet Sul Minas L'or 250g,L'OR,43.98,Mambo,250.0,101g_250g,17.592,87.96,
Café Torrado e Moído Gourmet Cerrado L'or 250g,L'OR,43.98,Mambo,250.0,101g_250g,17.592,87.96,
Kit Cápsula de Café + Caneca Nespresso & Starbucks Pack com 40 Unidades Kit Cápsula de Café + Caneca Nespresso & Starbucks Caixa com 40 Unidades,Starbucks,127.49,Mambo,,sem_peso,,,3.18725
Cápsula de Café Cappuccino Moça Brigadeiro Dolce Gusto & Nescafé 180g com 10 Unidades,Nescafé,21.9,Mambo,180.0,101g_250g,12.166666666666666,60.83333333333333,2.19
Cápsula de Achocolatado KitKat Dolce Gusto & Nescafé170g com 10 Cápsulas,Nescafé,21.9,Mambo,170.0,101g_250g,12.88235294117647,64.41176470588235,2.19
Café Solúvel Cappuccino Doce de Leite Melitta 200g,Melitta,16.99,Mambo,200.0,101g_250g,8.495,42.475,
Cápsula de Café Audacce Melitta 53g com 10 Unidades,Melitta,18.99,Mambo,53.0,ate_100g,35.83018867924528,179.15094339622638,1.899
Cápsula de Café Descafeinado Intenso Melitta 53g com 10 Unidades,Melitta,18.99,Mambo,53.0,ate_100g,35.83018867924528,179.15094339622638,1.899
Cápsula de Café Marcato Melitta 53g com 10 Unidades,Melitta,18.99,Mambo,53.0,ate_100g,35.83018867924528,179.15094339622638,1.899
Café Solúvel Extraforte Melitta 40g,Melitta,10.98,Mambo,40.0,ate_100g,27.450000000000003,137.25,
Café Solúvel Tradicional Melitta 40g,Melitta,10.98,Mambo,40.0,ate_100g,27.450000000000003,137.25,
Cápsula de Café Ristretto Melitta 53g com 10 Unidades,Melitta,18.99,Mambo,53.0,ate_100g,35.83018867924528,179.15094339622638,1.899
Cápsula de Café Compatível com Nespresso Nescafé Farmers Origins Colombia 44g com 10 Unidades,Nescafé,26.98,Mambo,44.0,ate_100g,61.31818181818181,306.59090909090907,2.698
Cápsula de Café Compatível com Nespresso Nescafé Farmers Origins Índia 44g com 10 Unidades,Nescafé,26.98,Mambo,44.0,ate_100g,61.31818181818181,306.59090909090907,2.698
Cápsula de Café Compatível com Nespresso Nescafé Farmers Origins Brasil 44g com 10 Unidades,Nescafé,26.98,Mambo,44.0,ate_100g,61.31818181818181,306.59090909090907,2.698
Cápsula de Café Farmers Origins México Nescafé 44g com 10 Unidades,Nescafé,26.98,Mambo,44.0,ate_100g,61.31818181818181,306.59090909090907,2.698
Café Solúvel Descafeinado Melitta 40g,Melitta,18.98,Mambo,40.0,ate_100g,47.45,237.25000000000003,
Café em Grãos Spresso Melitta 500g,Melitta,80.98,Mambo,500.0,251g_500g,16.196,80.98,
Café Torrado e Moído Frutas Secas Rituais 3 Corações 250g,3 Corações,33.99,Mambo,250.0,101g_250g,13.596,67.98,
Café Torrado e Moído Exótico Rituais 3 Corações 250g,3 Corações,33.99,Mambo,250.0,101g_250g,13.596,67.98,
Café Torrado e Moído Chocolate Rituais 3 Corações 250g,3 Corações,33.99,Mambo,250.0,101g_250g,13.596,67.98,
Café Torrado e Moído Frutas Vermelhas Rituais 3 Corações 250g,3 Corações,33.99,Mambo,250.0,101g_250g,13.596,67.98,
Café Torrado e Moído Individual Portinari Drip Coffee 3 Corações Sachê 11g,3 Corações,4.59,Mambo,11.0,ate_100g,41.72727272727273,208.63636363636363,
Café Solúvel Cappuccino Tradicional Nescafé Lata 180g,Nescafé,24.49,Mambo,180.0,101g_250g,13.605555555555554,68.02777777777777,
"Cápsula de Café Mujeres Cafeteras Juan Valdez 44,8g com 8 Unidades",Juan Valdez,43.49,Mambo,44.8,ate_100g,97.07589285714286,485.37946428571433,5.43625
"Cápsula de Café Paisaje Cultural Juan Valdez 44,8g com 8 Unidades",Juan Valdez,43.49,Mambo,44.8,ate_100g,97.07589285714286,485.37946428571433,5.43625
Café Torrado e Moído Premium Bialetti 250g,Bialetti,49.49,Mambo,250.0,101g_250g,19.796,98.98,
Café Torrado e Moído Perfetto Moka Bialetti 250g,Bialetti,48.98,Mambo,250.0,101g_250g,19.592,97.96,
Cápsula de Café Caparaó Coffee++ 50g com 10 Unidades,Coffee ++,22.9,Mambo,50.0,ate_100g,45.8,229.0,2.29
Café em Grãos Rituais Frutas Vermelhas 3 Corações 250g,3 Corações,33.99,Mambo,250.0,101g_250g,13.596,67.98,
Café em Grãos Rituais Frutas Secas 3 Corações 250g,3 Corações,33.99,Mambo,250.0,101g_250g,13.596,67.98,
Café em Grãos Rituais Exótico 3 Corações 250g,3 Corações,33.99,Mambo,250.0,101g_250g,13.596,67.98,
Café em Grãos Rituais Chocolate 3 Corações 250g,3 Corações,33.99,Mambo,250.0,101g_250g,13.596,67.98,
Café Solúvel Granulado Descafeinado 3 Corações Refil 40g,3 Corações,28.98,Mambo,40.0,ate_100g,72.45,362.25,
Café Torrado e Moído Caparaó Coffee++ 250g,Coffee ++,43.98,Mambo,250.0,101g_250g,17.592,87.96,
Café em Grãos Torrado Gourmet Luvizotto 1kg,Luvizotto,194.98,Mambo,1000.0,501g_1kg,19.498,97.49,
Cápsula de Café Descafeinado 3 Corações 56g com 10 Unidades,3 Corações,16.98,Mambo,56.0,ate_100g,30.321428571428573,151.60714285714286,1.698
Café Torrado e Moído Gourmet Luvizotto 500g,Luvizotto,98.49,Mambo,500.0,251g_500g,19.698,98.49,
Café em Grãos Caparaó Coffee++ 250g,Coffee ++,29.9,Mambo,250.0,101g_250g,11.96,59.8,
Café Torrado e Moído Gourmet Ituano 250g,Ituano,27.98,Mambo,250.0,101g_250g,11.192,55.96,
Cápsulas de Cappuccino Napolitano 3 Corações 110g com 10 Unidades,3 Corações,17.98,Mambo,110.0,101g_250g,16.345454545454547,81.72727272727273,1.798
Cápsula de Café Matas de Minas Luvizotto 50g com 10 Unidades,Luvizotto,36.98,Mambo,50.0,ate_100g,73.96,369.8,3.698
"Cápsula de Café Iperespresso Intenso Illy 120,6g com 18 Unidades",Illy,59.98,Mambo,120.6,101g_250g,49.73466003316749,248.67330016583747,3.332222222222222
"Cápsula de Café Iperespresso Clássico Illy 120,6g com 18 Unidades",Illy,59.98,Mambo,120.6,101g_250g,49.73466003316749,248.67330016583747,3.332222222222222
"Cápsula de Café Iperespresso Descafeinado Illy 120,6g com 18 Unidades",Illy,59.98,Mambo,120.6,101g_250g,49.73466003316749,248.67330016583747,3.332222222222222
Café Torrado e Moído Etiópia Illy Lata 125g,Illy,19.98,Mambo,125.0,101g_250g,15.984000000000002,79.92,
Cápsula de Café com Leite Italle 75g com 10 Unidades,Italle,15.99,Mambo,75.0,ate_100g,21.32,106.6,1.599
Cápsula de Café Gourmet Napoli Italle 50g com 10 Unidades,Italle,13.99,Mambo,50.0,ate_100g,27.98,139.9,1.399
Café Gourmet em Cápsulas Torra Italiana Santa Monica 52g com 10 Unidades,Santa Monica,31.98,Mambo,52.0,ate_100g,61.5,307.5,3.198
Café em Grãos Gourmet Torra Italiana Santa Monica 1kg,Santa Monica,159.98,Mambo,1000.0,501g_1kg,15.997999999999998,79.99,
Café Solúvel Ultimo L'or 84g,L'OR,28.98,Mambo,84.0,ate_100g,34.5,172.50000000000003,
Cápsula de Café Passione Rossa L'or 52g com 10 Unidades,L'OR,30.49,Mambo,52.0,ate_100g,58.63461538461539,293.1730769230769,3.049
Cápsula de Café Espresso Brasil L'or 52g com 10 Unidades,L'OR,30.98,Mambo,52.0,ate_100g,59.57692307692308,297.8846153846154,3.098
Cápsula de Café Colômbia Compagnia Dell' Arabica Caffè Corsini 52g com 10 Unidades,Caffè Corsini,38.49,Mambo,52.0,ate_100g,74.01923076923077,370.09615384615387,3.849
Cápsula de Café Costa Rica Compagnia Dell' Arabica Caffè Corsini 52g com 10 Unidades,Caffè Corsini,38.49,Mambo,52.0,ate_100g,74.01923076923077,370.09615384615387,3.849
Cápsula de Café Índia Compagnia Dell' Arabica Caffè Corsini 52g com 10 Unidades,Caffè Corsini,38.49,Mambo,52.0,ate_100g,74.01923076923077,370.09615384615387,3.849
Cápsula de Café Kenya Compagnia Dell' Arabica Caffè Corsini 52g com 10 Unidades,Caffè Corsini,38.49,Mambo,52.0,ate_100g,74.01923076923077,370.09615384615387,3.849
Cápsula de Café Clássico Baggio 70g com 10 Unidades,Baggio,33.98,Mambo,70.0,ate_100g,48.54285714285714,242.7142857142857,3.398
Cápsula de Café Aromas Caramelo Baggio 70g com 10 Unidades,Baggio,33.98,Mambo,70.0,ate_100g,48.54285714285714,242.7142857142857,3.398
Cápsula de Café Aromas Chocolate Trufado Baggio 70g com 10 Unidades,Baggio,33.98,Mambo,70.0,ate_100g,48.54285714285714,242.7142857142857,3.398
Cápsula de Café Aromas Chocolate com Avelã Baggio 70g com 10 Unidades,Baggio,33.98,Mambo,70.0,ate_100g,48.54285714285714,242.7142857142857,3.398
Cápsula de Café Lungo Chapada Diamantina Dolce Gusto & Nescafé 60g com 10 Unidades,Nescafé,17.9,Mambo,60.0,ate_100g,29.83333333333333,149.16666666666663,1.7899999999999998
Cápsula de Café Espresso Avelã L'or 52g com 10 Unidades,L'OR,30.98,Mambo,52.0,ate_100g,59.57692307692308,297.8846153846154,3.098
Cápsula de Café Notas Trufadas Gold Dolce Gusto & Nescafé 60g com 10 Unidades,Nescafé,21.9,Mambo,60.0,ate_100g,36.5,182.5,2.19
Cápsula de Café Espresso Serras do Alto Paranaíba Dolce Gusto & Nescafé 60g com 10 Unidades,Nescafé,21.9,Mambo,60.0,ate_100g,36.5,182.5,2.19
Cápsula de Café Mochaccino Lajotinha Kopenhagen & Dolce Gusto 170g com 10 Unidades Cápsula de Café Mochaccino Lajotinha Dolce Gusto & Nescafé 170g com 10 Unidades,Nescafé,21.9,Mambo,170.0,101g_250g,12.88235294117647,64.41176470588235,2.19
"Cápsula de Achocolatado Língua de Gato Kopenhagen Nescafé & Dolce Gusto 162,5g com 10 Unidades Cápsula de Achocolatado Língua de Gato Nescafé 162,5g com 10 Unidades",Nescafé,21.9,Mambo,162.5,101g_250g,13.476923076923075,67.38461538461537,2.19
Cápsula de Café Torra Média Gold Dolce Gusto & Nescafé 80g com 10 Unidades,Nescafé,21.9,Mambo,80.0,ate_100g,27.375,136.875,2.19
Café Torrado e Moído Maestro Torra Média Bravo Café 250g,Bravo Café,22.99,Mambo,250.0,101g_250g,9.196,45.98,
Café em Grãos Gourmet Forza Espresso L'or 500g,L'OR,88.49,Mambo,500.0,251g_500g,17.698,88.49,
Café Torrado e Moído Intenso Torra Média Coffee++ 250g,Coffee ++,43.49,Mambo,250.0,101g_250g,17.396,86.98,
Cápsula de Achocolatado Alpino Intense Dolce Gusto & Nescafé 180g com 10 Cápsulas,Nescafé,21.9,Mambo,180.0,101g_250g,12.166666666666666,60.83333333333333,2.19
Café Torrado e Moído Torra Média Clara Varietais Catucaí Orfeu 250g,Orfeu,48.98,Mambo,250.0,101g_250g,19.592,97.96,
Cápsula de Café Forte Orfeu 50g com 10 Unidades,Orfeu,26.99,Mambo,50.0,ate_100g,53.98,269.9,2.699
Café em Grãos Torra Média Clara Varietais Catucaí Orfeu 250g,Orfeu,48.98,Mambo,250.0,101g_250g,19.592,97.96,
Cápsula de Café Catucaí Varietais Orfeu 50g com 10 Unidades,Orfeu,26.99,Mambo,50.0,ate_100g,53.98,269.9,2.699
Café Torrado e Moído Premium Estrada Real 3 Corações 500g,3 Corações,33.99,Mambo,500.0,251g_500g,6.798,33.99,
Café Torrado e Moído Regiões Brasileiras Terras Capixabas Melitta 250g,Melitta,24.99,Mambo,250.0,101g_250g,9.996,49.98,
Cápsula de Café Cappuccino Paçoca Três Corações 110g com 10 Unidades,3 Corações,17.98,Mambo,110.0,101g_250g,16.345454545454547,81.72727272727273,1.798
Cápsula de Café Amaro União 52g com 10 Unidades,União,16.99,Mambo,52.0,ate_100g,32.67307692307692,163.3653846153846,1.6989999999999998
Cápsula de Café Ristretto União 52g com 10 Unidades,União,16.99,Mambo,52.0,ate_100g,32.67307692307692,163.3653846153846,1.6989999999999998
Cápsula de Café Classico União 52g com 10 Unidades,União,16.99,Mambo,52.0,ate_100g,32.67307692307692,163.3653846153846,1.6989999999999998
Cápsula de Café Velluto União 52g com 10 Unidades,União,16.99,Mambo,52.0,ate_100g,32.67307692307692,163.3653846153846,1.6989999999999998
Cápsula de Café Ristretto Descafeinado União 52g com 10 Unidades,União,16.99,Mambo,52.0,ate_100g,32.67307692307692,163.3653846153846,1.6989999999999998
Café Torrado e Moído Tradicional Café Brasileiro 500g,Café Brasileiro,28.99,Mambo,500.0,251g_500g,5.798,28.99,
Café Torrado e Moído Extra Forte Café Brasileiro 500g,Café Brasileiro,28.99,Mambo,500.0,251g_500g,5.798,28.99,
Café Torrado e Moído Gourmet Ã Vácuo Café Toledo 250g,Café Toledo,36.99,Mambo,250.0,101g_250g,14.796,73.98,
Cápsula de Cappuccino com Cacau Kopenhagen & Nescafé 135g com 10 Unidades,Nescafé,29.49,Mambo,135.0,101g_250g,21.844444444444445,109.2222222222222,2.949
Cápsula de Café Espresso Kopenhagen & Nescafé 60g com 10 Unidades,Nescafé,21.9,Mambo,60.0,ate_100g,36.5,182.5,2.19
Café em Grãos Intenso Especial Super Crema Coffee++ 250g,Coffee ++,29.9,Mambo,250.0,101g_250g,11.96,59.8,
Café em Grãos Especial Solos Vulcânicos Coffee++ 250g,Coffee ++,29.9,Mambo,250.0,101g_250g,11.96,59.8,
Café Torrado e Moído Especial Solos Vulcânicos Coffee++ 250g,Coffee ++,43.49,Mambo,250.0,101g_250g,17.396,86.98,
"Cappuccino Solúvel Pistache e Chocolate L'or 19,5g",L'OR,3.59,Mambo,19.5,ate_100g,18.41025641025641,92.05128205128204,
Café Torrado e Moído Chapada Diamantina Origens do Brasil Nescafé 250g,Nescafé,41.49,Mambo,250.0,101g_250g,16.596,82.98,
"Cápsula de Café Espresso Colombia Nescafé 79,2g com 18 Unidades",Nescafé,45.98,Mambo,79.2,ate_100g,58.05555555555555,290.27777777777777,2.554444444444444
"Cápsula de Café Espresso Índia Nescafé 79,2g com 18 Unidades",Nescafé,45.98,Mambo,79.2,ate_100g,58.05555555555555,290.27777777777777,2.554444444444444
"Cápsula de Café Lungo Brasil Nescafé 79,2g com 18 Unidades",Nescafé,45.98,Mambo,79.2,ate_100g,58.05555555555555,290.27777777777777,2.554444444444444
"Cápsula de Café Ristretto Áfricas Nescafé 79,2g com 18 Unidades",Nescafé,45.98,Mambo,79.2,ate_100g,58.05555555555555,290.27777777777777,2.554444444444444
Cápsula de Achocolatado Chococino Classic Nestlé & Dolce Gusto 155g com 10 Unidades,Bauducco,21.9,Mambo,155.0,101g_250g,14.129032258064514,70.64516129032258,2.19
Cápsula de Café Cafeteria Brasil Pilão 52g com 10 Unidades,Pilão,25.49,Mambo,52.0,ate_100g,49.01923076923077,245.0961538461538,2.549
Cápsula de Café Cafeteria Colômbia Pilão 52g com 10 Unidades,Pilão,25.49,Mambo,52.0,ate_100g,49.01923076923077,245.0961538461538,2.549
Cápsula de Café Expresso Clássico Cafeteria Especialidades Pilão 52g com 10 Unidades,Pilão,25.49,Mambo,52.0,ate_100g,49.01923076923077,245.0961538461538,2.549
Cápsula de Café Expresso Intenso Cafeteria Especialidades Pilão 52g com 10 Unidades,Pilão,25.49,Mambo,52.0,ate_100g,49.01923076923077,245.0961538461538,2.549
Cápsula de Café Espresso Ristretto L'or 104g com 20 Unidades,L'OR,52.49,Mambo,104.0,101g_250g,50.47115384615385,252.35576923076923,2.6245000000000003
"Cappuccino Solúvel Baunilha L'or Sachê 20,3g",L'OR,3.59,Mambo,20.3,ate_100g,17.68472906403941,88.42364532019704,
"Cappuccino Solúvel Caramelo L'or Sachê 20,3g",L'OR,3.59,Mambo,20.3,ate_100g,17.68472906403941,88.42364532019704,
"Cappuccino Solúvel Chocolate L'or Sachê 19,6g",L'OR,3.59,Mambo,19.6,ate_100g,18.316326530612244,91.5816326530612,
Café Solúvel Intenso 9 Nescafé Gold Vidro 100g,Gold,46.98,Mambo,100.0,ate_100g,46.98,234.9,
Café Solúvel Torra Média Intensidade 5 Nescafé Gold 40g,Gold,14.49,Mambo,40.0,ate_100g,36.225,181.125,
Café Solúvel Torra Média Intensidade 7 Nescafé Gold 40g,Gold,14.49,Mambo,40.0,ate_100g,36.225,181.125,
"Cápsula de Café Iperespresso Lungo Illy 111,6g com 18 Unidades",Illy,59.98,Mambo,111.6,101g_250g,53.74551971326164,268.72759856630825,3.332222222222222
Cápsula de Café Lungo Classico Illy 57g com 10 Unidades,Illy,24.99,Mambo,57.0,ate_100g,43.84210526315789,219.21052631578948,2.499
Café em Grãos Espresso Premium Bravo Café 500g,Bravo Café,41.79,Mambo,500.0,251g_500g,8.358,41.79,
Café Torrado e Moído Gourmet Torra da Rainha Bridgerton Melitta 250g,Melitta,24.99,Mambo,250.0,101g_250g,9.996,49.98,
Café Torrado e Moído Gourmet Espírito Santo 3 Corações 250g,3 Corações,25.99,Mambo,250.0,101g_250g,10.396,51.98,
Café Torrado e Moído Gourmet Espírito Santo 3 Corações 250g,3 Corações,25.99,Mambo,250.0,101g_250g,10.396,51.98,
Cápsula de Café Compatível Nespresso Descafeinado Illy Caixa 57g com 10 Unidades,Illy,66.49,Mambo,57.0,ate_100g,116.64912280701752,583.2456140350877,6.648999999999999
Café Solúvel Nescafé Ice 40g,Nescafé,12.49,Mambo,40.0,ate_100g,31.225,156.125,
Café Torrado e Moído Evolutto Premium 500g,Evolutto,36.98,Mambo,500.0,251g_500g,7.396,36.98,
Café Torrado e Moído Aroma de Baunilha Baggio 250g,Baggio,46.49,Mambo,250.0,101g_250g,18.596,92.98,
Café Torrado e Moído Mantiqueira de Minas Café Brasileiro Gourmet 250g,Café Brasileiro,25.99,Mambo,250.0,101g_250g,10.396,51.98,
Café Torrado e Moído Mogiana Paulista Café Brasileiro Gourmet 250g,Café Brasileiro,25.99,Mambo,250.0,101g_250g,10.396,51.98,
Café Torrado e Moído Caparaó Café Brasileiro Gourmet 250g,Café Brasileiro,25.99,Mambo,250.0,101g_250g,10.396,51.98,
Café Cremoso Nescafé Lata 150g,Nescafé,27.98,Mambo,150.0,101g_250g,18.65333333333333,93.26666666666668,
Cápsulas de Café Illy Descafeinado 18 Unidades,Illy,71.29,St Marche,,sem_peso,,,3.960555555555556
Café L'or Torrado e Moído Equilibrado Torras Gourmet Sachê 250g,L'OR,30.49,St Marche,250.0,101g_250g,12.196,60.98,
Cápsula de Café ORFEU Intenso Dolce Gusto 90g,Orfeu,32.49,St Marche,90.0,ate_100g,36.1,180.50000000000003,
Café em Cápsula L'or Torrado e Moído Lungo Espresso 52g 10 Unidades,L'OR,30.99,St Marche,52.0,ate_100g,59.59615384615384,297.9807692307692,3.099
Cápsulas de Café Baobá Especial Intenso 10 Unidades,Baobá,35.69,St Marche,,sem_peso,,,3.569
Cápsulas de Café Orfeu Nespresso Catucaí 10 Unidades,St. Marche,29.99,St Marche,,sem_peso,,,2.999
Cápsulas de Café Baobá Especial Clássico 10 Unidades,Baobá,35.69,St Marche,,sem_peso,,,3.569
Café 3 Corações Torrado e Moído Rituais Frutas Vermelhas 250g,3 Corações,40.99,St Marche,250.0,101g_250g,16.396,81.98,
Cápsulas de Café Orfeu Nespresso Forte 20 Unidades,St. Marche,53.9,St Marche,,sem_peso,,,2.695
Cápsulas de Café Nescafé Classic Creamer Com 10 Unidades,St. Marche,29.59,St Marche,,sem_peso,,,2.959
Café Tenor Bravo Café Torrado em Grãos 500g,Bravo Café,47.9,St Marche,500.0,251g_500g,9.58,47.9,
Café em Cápsula Pilão Torrado e Moído Lungo Intenso 52g 10 Unidades,Pilão,24.99,St Marche,52.0,ate_100g,48.05769230769231,240.28846153846155,2.499
Café em Cápsula L'or Espresso Baunilha Caixa 52g 10 Unidades,L'OR,30.99,St Marche,52.0,ate_100g,59.59615384615384,297.9807692307692,3.099
Café Solúvel L'or Último 84g,St. Marche,30.99,St Marche,84.0,ate_100g,36.89285714285714,184.4642857142857,
Café 3 Corações Portinari Florais 250g,3 Corações,36.98,St Marche,250.0,101g_250g,14.792,73.96,
"Cappuccino Lor Baunilha Sachê 20,3g",L'OR,2.99,St Marche,20.3,ate_100g,14.729064039408868,73.64532019704434,
Café Solúvel L'or Último Sachê 84g,St. Marche,13.9,St Marche,84.0,ate_100g,16.547619047619047,82.73809523809524,
Cápsula Café Baggio Dolce Gusto Chocolate Avelã 85g,Baggio,25.89,St Marche,85.0,ate_100g,30.458823529411767,152.29411764705884,
Cápsulas de Café L'or Arábica Avelã 10 Unidades,St. Marche,30.99,St Marche,,sem_peso,,,3.099
Café Torrado e Moído Abre Fecha Forte e Encorpado 252º Graus PILÃO 500g,Pilão,36.99,St Marche,500.0,251g_500g,7.398000000000001,36.99,
Café em Cápsulas Pilão Torrado e moído Tradicional 52g 10 Unidades,Pilão,24.99,St Marche,52.0,ate_100g,48.05769230769231,240.28846153846155,2.499
Café Casa Brasil Gourmet Moído 250g,Casa Brasil,33.99,St Marche,250.0,101g_250g,13.596,67.98,
Cápsulas de Café ORFEU Orgânico com 10 Unidades 50g,Orfeu,36.99,St Marche,50.0,ate_100g,73.98,369.9,3.699
Cápsula Café Baggio Dolce Gusto Chocolate Trufado 85g,Baggio,25.89,St Marche,85.0,ate_100g,30.458823529411767,152.29411764705884,
Café Baobá Especial Intenso Grãos 250g,Baobá,50.39,St Marche,250.0,101g_250g,20.156,100.78,
Cápsula Café BRAVO Maestro Com 10 Unidades 50g,Bravo Café,21.9,St Marche,50.0,ate_100g,43.8,219.0,2.19
Cápsulas de Café Lor Espresso de Chocolate com 10 Unidades 52g,L'OR,30.99,St Marche,52.0,ate_100g,59.59615384615384,297.9807692307692,3.099
Café 3 Corações Torrado e Moído Rituais Chocolate 250g,3 Corações,40.99,St Marche,250.0,101g_250g,16.396,81.98,
Café Solúvel NESCAFÉ Tradição Forte 100g,Nescafé,33.99,St Marche,100.0,ate_100g,33.99,169.95000000000002,
Café em Cápsula Torrado e Moído STARBUCKS Caffè Verona Caixa 55g 10 Unidades,Starbucks,32.99,St Marche,55.0,ate_100g,59.98181818181818,299.9090909090909,3.2990000000000004
Café Torrado e Moído 3 Corações Forza Intensidade Máxima Premium 250g,3 Corações,33.98,St Marche,250.0,101g_250g,13.592,67.96,
Café Casa Brasil Tradicional 500g,Casa Brasil,39.9,St Marche,500.0,251g_500g,7.979999999999999,39.9,
Café Torrado e Moído Drip Coffe FAZENDA PESSEGUEIRO 100g,Café Fazenda Pessegueiro,44.39,St Marche,100.0,ate_100g,44.39,221.95,
Cápsulas de Café Tenor BRAVO Com 10 Unidades,Bravo Café,21.9,St Marche,,sem_peso,,,2.19
Café BRAVO Tenor Torrado Moído 250g,Bravo Café,28.49,St Marche,250.0,101g_250g,11.396,56.98,
Café Bravo Coletanea Arábica 250g,St. Marche,26.9,St Marche,250.0,101g_250g,10.76,53.8,
Cápsulas Café L'OR Ristretto Decaffeinato 10 Unidades,L'OR,30.99,St Marche,,sem_peso,,,3.099
Café Casa Brasil Gourmet em Grãos 500g,Casa Brasil,69.8,St Marche,500.0,251g_500g,13.96,69.8,
Café Gourmet 3 CORAÇÕES em Pó Torrado e Moído Vácuo 250g,3 Corações,33.79,St Marche,250.0,101g_250g,13.516,67.58,
Cápsula Dolce Gusto Espresso Com 10 Unidades 60g,Dolce Gusto,25.99,St Marche,60.0,ate_100g,43.31666666666666,216.5833333333333,2.599
Cápsulas de Café União Clássico 10 Unidades,St. Marche,28.49,St Marche,,sem_peso,,,2.849
Café L'OR Torrado e Moído Cerrado Mineiro Pouch 250g,L'OR,43.99,St Marche,250.0,101g_250g,17.596,87.98,
Café Tradicional PILÃO 250g,Pilão,23.9,St Marche,250.0,101g_250g,9.56,47.8,
Café Torrado e Moído 252º Graus Vácuo PILÃO 500g,Pilão,36.99,St Marche,500.0,251g_500g,7.398000000000001,36.99,
Cápsulas de Café União Amaro 10 Unidades,St. Marche,28.49,St Marche,,sem_peso,,,2.849
Café Lor Último Torrado e Moído 250g,L'OR,33.9,St Marche,250.0,101g_250g,13.56,67.8,
Cápsula Dolce Gusto Mocha Canela Com 10 Unidades 172g,Dolce Gusto,25.99,St Marche,172.0,101g_250g,15.110465116279068,75.55232558139534,2.599
Café BRAVO Premium Torrado e Moído 500g,Bravo Café,31.9,St Marche,500.0,251g_500g,6.38,31.9,
Café em Cápsulas Pilão Torrado e moído Fortíssimo 52g 10 Unidades,Pilão,24.99,St Marche,52.0,ate_100g,48.05769230769231,240.28846153846155,2.499
Cápsulas de Café Baobá Especial Premium 10 Unidades,Baobá,35.69,St Marche,,sem_peso,,,3.569
Café Illy em Pó Moído Clássico Moka 250g,St. Marche,59.9,St Marche,250.0,101g_250g,23.96,119.8,
Café Illy Grão Arábica Nicaragua 250g,St. Marche,51.9,St Marche,250.0,101g_250g,20.76,103.8,
Café Latitude 13 Castas Torrado em Grãos 500g,St. Marche,86.9,St Marche,500.0,251g_500g,17.380000000000003,86.9,
Café Intenso a Vácuo PILÃO 500g,Pilão,36.99,St Marche,500.0,251g_500g,7.398000000000001,36.99,
Capsulas de Cappuccino Vegetal 3 Corações 11g,3 Corações,26.9,St Marche,11.0,ate_100g,244.54545454545453,1222.7272727272727,
Café Solúvel Juan Valdez Descafeinado 95g,St. Marche,84.9,St Marche,95.0,ate_100g,89.36842105263159,446.8421052631579,
Café Gourmet em Grãos CAFÉ FAZENDA PESSEGUEIRO 500g,Café Fazenda Pessegueiro,66.09,St Marche,500.0,251g_500g,13.218000000000002,66.09,
Café PILÃO Grãos Cafeteria 500g,St. Marche,74.59,St Marche,500.0,251g_500g,14.918,74.59,
Café Baobá Especial Clássico Moído 250g,Baobá,50.29,St Marche,250.0,101g_250g,20.116,100.58,
Café BRAVO Maestro Torrado Moído 250g,Bravo Café,28.49,St Marche,250.0,101g_250g,11.396,56.98,
Cápsulas Café Casa Brasil Gourmet Intenso 7 50g,Casa Brasil,38.99,St Marche,50.0,ate_100g,77.98,389.9,
Cápsulas de Café Barítono Intenso BRAVO Com 10 Unidades,Bravo Café,21.9,St Marche,,sem_peso,,,2.19
Cápsulas de Café Soprano BRAVO Com 10 Cápsulas,Bravo Café,21.9,St Marche,,sem_peso,,,2.19
Café L'OR Torrado e Moído Mogiana Pouch 250g,L'OR,43.99,St Marche,250.0,101g_250g,17.596,87.98,
Cápsula Café Baggio Dolce Gusto Caramel 85g,Baggio,25.89,St Marche,85.0,ate_100g,30.458823529411767,152.29411764705884,
Cápsulas de Café Nescafé Gold Lungo Com 10 Unidades,St. Marche,31.99,St Marche,,sem_peso,,,3.199
Cápsula de Café 3 CORAÇÕES Nespresso Mogiana Paulista 50g,3 Corações,24.99,St Marche,50.0,ate_100g,49.98,249.9,
Café Torrado e Moído Verona STARBUCKS 250g,Starbucks,48.99,St Marche,250.0,101g_250g,19.596,97.98,
Cápsulas de Café Orfeu Japy Compatíveis Nespresso com 10 Unidades 50g,Orfeu,32.49,St Marche,50.0,ate_100g,64.98,324.90000000000003,3.249
Cápsulas Café L'OR Guatemala 10 Unidades,L'OR,30.99,St Marche,,sem_peso,,,3.099
Cápsulas Café Casa Brasil Intenso 9 50g,Casa Brasil,38.99,St Marche,50.0,ate_100g,77.98,389.9,
Café a Vácuo Torrado e Moído Tradicional CAFÉ DO PONTO 500g,Café Do Ponto,47.99,St Marche,500.0,251g_500g,9.598,47.99,
"Cápsulas de Café Espresso Pleno, TRES, 3 CORAÇÕES 10 Cápsulas",3 Corações,17.93,St Marche,,sem_peso,,,1.793
"Cápsulas de Café Juan Valdez Paisaje 44,8g",Juan Valdez,43.5,St Marche,44.8,ate_100g,97.09821428571428,485.4910714285714,
Café Solúvel Juan Valdez Vanicanela 95g,St. Marche,84.9,St Marche,95.0,ate_100g,89.36842105263159,446.8421052631579,
"Cápsula de Café Juan Valdez Mujeres 44,8g",Juan Valdez,43.5,St Marche,44.8,ate_100g,97.09821428571428,485.4910714285714,
Café Illy Grão Arábica Índia 250g,St. Marche,51.9,St Marche,250.0,101g_250g,20.76,103.8,
Café Solúvel Juan Valdez Avelã 95g,St. Marche,84.9,St Marche,95.0,ate_100g,89.36842105263159,446.8421052631579,
Café Solúvel Nescafé Com Leite 300g,Nescafé,28.49,St Marche,300.0,251g_500g,9.496666666666666,47.48333333333333,
Café Orfeu Torrado e Moído Catucaí 250g,St. Marche,43.9,St Marche,250.0,101g_250g,17.560000000000002,87.8,
Cápsula de Café Filtrado Gourmet 3 CORAÇÕES 10 Cápsulas,3 Corações,26.9,St Marche,,sem_peso,,,2.69
Cápsulas Café L'OR ÌNDIA 10 Unidades,L'OR,30.99,St Marche,,sem_peso,,,3.099
Cápsulas Café Pilão 100% Arábica Brasil 52g,St. Marche,24.99,St Marche,52.0,ate_100g,48.05769230769231,240.28846153846155,
Cápsulas Café L'OR Ristretto 10 Unidades,L'OR,30.99,St Marche,,sem_peso,,,3.099
Café Baobá Especial Intenso Moído 250g,Baobá,50.29,St Marche,250.0,101g_250g,20.116,100.58,
"Cappuccino Lor Chocolate e Pistache 19,5g",St. Marche,2.99,St Marche,19.5,ate_100g,15.333333333333336,76.66666666666667,
Cappucino Nescafé Dois Frades 180g,St. Marche,24.49,St Marche,180.0,101g_250g,13.605555555555554,68.02777777777777,
Café Expresso Gourmet Torrado em Grão 3 CORAÇÕES 1 kg,3 Corações,163.49,St Marche,1000.0,501g_1kg,16.349,81.745,
Cápsulas de Café BAGGIO Amêndoas Torradas Com 10 Cápsulas,Baggio,29.49,St Marche,,sem_peso,,,2.949
Café Solúvel Juan Valdez Chocolate 95g,St. Marche,84.9,St Marche,95.0,ate_100g,89.36842105263159,446.8421052631579,
Cápsula de Café Espresso Ameno 3 CORAÇÕES 10 Cápsulas,3 Corações,17.93,St Marche,,sem_peso,,,1.793
Café Torrado e Moído Tradicional União 500g,União,36.9,St Marche,500.0,251g_500g,7.379999999999999,36.9,
Café Torrado e Moído a Vácuo Espresso PILÃO Cafeteria Pacote 500g,Pilão,43.9,St Marche,500.0,251g_500g,8.780000000000001,43.9,
Cápsulas de Café União Velluto 10 Unidades,St. Marche,28.49,St Marche,,sem_peso,,,2.849
Café LOR Intenso Torrado Moído 250g,L'OR,30.49,St Marche,250.0,101g_250g,12.196,60.98,
Cápsulas de Café Villa Piva Especial Com 10 Unidades,Villa Piva,40.19,St Marche,,sem_peso,,,4.019
Café Solúvel em Pó Nescafé Espresso Intenso Gold Sachê 40g,Nescafé,14.49,St Marche,40.0,ate_100g,36.225,181.125,
Cápsulas Orfeu Nespresso Arara com 10 Unidades 50g,Orfeu,32.49,St Marche,50.0,ate_100g,64.98,324.90000000000003,3.249
Café UNIÃO Tradicional Almofada 500g,União,36.99,St Marche,500.0,251g_500g,7.398000000000001,36.99,
"Cápsula de Café Espresso Rituais Florada Microlotes, TRES, 3 CORAÇÕES 10 Unidades",Tres,26.9,St Marche,,sem_peso,,,2.69
Cápsula de Cappuccino Com Avelã 3 CORAÇÕES 10 Cápsulas,3 Corações,26.9,St Marche,,sem_peso,,,2.69
Cápsulas de Cappuccino Classic 3 CORAÇÕES 10 Cápsulas,3 Corações,17.93,St Marche,,sem_peso,,,1.793
Café 3 Corações Grãos Rituais Frutas Secas 250g,3 Corações,47.89,St Marche,250.0,101g_250g,19.156,95.78,
Café L'OR Torrado e Moído Sul de Minas Pouch 250g,L'OR,43.99,St Marche,250.0,101g_250g,17.596,87.98,
Cápsula de Café ORFEU Orgânico Dolce Gusto 90g,St. Marche,32.49,St Marche,90.0,ate_100g,36.1,180.50000000000003,
Café Nescafé Solúvel Gold Intenso 100g,St. Marche,36.9,St Marche,100.0,ate_100g,36.9,184.5,
Capsulas de Café com Leite Vegetal 3 Corações 11g,3 Corações,26.9,St Marche,11.0,ate_100g,244.54545454545453,1222.7272727272727,
Cápsulas de Café União Ristretto 10 Unidades,St. Marche,28.49,St Marche,,sem_peso,,,2.849
"Cápsula de Café Espresso Chapada Diamantina Safra Especial, TRES, 3 Corações 10 unidades",3 Corações,17.93,St Marche,,sem_peso,,,1.793
Capsulas de Café Star Wars Darth Vader 3 Corações 8g,3 Corações,26.9,St Marche,8.0,ate_100g,336.25,1681.25,
Café Solúvel L'or Liofilizado Montanhas Capixabas 84g,L'OR,37.99,St Marche,84.0,ate_100g,45.22619047619048,226.1309523809524,
Café Expresso 3 Corações Grãos Gourmet 500g,3 Corações,82.29,St Marche,500.0,251g_500g,16.458000000000002,82.29,
Café Solúvel L'or Liofilizado Sul da Bahia 84g,L'OR,37.99,St Marche,84.0,ate_100g,45.22619047619048,226.1309523809524,
Cappuccino de Chocolate 3 CORAÇÕES 200g,3 Corações,23.98,St Marche,200.0,101g_250g,11.99,59.95,
Capsulas Café Starbucks Espresso 55g,St. Marche,27.9,St Marche,55.0,ate_100g,50.72727272727272,253.6363636363636,
Cápsulas Nescafé Alpino e Galak Com 16 Unidades,St. Marche,31.99,St Marche,,sem_peso,,,1.999375
Café Latitude 13 Clássico Torrado e Moído 250g,St. Marche,40.59,St Marche,250.0,101g_250g,16.236,81.18,
Cápsula Café Baggio Dolce Gusto Clássico 85g,Baggio,25.89,St Marche,85.0,ate_100g,30.458823529411767,152.29411764705884,
Café Latte Vegetal 3 Corações 220g,3 Corações,27.99,St Marche,220.0,101g_250g,12.72272727272727,63.61363636363636,
Cápsula de Café Illy Clássico Com 18 Unidades,Illy,69.9,St Marche,,sem_peso,,,3.8833333333333337
Café Cafellow Sachê Sensual 10 Unidades,St. Marche,49.9,St Marche,,sem_peso,,,4.99
Cápsula de Café 3 CORAÇÕES Nespresso Orgânico 50g,3 Corações,24.99,St Marche,50.0,ate_100g,49.98,249.9,
Café em Grãos Juan Valdez Volcan 250g,Juan Valdez,49.9,St Marche,250.0,101g_250g,19.96,99.8,
Cápsula de Café Intenso BAGGIO Com 10 Cápsulas,Baggio,29.49,St Marche,,sem_peso,,,2.949
Cápsulas de Café Nescafé Brazil 18 Unidades,St. Marche,43.19,St Marche,,sem_peso,,,2.3994444444444443
Café Torrado e Moído Coado a Vácuo PILÃO Cafeteria Pacote 500g,Pilão,43.9,St Marche,500.0,251g_500g,8.780000000000001,43.9,
Cápsulas Café Pilão 100% Arábica Colômbia 52g,St. Marche,24.99,St Marche,52.0,ate_100g,48.05769230769231,240.28846153846155,
Café Orfeu Torrado e Moído Acauã 250g,Orfeu,48.99,St Marche,250.0,101g_250g,19.596,97.98,
Cápsulas de Café Dolce Gusto Nescafé Alpino 10 Unidades,St. Marche,31.99,St Marche,,sem_peso,,,3.199
Cápsula de Cafe Illy Classic Descafeinado 10 Unidades,Illy,30.99,St Marche,,sem_peso,,,3.099
Café Solúvel PILÃO Cafeteria 40g,Pilão,12.98,St Marche,40.0,ate_100g,32.45,162.25,
Café 3 CORAÇÕES Cápsulas Espresso Vibrante Com 10 Cápsulas,3 Corações,26.9,St Marche,,sem_peso,,,2.69
Café Solúvel Nescafé Gold 100g,St. Marche,31.69,St Marche,100.0,ate_100g,31.69,158.45000000000002,
Café Soluvel Nescafé Ice 40g,St. Marche,9.99,St Marche,40.0,ate_100g,24.975,124.875,
Café 3 Corações Torrado e Moído Rituais Exótico 250g,3 Corações,40.99,St Marche,250.0,101g_250g,16.396,81.98,
Café Extra Forte Vácuo 3 CORAÇÕES 500g,3 Corações,41.5,St Marche,500.0,251g_500g,8.3,41.5,
Café Pilão Torrado E Moído Extra Forte Abre e Fecha 500g,Pilão,36.99,St Marche,500.0,251g_500g,7.398000000000001,36.99,
Cápsula de Café ORFEU Clássico Dolce Gusto 90g,Orfeu,32.49,St Marche,90.0,ate_100g,36.1,180.50000000000003,
Cápsulas de Café Dolce Gusto Cappuccino 10 Unidades 135g,St. Marche,31.99,St Marche,135.0,101g_250g,23.696296296296296,118.48148148148148,3.199
Café Illy em Pó Moído Arábica Etiopia 125g,St. Marche,24.9,St Marche,125.0,101g_250g,19.92,99.6,
Cápsula de Café Illy Clássico Lungo 10 Unidades,St. Marche,29.9,St Marche,,sem_peso,,,2.99
Cápsula De Café ORFEU Borbon Amargo 50g,Orfeu,32.99,St Marche,50.0,ate_100g,65.98,329.90000000000003,
"Café Cápsula Illy Longo 120,6g",Illy,72.49,St Marche,120.6,101g_250g,60.1077943615257,300.5389718076285,
Cápsula de Café 3 Corações Especiais Colômbia Com 10 Unidades,3 Corações,24.99,St Marche,,sem_peso,,,2.499
CAFÉ FAZENDA PESSEGUEIRO Torra Média Cápsulas com 10 Unidades,Café Fazenda Pessegueiro,37.19,St Marche,,sem_peso,,,3.719
Capsulas de Café Star Wars Mestre Yoda 3 Corações 8g,3 Corações,26.9,St Marche,8.0,ate_100g,336.25,1681.25,
Café UNIÃO Extraforte Almofada 500g,União,36.99,St Marche,500.0,251g_500g,7.398000000000001,36.99,
Cappucino NESCAFÉ Tradicional 180g,Nescafé,24.49,St Marche,180.0,101g_250g,13.605555555555554,68.02777777777777,
Café PILÃO Cafeteira Italiano Vácuo 500g,Pilão,43.9,St Marche,500.0,251g_500g,8.780000000000001,43.9,
"Cappuccino Lor Chocolate Sachê 19,6g",L'OR,2.99,St Marche,19.6,ate_100g,15.255102040816324,76.27551020408163,
Café Cafellow Torrado Moído 250g,St. Marche,23.9,St Marche,250.0,101g_250g,9.56,47.8,
Cápsulas de Café Dolce Gusto Espresso 10 Unidades 60g,St. Marche,31.99,St Marche,60.0,ate_100g,53.31666666666667,266.5833333333333,3.199
Cápsula de Café Starbucks Colômbia com 10 Unidades 55g,Starbucks,32.98,St Marche,55.0,ate_100g,59.96363636363636,299.8181818181818,3.298
Cápsulas Orfeu Nespresso Acauã com 10 Unidades 50g,Orfeu,32.49,St Marche,50.0,ate_100g,64.98,324.90000000000003,3.249
Café Solúvel PILÃO Cafeteria Vidro 70g,Pilão,30.98,St Marche,70.0,ate_100g,44.25714285714285,221.28571428571428,
Café Nescafé Chapada Diamantina 250g,St. Marche,37.59,St Marche,250.0,101g_250g,15.036,75.18,
Cápsulas de Café Nescafé Mix com Caneca 40 unidades,St. Marche,107.99,St Marche,,sem_peso,,,2.69975
Cápsulas de Café Nescafé Africas 18 Unidades,St. Marche,43.19,St Marche,,sem_peso,,,2.3994444444444443
Cápsulas de Café Villa Piva Polinizado Com 10 Unidades,Villa Piva,43.19,St Marche,,sem_peso,,,4.319
Café Latitude 13 Castas Torrado e Moído 250g,St. Marche,40.99,St Marche,250.0,101g_250g,16.396,81.98,
Café 3 Corações em Cápsulas Napolitano 8 Unidades,3 Corações,26.9,St Marche,,sem_peso,,,3.3625
Café 3 Corações Solúvel 1957 100g,3 Corações,38.9,St Marche,100.0,ate_100g,38.9,194.5,
Cappuccino Vegetal 3 Corações 140g,3 Corações,27.9,St Marche,140.0,101g_250g,19.92857142857143,99.64285714285714,
Cápsulas de Café União Decaffeinato 10 Unidades,St. Marche,28.49,St Marche,,sem_peso,,,2.849
"Cappuccino Lor Caramelo Sachê 20,3g",L'OR,2.99,St Marche,20.3,ate_100g,14.729064039408868,73.64532019704434,
Café Bravo Tenor Em Grãos 1kg,St. Marche,95.8,St Marche,1000.0,501g_1kg,9.58,47.9,
Cápsula de Café 3 CORAÇÕES Nespresso Cerrado Mineiro 50g,3 Corações,24.99,St Marche,50.0,ate_100g,49.98,249.9,
Café Illy em Pó Moído Intenso Moka 125g,Illy,24.98,St Marche,125.0,101g_250g,19.984,99.92,
"Cápsula de Café Filtrado Tradicional, TRES, 3 CORAÇÕES 10 Unidades",3 Corações,17.93,St Marche,,sem_peso,,,1.793
Café Latitude 13 Chapada Diamantina Torrado e Moído 250g,St. Marche,40.99,St Marche,250.0,101g_250g,16.396,81.98,
Cápsula Dolce Gusto Cappuccino Doce de Leite Com 10 Unidades 170g,Dolce Gusto,31.99,St Marche,170.0,101g_250g,18.81764705882353,94.08823529411764,3.199
Cápsulas de Café 3 Corações Máximo Especiais Com 10 Unidades,3 Corações,24.99,St Marche,,sem_peso,,,2.499
Café Espresso Nespresso Pike Place STARBUCKS 53g,Starbucks,32.99,St Marche,53.0,ate_100g,62.24528301886792,311.22641509433964,
Café em Cápsula Torrado e Moído Forte Espresso Illy Caixa 57g 10 Unidades,Illy,29.9,St Marche,57.0,ate_100g,52.45614035087719,262.280701754386,2.99
Cápsula de Café Clássico BAGGIO Com 10 Cápsulas,Baggio,29.49,St Marche,,sem_peso,,,2.949
Café Solúvel em Pó Espresso Suave Nescafé Gold Sachê 40g,Nescafé,14.49,St Marche,40.0,ate_100g,36.225,181.125,
Café Bravo Premium Grãos 500g,St. Marche,45.5,St Marche,500.0,251g_500g,9.1,45.5,
Cápsulas de Café Com Leite Cappuccino 3 CORAÇÕES Com 10 Cápsulas,3 Corações,26.9,St Marche,,sem_peso,,,2.69
Café Cafellow Sachê Determinado 10 Unidades,St. Marche,49.9,St Marche,,sem_peso,,,4.99
Cápsula de Café Espresso Atento 3 CORAÇÕES 10 Cápsulas,3 Corações,26.9,St Marche,,sem_peso,,,2.69
Cápsula Dolce Gusto Lungo Com 10 Unidades 70g,Dolce Gusto,25.99,St Marche,70.0,ate_100g,37.12857142857143,185.64285714285717,2.599
Cápssulas 3 Corações Portinari Coado Com 8 Unidades,3 Corações,26.9,St Marche,,sem_peso,,,3.3625
Café Solúvel NESCAFÉ Original Extraforte 100g,Nescafé,33.99,St Marche,100.0,ate_100g,33.99,169.95000000000002,
Café Villa Piva Torrado e Moído Especial 25g,Villa Piva,38.69,St Marche,25.0,ate_100g,154.76,773.8,
"Cápsula de Café Espresso Decaf, TRES, 3 CORAÇÕES 10 unidades",3 Corações,17.93,St Marche,,sem_peso,,,1.793
Cápsulas Café L'OR Onyx 10 Unidades,L'OR,30.99,St Marche,,sem_peso,,,3.099
Café 3 CORAÇÕES Cápsulas Espresso Supremo Com 10 Cápsulas,3 Corações,26.9,St Marche,,sem_peso,,,2.69
Cápsulas de Café Pilão Arábica Clássico Com 10 Unidades,St. Marche,24.99,St Marche,,sem_peso,,,2.499
Cápsulas 3 Corações Café Portinari Com 8 Unidades,3 Corações,26.9,St Marche,,sem_peso,,,3.3625
Café em Cápsula L'or Torrado e Moído Espresso Último 52g 10 Unidades,L'OR,30.99,St Marche,52.0,ate_100g,59.59615384615384,297.9807692307692,3.099
Cápsulas de Café Orfeu Nespresso Forte 10 Unidades,St. Marche,29.99,St Marche,,sem_peso,,,2.999
Cappuccino Pote Classic 3 CORAÇÕES 200g,3 Corações,23.98,St Marche,200.0,101g_250g,11.99,59.95,
Café Premium Vácuo 3 CORAÇÕES 500g,3 Corações,45.49,St Marche,500.0,251g_500g,9.098,45.49,
Café Solúvel Lor Liofilizado Classique 84g,L'OR,37.99,St Marche,84.0,ate_100g,45.22619047619048,226.1309523809524,
Café Torrado e Moído 3 CORAÇÕES Estrada Real Premium Pacote 500g,3 Corações,45.49,St Marche,500.0,251g_500g,9.098,45.49,
Cápsulas Nescafé Kopenhagen Língua de Gato Com 10 Unidades,St. Marche,31.99,St Marche,,sem_peso,,,3.199
Cápsula de Café BAGGIO Chocolate Com Avelã Com 10 Cápsulas 50g,Baggio,29.49,St Marche,50.0,ate_100g,58.98,294.9,2.949
Café Nescafé Gold Solúvel 5 Liofilizado 40g,St. Marche,11.9,St Marche,40.0,ate_100g,29.75,148.75,
Café Torrado e Moído 3 CORAÇÕES Dark Roast Gourmet Pacote 250g,3 Corações,35.99,St Marche,250.0,101g_250g,14.396,71.98,
Café Solúvel NESCAFÉ Matinal Suave 160g,Nescafé,43.9,St Marche,160.0,101g_250g,27.4375,137.1875,
Café Bravo Premium Torrado e Moído Clara 500g,St. Marche,31.9,St Marche,500.0,251g_500g,6.38,31.9,
Café Bravo Premium Torrado e Moído 250g,St. Marche,26.9,St Marche,250.0,101g_250g,10.76,53.8,
Cápsulas de Café ORFEU Clássico com 10 Unidades 50g,Orfeu,32.99,St Marche,50.0,ate_100g,65.98,329.90000000000003,3.2990000000000004
Cápsulas de Café ORFEU Intenso com 10 Unidades 50g,Orfeu,32.99,St Marche,50.0,ate_100g,65.98,329.90000000000003,3.2990000000000004
Cápsulas de Café Nescafé Gold Expresso Com 10 Unidades,St. Marche,31.99,St Marche,,sem_peso,,,3.199
Café Pilão Torrado E Moído Tradicional Abre&Fecha 500g,Pilão,36.99,St Marche,500.0,251g_500g,7.398000000000001,36.99,
Café em Cápsula Torrado e Moído STARBUCKS Blonde Espresso Roast Caixa 53g 10 Unidades,Starbucks,32.99,St Marche,53.0,ate_100g,62.24528301886792,311.22641509433964,3.2990000000000004
Café Solúvel L'OR Espresso 40g,L'OR,13.99,St Marche,40.0,ate_100g,34.975,174.875,
Café a Vácuo Torrado e Moído Extra Forte PILÃO 500g,Pilão,36.99,St Marche,500.0,251g_500g,7.398000000000001,36.99,
Cappuccino Zero Lactose Balance 3 CORAÇÕES 180g,3 Corações,30.99,St Marche,180.0,101g_250g,17.216666666666665,86.08333333333333,
Cápsula HAVANA Cappuccino 3 Corações Com 10 Cápsulas,Havanna,26.9,St Marche,,sem_peso,,,2.69
Cápsulas de Café Pilão Arábica Intenso Com 10 Unidades,St. Marche,24.99,St Marche,,sem_peso,,,2.499
Café em Cápsula Torrado e Moído Intenso Espresso Illy Caixa 57g 10 Unidades,Illy,29.9,St Marche,57.0,ate_100g,52.45614035087719,262.280701754386,2.99
Café em Cápsulas Pilão Torrado e moído Extraforte 104g 20 Unidades,Pilão,52.49,St Marche,104.0,101g_250g,50.47115384615385,252.35576923076923,2.6245000000000003
Cápsulas de Café Nescafé Brasil Original Com 10 Unidades 52g,Nescafé,26.99,St Marche,52.0,ate_100g,51.90384615384615,259.5192307692308,2.699
Café Tradicional 3 CORAÇÕES 500g,3 Corações,36.99,St Marche,500.0,251g_500g,7.398000000000001,36.99,
Café BAGGIO Torrado e Moído Chocolate com Avelã 250g,Baggio,42.49,St Marche,250.0,101g_250g,16.996,84.98,
Cafe 3 Corações Torrado e Moído Rituais Frutas Secas 250g,3 Corações,40.99,St Marche,250.0,101g_250g,16.396,81.98,
Cápsula de Café LOR Epresso de Caramelo Com 10 Unidades,L'OR,30.99,St Marche,,sem_peso,,,3.099
Café Torrado e Moído BRAVO Pacote 500g,Bravo Café,41.9,St Marche,500.0,251g_500g,8.38,41.9,
Cápsula Dolce Gusto Café Caseiro Com 10 Unidades 90g,Dolce Gusto,25.99,St Marche,90.0,ate_100g,28.877777777777773,144.38888888888889,2.599
Café 3 Corações em Cápsulas Rituais Exótico 8 Unidades,3 Corações,26.9,St Marche,,sem_peso,,,3.3625
Café Torrado e Moído House Blend Torra Média STARBUCKS 250g,Starbucks,48.99,St Marche,250.0,101g_250g,19.596,97.98,
Cápsulas Nescafé Kopenhagen Lajotinha Com 10 Unidades,St. Marche,31.99,St Marche,,sem_peso,,,3.199
Café Torrado e Moído Tradicional MELITTA Caixa 500g,Melitta,41.5,St Marche,500.0,251g_500g,8.3,41.5,
Café Baobá Especial Premium Grãos 250g,Baobá,50.39,St Marche,250.0,101g_250g,20.156,100.78,
Cápsula de Café Starbucks Capuccino com 10 Unidades 100g,Starbucks,32.98,St Marche,100.0,ate_100g,32.98,164.89999999999998,3.298
Cápsula de Chocolatto 3 CORAÇÕES 10 Cápsulas,3 Corações,26.9,St Marche,,sem_peso,,,2.69
Café Torrado e Moído Pike Place Torra Média STARBUCKS 250g,Starbucks,48.99,St Marche,250.0,101g_250g,19.596,97.98,
Café Gourment Torrado e Moído Cerrado Mineiro 3 CORAÇÕES 250g,3 Corações,35.99,St Marche,250.0,101g_250g,14.396,71.98,
Cápsulas Dolce Gusto Pingado com 10 Unidades 140g,Dolce Gusto,25.99,St Marche,140.0,101g_250g,18.564285714285717,92.82142857142856,2.599
Café a Vácuo Torrado e Moído Tradicional PILÃO 500g,Pilão,36.99,St Marche,500.0,251g_500g,7.398000000000001,36.99,
Café Espresso Nespresso Colombia STARBUCKS 57g,Starbucks,32.99,St Marche,57.0,ate_100g,57.87719298245615,289.3859649122808,
Cápsula de Café TRÊS CORAÇÕES Baileys Supremo Macchiato 11g,3 Corações,26.9,St Marche,11.0,ate_100g,244.54545454545453,1222.7272727272727,
Cápsulas de Café Nescafé Índia Original Com 10 Unidades 53g,Nescafé,26.99,St Marche,53.0,ate_100g,50.92452830188678,254.62264150943392,2.699
Café Baobá Especial Premium Moído 250g,Baobá,50.29,St Marche,250.0,101g_250g,20.116,100.58,
Cápsulas Café L'OR Colômbia 10 Unidades,L'OR,30.99,St Marche,,sem_peso,,,3.099
Café LOR Delicado Torrado Moído 250g,L'OR,30.49,St Marche,250.0,101g_250g,12.196,60.98,
Café Gourment Torrado e Moído Sul de Minas 3 CORAÇÕES 250g,3 Corações,35.99,St Marche,250.0,101g_250g,14.396,71.98,
Capsulas de Alumínio Café Descafeínado 5g,3 Corações,24.99,St Marche,5.0,ate_100g,499.8,2498.9999999999995,
Cápsulas Café L'OR Ristretto 20 Unidades,L'OR,52.49,St Marche,,sem_peso,,,2.6245000000000003
Café em Cápsula Pilão Torrado e Moído Espresso Extraforte 52g 10 Unidades,Pilão,24.99,St Marche,52.0,ate_100g,48.05769230769231,240.28846153846155,2.499
Café Torrado e Moído STARBUCKS Colômbia 250g,Starbucks,48.99,St Marche,250.0,101g_250g,19.596,97.98,
Cápsula de Café Chocolate Trufado BAGGIO Com 10 Cápsulas,Baggio,29.49,St Marche,,sem_peso,,,2.949
Cappuccino 3 CORAÇÕES Light Solúvel Sachê Com 10 Unidades,3 Corações,22.9,St Marche,,sem_peso,,,2.29
Kit Cáspsula de Café STARBUCK 4 Unidades Com Uma Caneca Grátis,Starbucks,119.9,St Marche,,sem_peso,,,29.975
"Cápsula Dolce Gusto Latte Mach Com 10 Unidades 112,5g",Dolce Gusto,25.99,St Marche,112.5,101g_250g,23.10222222222222,115.5111111111111,2.599
Café Espresso Grãos CAFÉ DO PONTO 1kg,Café do Ponto,165.29,St Marche,1000.0,501g_1kg,16.529,82.645,
Cápsula Dolce Gusto Nescau Com 10 Unidades 170g,Dolce Gusto,31.99,St Marche,170.0,101g_250g,18.81764705882353,94.08823529411764,3.199
Café Solúvel Nescafé Tradição 40g,Nescafé,10.09,St Marche,40.0,ate_100g,25.225,126.125,
Café Com Leite 3 CORAÇÕES Solúvel em Pó Com Cálcio Lata 300g,3 Corações,26.49,St Marche,300.0,251g_500g,8.829999999999998,44.14999999999999,
Cápsula Dolce Gusto Cappuccino Com 10 Unidades 117g,Dolce Gusto,25.99,St Marche,117.0,101g_250g,22.213675213675213,111.06837606837608,2.599
Cápsulas de Café Nescafé Africas Com 10 Unidades,St. Marche,26.49,St Marche,,sem_peso,,,2.649
Café 3 CORAÇÕES Solúvel Liofilizado 100% Arábica Vidro 100g,3 Corações,35.99,St Marche,100.0,ate_100g,35.99,179.95,
Cápsulas de Café Intenso FAZENDA PESSEGUEIRO Com 10 Cápsulas,Café Fazenda Pessegueiro,37.19,St Marche,,sem_peso,,,3.719
Café Pilão Torrado E Moído Tradicional Almofada 500g,Pilão,36.99,St Marche,500.0,251g_500g,7.398000000000001,36.99,
Cápsula Dolce Gusto Espresso Intenso Com 10 Unidades 80g,Dolce Gusto,25.99,St Marche,80.0,ate_100g,32.4875,162.43749999999997,2.599
Café a Vácuo Torrado e Moído Extra Forte CAFÉ DO PONTO 500g,Café Do Ponto,47.99,St Marche,500.0,251g_500g,9.598,47.99,
Café Descafeinado em Pó Torrado e Moído Vácuo 3 CORAÇÕES 250G,3 Corações,33.49,St Marche,250.0,101g_250g,13.396,66.98,
Café a Vácuo Torrado e Moído tipo Exportação CAFÉ DO PONTO 500g,Café Do Ponto,47.99,St Marche,500.0,251g_500g,9.598,47.99,
Café Torrado e Moído Fazenda PESSEGUEIRO 250g,Café Fazenda Pessegueiro,32.99,St Marche,250.0,101g_250g,13.196000000000002,65.98,
Café Torrado e Moído Tradicional Vácuo 3 CORAÇÕES 500g,3 Corações,41.5,St Marche,500.0,251g_500g,8.3,41.5,
Café Gourment Torrado e Moído Mogiana Paulista 3 CORAÇÕES 250g,3 Corações,35.99,St Marche,250.0,101g_250g,14.396,71.98,
Café Solúvel Tradicional 3 CORAÇÕES 100g,3 Corações,29.99,St Marche,100.0,ate_100g,29.99,149.95,
Cápsulas Café Pilão Expresso 52g com 10 Unidades,Pilão,24.99,St Marche,52.0,ate_100g,48.05769230769231,240.28846153846155,2.499
Café BAGGIO Aromas Caramelo Torrado e Moído 250g,Baggio,42.49,St Marche,250.0,101g_250g,16.996,84.98,
Cápsula Dolce Gusto Orgânico Com 10 Unidades 80g,Dolce Gusto,31.99,St Marche,80.0,ate_100g,39.9875,199.9375,3.199
Café Torrado e Moído Descafeinado PILÃO 250g,Pilão,34.49,St Marche,250.0,101g_250g,13.796,68.98,
Cápsula de Café BAGGIO Vanilla Com 10 Cápsulas 50g,Baggio,29.49,St Marche,50.0,ate_100g,58.98,294.9,2.949
Cappuccino Pote Diet 3 CORAÇÕES 150g,3 Corações,27.29,St Marche,150.0,101g_250g,18.19333333333333,90.96666666666668,
Café BAGGIO Aromas Chocolate Trufado Torrado e Moído 250g,Baggio,42.49,St Marche,250.0,101g_250g,16.996,84.98,
Cápsulas Café L'OR Sontuoso 10 Unidades,L'OR,30.99,St Marche,,sem_peso,,,3.099
Café em Cápsula Torrado e Moído Clássico Espresso Illy Caixa 57g 10 Unidades,Illy,29.9,St Marche,57.0,ate_100g,52.45614035087719,262.280701754386,2.99
Cápsulas de Café 3 Corações Especiais Peru Com 10 Unidades,3 Corações,24.99,St Marche,,sem_peso,,,2.499
Café Torrado e Moído Extraforte MELITTA Caixa 500g,Melitta,41.5,St Marche,500.0,251g_500g,8.3,41.5,
Café Extra Forte 3 CORAÇÕES 500g,3 Corações,36.99,St Marche,500.0,251g_500g,7.398000000000001,36.99,
Cápsula de Café Aroma Caramelo BAGGIO Com 10 Cápsulas,Baggio,29.49,St Marche,,sem_peso,,,2.949
Cápsulas Café L'OR Forza 10 Unidades,L'OR,30.99,St Marche,,sem_peso,,,3.099
Cápsulas de Café Nescafé South Asia com 12 Unidades,St. Marche,26.49,St Marche,,sem_peso,,,2.2075
Cápsula de Café 3 CORAÇÕES Nespresso Intenso 50g,3 Corações,24.99,St Marche,50.0,ate_100g,49.98,249.9,
Cápsulas de Café Nescafé México 44g,Nescafé,26.98,St Marche,44.0,ate_100g,61.31818181818181,306.59090909090907,
Café Solúvel Nescafé Matinal Suave 40g,Nescafé,9.69,St Marche,40.0,ate_100g,24.225,121.125,
Café Solúvel Liofilizado Orgânico Native Vidro 90g,Native,17.99,Paodeacucar,90.0,ate_100g,19.988888888888887,99.94444444444444,
Café Solúvel Granulado Suave Nescafé Matinal Sachê Leve 40g Pague 36g,Nescafé,20.13,Paodeacucar,36.0,ate_100g,55.91666666666666,279.5833333333333,
Café em Cápsula Torrado e Moído Caseiro Delicate Nescafé Dolce Gusto Pacote 69g 10 Unidades,Nescafé Dolce Gusto,9.99,Paodeacucar,69.0,ate_100g,14.47826086956522,72.3913043478261,0.999
Café em Cápsula Torrado e Moído Lungo Intenso Pilão Caixa 52g 10 Unidades,Constantino,16.9,Paodeacucar,52.0,ate_100g,32.49999999999999,162.49999999999997,1.69
Café Solúvel Liofilizado Avelã Juan Valdez Vidro 95g,Juan Valdez,34.99,Paodeacucar,95.0,ate_100g,36.83157894736842,184.1578947368421,
Café em Cápsula Torrado e Moído Espresso Juan Valdez Mujeres Cafeteras Caixa 45g 8 Unidades,Juan Valdez,69.9,Paodeacucar,45.0,ate_100g,155.33333333333334,776.6666666666667,8.7375
Café em Cápsula Torrado e Moído Lungo Nescafé Dolce Gusto Caixa 70g 10 Unidades,Nescafé,10.49,Paodeacucar,70.0,ate_100g,14.985714285714286,74.92857142857143,1.049
Café em Cápsula Torrado e Moído Clássico Orfeu Caixa 50g 10 Unidades,Astro Cafe,9.49,Paodeacucar,50.0,ate_100g,18.98,94.9,0.949
Café em Cápsula Torrado e Moído Clássico Baggio Caixa 50g 10 Unidades,pa,39.58,Paodeacucar,50.0,ate_100g,79.16,395.8,3.958
Café Torrado em Grãos Japy Orfeu Varietais Pacote 250g,Embafreezer,19.98,Paodeacucar,250.0,101g_250g,7.992000000000001,39.96,
Café Constantino moído 500g,Constantino,59.9,Paodeacucar,500.0,251g_500g,11.98,59.9,
Café Torrado e Moído Bravo Café Pacote 500g,Bravo Cafe,39.39,Paodeacucar,500.0,251g_500g,7.878,39.39,
Café Solúvel Liofilizado Qualitá Exclusive Vidro 200g,QUALITA,28.39,Paodeacucar,200.0,101g_250g,14.195,70.975,
Café Solúvel Liofilizado L'or Ultimo Vidro 84g,Juan Valdez,26.99,Paodeacucar,84.0,ate_100g,32.13095238095238,160.65476190476187,
Café Solúvel Liofilizado Intense Lor Sachê 40g,Santa Monica,22.99,Paodeacucar,40.0,ate_100g,57.475,287.375,
Café em Cápsula Torrado e Moído Coconut Qualitá Exclusive Caixa 50g 10 Unidades,Qualitá Exclusive,13.49,Paodeacucar,50.0,ate_100g,26.98,134.9,1.349
Café com Leite Solúvel Nescafé Lata 300g,Nescafé,28.99,Paodeacucar,300.0,251g_500g,9.663333333333334,48.31666666666667,
Café em Cápsula Torrado e Moído Americano Starbucks House Blend Nescafé Dolce Gusto Pacote 77g 10 Unidades,Nescafé Dolce Gusto,13.99,Paodeacucar,77.0,ate_100g,18.16883116883117,90.84415584415584,1.399
Café em Cápsula Torrado e Moído Blonde Espresso Roast Starbucks Caixa 53g 10 Unidades,Starbucks,32.99,Paodeacucar,53.0,ate_100g,62.24528301886792,311.22641509433964,3.2990000000000004
Café Torrado e Moído Peneirando Café 1957 3 Corações Portinari Pacote 250g,3 Corações,139.9,Paodeacucar,250.0,101g_250g,55.96,279.8,
Café em Cápsula Torrado e Moído Espresso Roast Starbucks Caixa 57g 10 Unidades,Starbucks,3.09,Paodeacucar,57.0,ate_100g,5.421052631578947,27.105263157894736,0.309
Café em Cápsula Torrado e Moído Bourbon Amarelo Orfeu Caixa 50g 10 Unidades,Orfeu,17.99,Paodeacucar,50.0,ate_100g,35.98,179.89999999999998,1.799
Café Torrado e Moído Mogiana Lor Gourmet Pouch 250g,L'OR,38.99,Paodeacucar,250.0,101g_250g,15.596000000000002,77.98,
Café Torrado e Moído Colômbia Starbucks Single-Origin Pacote 250g,Starbucks,51.9,Paodeacucar,250.0,101g_250g,20.76,103.8,
Café Torrado e Moído Coado a Vácuo Pilão Cafeteria Pacote 500g,Pilão,12.49,Paodeacucar,500.0,251g_500g,2.498,12.49,
Café Torrado em Grãos Espresso Café do Ponto Pacote 1kg,do Ponto,19.99,Paodeacucar,1000.0,501g_1kg,1.999,9.995,
Café em Cápsula Torrado e Moído Espresso Caramelo Lor Flavours Collection Caixa 52g 10 Unidades,L'OR,5.34,Paodeacucar,52.0,ate_100g,10.26923076923077,51.34615384615385,0.534
CaféTorrado e Moído Tradicional Qualitá Pacote 250g,Qualitá,18.49,Paodeacucar,250.0,101g_250g,7.396,36.98,
Café Torrado e Moído NESCAFÉ Gold Equilibrado 250g,Nescafé Gold,32.79,Paodeacucar,250.0,101g_250g,13.116,65.58,
Café Solúvel Sachê Nescafé Ice 40g,pa,9.99,Paodeacucar,40.0,ate_100g,24.975,124.875,
Café em Cápsula Torrado e Moído Ristretto Shot Starbucks Caixa 57g 10 Unidades,pa,17.59,Paodeacucar,57.0,ate_100g,30.859649122807014,154.29824561403507,1.759
Café Torrado e Moído Orgânico Taeq Caixa 250g,Taeq,39.99,Paodeacucar,250.0,101g_250g,15.996000000000002,79.98,
Café em Grãos Clássico Qualitá Gourmet Pacote 250g,Qualitá,38.99,Paodeacucar,250.0,101g_250g,15.596000000000002,77.98,
Café Pó Moído 125g Descafeinado,Illy,5.89,Paodeacucar,125.0,101g_250g,4.712,23.56,
Café Torrado e Moído Pilão 252 Graus Pouch 500g,Pilão,36.99,Paodeacucar,500.0,251g_500g,7.398000000000001,36.99,
Café Orfeu Clássico em cápsulas 20 unidades Orfeu Cápsula Clássico - 20 Unid,Orfeu,55.9,Paodeacucar,,sem_peso,,,2.795
Drip Coffee - Qualitá Premium 100g,Qualitá,22.99,Paodeacucar,100.0,ate_100g,22.99,114.95,
Café Torrado e Moído a Vácuo Tradicional União Pacote 500g,União,26.89,Paodeacucar,500.0,251g_500g,5.378,26.89,
Café Solúvel em Pó Tradicional 3 Corações Lata 160g,3 Corações,29.99,Paodeacucar,160.0,101g_250g,18.74375,93.71875,
Cápsulas Constantino cx 10 unid.,Constantino,34.99,Paodeacucar,,sem_peso,,,3.499
Café Torrado e Moído Tradicional Qualitá Pacote 500g,Qualitá,27.99,Paodeacucar,500.0,251g_500g,5.598,27.99,
Café em Cápsula Torrado e Moído Espresso Colômbia Tres Regiões do Mundo Caixa 80g 10 Unidades,Três,26.99,Paodeacucar,80.0,ate_100g,33.7375,168.6875,2.699
Café Torrado e Moído Baggio Caffé.com Premium Pacote 250g,Baggio,24.99,Paodeacucar,250.0,101g_250g,9.996,49.98,
Café Constantino grão 500g,Constantino,59.9,Paodeacucar,500.0,251g_500g,11.98,59.9,
Café em Cápsula Torrado e Moído Descafeinado Baggio Caixa 50g 10 Unidades,Baggio,24.99,Paodeacucar,50.0,ate_100g,49.98,249.9,2.499
Café Torrado e Moído Orgânico Astro Café Pacote 250g,Astro Cafe,33.99,Paodeacucar,250.0,101g_250g,13.596,67.98,
Café em Cápsula Torrado e Moído Clássico Qualitá 50g 10 Unidades,Qualitá,21.99,Paodeacucar,50.0,ate_100g,43.98,219.9,2.199
Café Santa Monica Orgânico em cápsulas 10 unidades Café Santa Mônica | Orgânico - 10 unid. Compatível Nespresso,Santa Monica,27.99,Paodeacucar,,sem_peso,,,2.799
Café Torrado e Moído Sul de Minas Café do Centro Gourmet Pacote 250g,Café do Centro,33.99,Paodeacucar,250.0,101g_250g,13.596,67.98,
Café Torrado e Moído Juan Valdez Colina Pouch 250g,Juan Valdez,9.99,Paodeacucar,250.0,101g_250g,3.996,19.98,
Café em Cápsula Torrado e Moído Gingerbread Qualitá Exclusive 50g 10 Unidades,Qualitá Exclusive,21.99,Paodeacucar,50.0,ate_100g,43.98,219.9,2.199
Café em Grãos Intenso Qualitá Gourmet Pacote 250g,Qualitá,38.99,Paodeacucar,250.0,101g_250g,15.596000000000002,77.98,
Café em Cápsula Torrado e Moído Caramelo Qualitá Caixa 50g 10 Unidades,Qualitá,21.99,Paodeacucar,50.0,ate_100g,43.98,219.9,2.199
Café Solúvel Liofilizado Imola Intenso L'or Passione Rossa Vidro 84g,L'OR,19.99,Paodeacucar,84.0,ate_100g,23.797619047619044,118.98809523809524,
Café Em Cápsula Torrado E Moído Nuts Glaceadas Qualitá Nutty Bavarian Caixa 50G,Qualitá,21.99,Paodeacucar,50.0,ate_100g,43.98,219.9,
Café Torrado e Moído Extraforte Café Brasileiro Pacote 500g,Café Brasileiro,25.49,Paodeacucar,500.0,251g_500g,5.098,25.49,
Café em Cápsula Torrado e Moído Espresso Avelã L'or Flavours Collection Caixa 52g 10 Unidades,L'OR,30.99,Paodeacucar,52.0,ate_100g,59.59615384615384,297.9807692307692,3.099
Café em Cápsula Torrado e Moído Espresso Extremo Pilão Caixa 52g 10 Unidades,Orfeu,55.9,Paodeacucar,52.0,ate_100g,107.5,537.5,5.59
Café Torrado em Grãos Prima Qualità Gourmet Pacote 1kg,Prima Qualitá,27.49,Paodeacucar,1000.0,501g_1kg,2.749,13.745,
Café em Cápsula Torrado e Moído Colômbia Qualitá Gourmet Caixa 50g 10 Unidades,Qualitá,21.99,Paodeacucar,50.0,ate_100g,43.98,219.9,2.199
Café Solúvel NESCAFÉ Gold 100g,Nescafé Gold,16.79,Paodeacucar,100.0,ate_100g,16.79,83.95,
Café Solúvel Liofilizado L'or Ultimo Sachê 40g,L'OR,8.44,Paodeacucar,40.0,ate_100g,21.1,105.5,
Cápsula União Velluto 10 unidades,União,24.99,Paodeacucar,,sem_peso,,,2.499
Café Solúvel Granulado Qualitá Sachê 100g,Qualitá,18.99,Paodeacucar,100.0,ate_100g,18.99,94.95,
Café Torrado em Capsulas Tereza do Quilombo 50g,pa,30.99,Paodeacucar,50.0,ate_100g,61.98,309.90000000000003,
Café Torrado e Moído a Vácuo Extraforte 3 Corações Pacote 250g,3 Corações,22.99,Paodeacucar,250.0,101g_250g,9.196,45.98,
Café Solúvel Liofilizado Intensidade 5 Nescafé Gold Sachê 40g,pa,11.59,Paodeacucar,40.0,ate_100g,28.975,144.875,
Café UNIÃO Extraforte Pouch 250g,Café União Pouch 250g,16.99,Paodeacucar,250.0,101g_250g,6.795999999999999,33.98,
Café Seleto Tradicional a Vácuo 500g,União,29.99,Paodeacucar,500.0,251g_500g,5.998,29.99,
Café com Leite Solúvel Clássico Melitta Lata 200g,Melitta,16.99,Paodeacucar,200.0,101g_250g,8.495,42.475,
Café Solúvel Liofilizado Qualitá Exclusive Vidro 100g,Qualitá Exclusive,32.39,Paodeacucar,100.0,ate_100g,32.39,161.95000000000002,
Café Torrado e Moído Extraforte Qualitá Pacote 500g,Qualitá,34.99,Paodeacucar,500.0,251g_500g,6.998,34.99,
Café Torrado e Moído Bravo Café Tenor Pacote 250g,Bravo Cafe,23.99,Paodeacucar,250.0,101g_250g,9.595999999999998,47.98,
"Café em Cápsula Torrado e Moído Ristretto Áfricas Nescafé Farmers Origins Caixa 79,2g 18 Unidades",Nescafé,45.95,Paodeacucar,79.2,ate_100g,58.017676767676775,290.0883838383839,2.552777777777778
Café Illy moído Etiópia 125 g,Illy,24.99,Paodeacucar,125.0,101g_250g,19.992,99.96,
Café Solúvel Liofilizado Intensidade 7 Nescafé Gold Sachê 40g,pa,11.59,Paodeacucar,40.0,ate_100g,28.975,144.875,
Café em Cápsula Torrado e Moído Espresso Índia Nescafé Farmers Origins Caixa 44g 10 Unidades,Pilão,27.94,Paodeacucar,44.0,ate_100g,63.5,317.5,2.794
Café Solúvel Granulado Descafeinado 3 Corações Sachê 40g,3 Corações,15.49,Paodeacucar,40.0,ate_100g,38.725,193.625,
Café em Cápsula Torrado e Moído Nescafé Dolce Gusto Gold Caixa 60g 10 Unidades,Nescafé Dolce Gusto,29.99,Paodeacucar,60.0,ate_100g,49.98333333333333,249.91666666666663,2.999
Café em Sachê Torrado e Moído Drip Coffee Exótico 3 Corações Rituais 85+ Envelope 12g,3 Corações,27.49,Paodeacucar,12.0,ate_100g,229.0833333333333,1145.4166666666663,
Café em Cápsula Torrado e Moído Orgânico Café Native One Caixa 50g 10 Unidades,Native,45.99,Paodeacucar,50.0,ate_100g,91.98,459.9,4.599
Café Torrado e Moído Starbucks House Blend Pacote 250g,Starbucks,41.52,Paodeacucar,250.0,101g_250g,16.608,83.04,
Cápsula União Ristretto 10 unidades,União,24.99,Paodeacucar,,sem_peso,,,2.499
Café Torrado e Moído Japy Orfeu Varietais Caixa 250g,Orfeu,46.99,Paodeacucar,250.0,101g_250g,18.796000000000003,93.98,
Café em Cápsula Torrado e Moído Espresso Mestre Yoda Star Wars 3 Corações Caixa 10 Unidades 8g Cada,3 Corações,23.99,Paodeacucar,8.0,ate_100g,299.875,1499.375,2.399
Café Solúvel Liofilizado Intenso Nescafé Gold Vidro 100g,pa,35.19,Paodeacucar,100.0,ate_100g,35.19,175.95,
Café Torrado e Moído Arara Orfeu Varietais Caixa 250g,Orfeu,46.99,Paodeacucar,250.0,101g_250g,18.796000000000003,93.98,
Cápsula de Café Avelã QUALITÁ 50g,Qualitá,21.99,Paodeacucar,50.0,ate_100g,43.98,219.9,
Café Torrado e Moído Bravo Premium 500g,Bravo,38.99,Paodeacucar,500.0,251g_500g,7.798000000000001,38.99,
Café em Cápsula Peneirando Café 1957 3 Corações Portinari Caixa 80g 10 Unidades,3 Corações,26.99,Paodeacucar,80.0,ate_100g,33.7375,168.6875,2.699
Café Italiano ILLY GRÃO Lata 250g,Illy,51.9,Paodeacucar,250.0,101g_250g,20.76,103.8,
Café em Cápsula Torrado e Moído Descafeinado Orfeu Caixa 50g 10 Unidades,Orfeu,33.99,Paodeacucar,50.0,ate_100g,67.98,339.90000000000003,3.399
Café Constantino moído 250g,Constantino,35.99,Paodeacucar,250.0,101g_250g,14.396,71.98,
Café Torrado e Moído Baggio Caffé.com Premium Pacote 250g,pa,60.99,Paodeacucar,250.0,101g_250g,24.396,121.98,
Café Torrado e Moído Dandara do Quilombo Pacote 250g,pa,28.99,Paodeacucar,250.0,101g_250g,11.596,57.98,
Café Torrado e Moído Superior Prima Qualità Mister Pacote 500g,Prima Qualitá,49.99,Paodeacucar,500.0,251g_500g,9.998,49.99,
Café Torrado e Moído Mogiana Café do Centro Gourmet Pacote 250g,Café do Centro,33.99,Paodeacucar,250.0,101g_250g,13.596,67.98,
Café Torrado e Moído Intenso Lor Torras Gourmet Sachê 250g,L'OR,21.44,Paodeacucar,250.0,101g_250g,8.576,42.88,
Café em Cápsula Torrado e Moído Nescafé Dolce Gusto Gold Caixa 80g 10 Unidades,Nescafé Dolce Gusto,29.99,Paodeacucar,80.0,ate_100g,37.4875,187.4375,2.999
Café Torrado e Moído Intenso Nescafé Gold Pacote 250g,Nescafé Gold,32.79,Paodeacucar,250.0,101g_250g,13.116,65.58,
Café em Cápsula Torrado e Moído Ristretto Espresso Imola L'or Passione Rossa Caixa 52g 10 Unidades,L'OR,15.1,Paodeacucar,52.0,ate_100g,29.038461538461537,145.19230769230768,1.51
Café Torrado em Grãos Anastácia do Quilombo 250g,pa,26.99,Paodeacucar,250.0,101g_250g,10.796,53.98,
Café Torrado e Moído Prima Qualità Gourmet Pacote 250g,C Annata,30.99,Paodeacucar,250.0,101g_250g,12.396,61.98,
Café Torrado e Moído a Vácuo Tradicional Qualitá Pacote 250g,Qualitá,18.49,Paodeacucar,250.0,101g_250g,7.396,36.98,
Café Orgânico GRÃO - 250g,Santa Monica,40.99,Paodeacucar,250.0,101g_250g,16.396,81.98,
Café Torrado e Moído Extraforte Pilão Pacote 500g,pa,27.49,Paodeacucar,500.0,251g_500g,5.497999999999999,27.49,
Café Torrado e Moído a Vácuo Tradicional Café do Ponto Pacote 500g,Café do Ponto,28.59,Paodeacucar,500.0,251g_500g,5.718,28.59,
Café em Cápsula NESCAFÉ DOLCE GUSTO Espresso 10 Cápsulas,Nescafé Dolce Gusto,25.99,Paodeacucar,,sem_peso,,,2.599
Café Torrado e Moído Meninos Soltando Pipas 1947 3 Corações Portinari Pacote 250g,3 Corações,32.99,Paodeacucar,250.0,101g_250g,13.196000000000002,65.98,
Café em Cápsula NESCAFÉ DOLCE GUSTO Mochaccino Canela 10 Cápsulas 172g,Nescafé Dolce Gusto,25.99,Paodeacucar,172.0,101g_250g,15.110465116279068,75.55232558139534,2.599
Café em Cápsula NESCAFÉ DOLCE GUSTO Café Au Lait 10 Cápsulas,Nescafé Dolce Gusto,27.99,Paodeacucar,,sem_peso,,,2.799
Café em Cápsula Espresso Forza Tres Caixa 10 Unidades 8g Cada,Três,26.99,Paodeacucar,8.0,ate_100g,337.375,1686.875,2.699
Café com Leite em Cápsula Supremo Macchiato 3 Corações Baileys Caixa 110g 10 Unidades,3 Corações,25.99,Paodeacucar,110.0,101g_250g,23.627272727272725,118.13636363636364,2.599
Café Torrado e Moído 3 Corações Gourmet Dark Roast Pacote 250g,3 Corações,34.99,Paodeacucar,250.0,101g_250g,13.996,69.98,
Café Torrado e Moído Cerrado Mineiro 3 Corações Gourmet Pacote 250g,3 Corações,32.99,Paodeacucar,250.0,101g_250g,13.196000000000002,65.98,
Café Torrado e Moído Mogiana Paulista 3 Corações Gourmet Pacote 250g,3 Corações,32.99,Paodeacucar,250.0,101g_250g,13.196000000000002,65.98,
Café Torrado e Moído Tradicional 3 Corações Pacote 250g,3 Corações,22.99,Paodeacucar,250.0,101g_250g,9.196,45.98,
Café Torrado e Moído a Vácuo Tradicional Qualitá Pacote 500g,Qualitá,27.99,Paodeacucar,500.0,251g_500g,5.598,27.99,
Café Torrado e Moído Intenso Pilão Pacote 500g,Pilão,27.49,Paodeacucar,500.0,251g_500g,5.497999999999999,27.49,
Café com Leite em Cápsula Latte Macchiato 3 Corações Caixa 10 Unidades 11g Cada,3 Corações,26.99,Paodeacucar,11.0,ate_100g,245.3636363636364,1226.8181818181818,2.699
Café Torrado e Moído Sul de Minas 3 Corações Gourmet Pacote 250g,3 Corações,32.99,Paodeacucar,250.0,101g_250g,13.196000000000002,65.98,
Café Torrado e Moído Tradicional Caboclo Pacote 500g,Caboclo,34.99,Paodeacucar,500.0,251g_500g,6.998,34.99,
Café em Cápsula NESCAFÉ DOLCE GUSTO Espresso Intenso 10 Cápsulas,Nescafé Dolce Gusto,25.99,Paodeacucar,,sem_peso,,,2.599
Café Torrado e Moído Tradicional Café Brasileiro Pacote 500g,Café Brasileiro,7.79,Paodeacucar,500.0,251g_500g,1.558,7.79,
Café em Cápsula Torrado e Moído Caseiro Nescafé Dolce Gusto Caixa 80g 10 Unidades,Nescafé Dolce Gusto,25.99,Paodeacucar,80.0,ate_100g,32.4875,162.43749999999997,2.599
Café Torrado e Moído Extraforte 3 Corações Pacote 250g,3 Corações,22.99,Paodeacucar,250.0,101g_250g,9.196,45.98,
Café au Lait em Cápsula Vanilla Nescafé Dolce Gusto Caixa 110g 10 Unidades,Nescafé Dolce Gusto,27.99,Paodeacucar,110.0,101g_250g,25.44545454545454,127.22727272727272,2.799
Café Torrado e Moído Tradicional União Pacote 500g,União,26.89,Paodeacucar,500.0,251g_500g,5.378,26.89,
Café em Cápsula Torrado e Moído Chocolate com Avelã Baggio Aromas Caixa 50g 10 Unidades,Baggio,24.99,Paodeacucar,50.0,ate_100g,49.98,249.9,2.499
Café Torrado e Moído Extraforte União Pacote 500g,União,26.89,Paodeacucar,500.0,251g_500g,5.378,26.89,
Café Torrado e Moído Bourbon Baggio Pacote 250g,Baggio,39.99,Paodeacucar,250.0,101g_250g,15.996000000000002,79.98,
Café em Cápsula Torrado e Moído Lungo Nescafé Dolce Gusto Caixa 70g 10 Unidades,Nescafé Dolce Gusto,25.99,Paodeacucar,70.0,ate_100g,37.12857142857143,185.64285714285717,2.599
Café com Leite em Cápsula Pingado Nescafé Dolce Gusto Caixa 140g 10 Unidades,Nescafé Dolce Gusto,27.99,Paodeacucar,140.0,101g_250g,19.992857142857144,99.96428571428572,2.799
Café Solúvel Granulado Suave Nescafé Matinal Sachê 40g,Nescafé,7.91,Paodeacucar,40.0,ate_100g,19.775,98.875,
Café em Cápsula Torrado e Moído Cerrado Mineiro 3 Corações Caixa 50g 10 Unidades,3 Corações,23.99,Paodeacucar,50.0,ate_100g,47.98,239.9,2.399
Café em Cápsula Torrado e Moído Espresso Índia Nescafé Farmers Origins Caixa 44g 10 Unidades,Nescafé,29.99,Paodeacucar,44.0,ate_100g,68.1590909090909,340.7954545454545,2.999
Café em Cápsula Torrado e Moído Amêndoas Torradas Baggio Aromas Caixa 50g 10 Unidades,Baggio,24.99,Paodeacucar,50.0,ate_100g,49.98,249.9,2.499
Café Solúvel Liofilizado Montanhas Capixabas Lor Vidro 84g,L'OR,19.49,Paodeacucar,84.0,ate_100g,23.20238095238095,116.01190476190474,
Café Solúvel em Pó Espresso Lor Sachê 40g,L'OR,9.09,Paodeacucar,40.0,ate_100g,22.725,113.625,
Café em Cápsula Torrado e Moído Espresso Baunilha Lor Flavours Collection Caixa 52g 10 Unidades,L'OR,30.99,Paodeacucar,52.0,ate_100g,59.59615384615384,297.9807692307692,3.099
Café Torrado e Moído Chocolate com Avelã Baggio Pacote 250g,Baggio,39.99,Paodeacucar,250.0,101g_250g,15.996000000000002,79.98,
Café em Cápsula Torrado e Moído Mogiana Paulista 3 Corações Caixa 50g 10 Unidades,3 Corações,23.99,Paodeacucar,50.0,ate_100g,47.98,239.9,2.399
Café Solúvel Granulado Descafeinado 3 Corações Vidro 50g,3 Corações,19.99,Paodeacucar,50.0,ate_100g,39.98,199.9,
Café Solúvel em Pó Espresso Lor Vidro 100g,L'OR,25.99,Paodeacucar,100.0,ate_100g,25.989999999999995,129.95,
Café em Cápsula Torrado e Moído Vanilla Baggio Aromas Caixa 50g 10 Unidades,Baggio,24.99,Paodeacucar,50.0,ate_100g,49.98,249.9,2.499
Café em Cápsula Torrado e Moído Intenso Espresso Illy Caixa 57g 10 Unidades,Illy,28.99,Paodeacucar,57.0,ate_100g,50.85964912280701,254.29824561403507,2.899
Café Torrado e Moído Delicado Lor Torras Gourmet Sachê 250g,L'OR,21.44,Paodeacucar,250.0,101g_250g,8.576,42.88,
Café em Cápsula Torrado e Moído Orgânico 3 Corações Caixa 50g 10 Unidades,3 Corações,23.99,Paodeacucar,50.0,ate_100g,47.98,239.9,2.399
Café Solúvel Granulado Tradicional 3 Corações Vidro 100g,3 Corações,29.99,Paodeacucar,100.0,ate_100g,29.99,149.95,
Café Torrado e Moído Colômbia Starbucks Single-Origin Pacote 250g,Orfeu,33.99,Paodeacucar,250.0,101g_250g,13.596,67.98,
Café com Leite Solúvel Original 3 Corações Lata 300g,3 Corações,27.99,Paodeacucar,300.0,251g_500g,9.33,46.65,
Café Torrado em Grãos Bourbon Amarelo Orfeu Pacote 250g,Orfeu,44.99,Paodeacucar,250.0,101g_250g,17.996000000000002,89.98,
Café Torrado e Moído Starbucks Caffè Verona Pacote 250g,Starbucks,41.52,Paodeacucar,250.0,101g_250g,16.608,83.04,
Café Torrado e Moído Orgânico Orfeu Caixa 250g,Orfeu,47.99,Paodeacucar,250.0,101g_250g,19.196,95.98,
Café Solúvel Liofilizado 3 Corações Vidro 100g,3 Corações,27.19,Paodeacucar,100.0,ate_100g,27.190000000000005,135.95000000000002,
Café em Cápsula Torrado e Moído Clássico Baggio Caixa 50g 10 Unidades,Baggio,24.99,Paodeacucar,50.0,ate_100g,49.98,249.9,2.499
Café em Cápsula Torrado e Moído Chocolate com Menta Baggio Aromas Caixa 50g 10 Unidades,Baggio,24.99,Paodeacucar,50.0,ate_100g,49.98,249.9,2.499
Café Torrado e Moído a Vácuo Extraforte Café do Ponto Pacote 500g,Café do Ponto,28.59,Paodeacucar,500.0,251g_500g,5.718,28.59,
Café Torrado em Grãos Orgânico Orfeu Pacote 250g,Orfeu,49.99,Paodeacucar,250.0,101g_250g,19.996,99.98,
Café em Cápsula Torrado e Moído Intenso 3 Corações Caixa 50g 10 Unidades,3 Corações,23.99,Paodeacucar,50.0,ate_100g,47.98,239.9,2.399
Café Torrado e Moído Tradicional Pilão Pouch 500g,Pilão,36.99,Paodeacucar,500.0,251g_500g,7.398000000000001,36.99,
Café em Cápsula Torrado e Moído Ristretto Espresso Lor Caixa 104g 20 Unidades,L'OR,59.9,Paodeacucar,104.0,101g_250g,57.59615384615384,287.9807692307692,2.995
Café em Cápsula Torrado e Moído Clássico Espresso Illy Caixa 57g 10 Unidades,Illy,28.99,Paodeacucar,57.0,ate_100g,50.85964912280701,254.29824561403507,2.899
Café Torrado e Moído a Vácuo Tradicional Caboclo Pacote 500g,Caboclo,34.99,Paodeacucar,500.0,251g_500g,6.998,34.99,
Café em Cápsula Torrado e Moído Intenso Orfeu Caixa 50g 10 Unidades,Orfeu,33.99,Paodeacucar,50.0,ate_100g,67.98,339.90000000000003,3.399
Café Torrado em Grãos Espresso Pilão Pouch 1kg,Pilão,103.94,Paodeacucar,1000.0,501g_1kg,10.394,51.97,
Café Torrado e Moído Clássico Orfeu Caixa 250g,Orfeu,43.99,Paodeacucar,250.0,101g_250g,17.596,87.98,
Café em Cápsula Torrado e Moído Starbucks Pike Place Roast Caixa 53g 10 Unidades,Starbucks,32.99,Paodeacucar,53.0,ate_100g,62.24528301886792,311.22641509433964,3.2990000000000004
Café em Cápsula Torrado e Moído Espresso Extraforte Pilão Caixa 104g 20 Unidades Embalagem Econômica,Pilão,45.99,Paodeacucar,104.0,101g_250g,44.22115384615385,221.10576923076923,2.2995
Café em Cápsula Torrado e Moído Ristretto Espresso Descafeinado Lor Caixa 52g 10 Unidades,L'OR,30.99,Paodeacucar,52.0,ate_100g,59.59615384615384,297.9807692307692,3.099
Café em Cápsula Torrado e Moído Espresso Fortíssimo Pilão Caixa 52g 10 Unidades,Pilão,24.99,Paodeacucar,52.0,ate_100g,48.05769230769231,240.28846153846155,2.499
Café Torrado e Moído Melitta Sabor da Fazenda Caixa 500g,Melitta,41.99,Paodeacucar,500.0,251g_500g,8.398,41.99,
Café Torrado e Moído a Vácuo Extraforte 3 Corações Pacote 500g,pa,27.99,Paodeacucar,500.0,251g_500g,5.598,27.99,
Café Torrado e Moído Tradicional Pilão Pacote 500g,Pilão,27.49,Paodeacucar,500.0,251g_500g,5.497999999999999,27.49,
Café Solúvel Granulado Forte Nescafé Tradição Vidro 100g,pa,27.19,Paodeacucar,100.0,ate_100g,27.190000000000005,135.95000000000002,
Café Pilão Torrado E Moído Tradicional Vácuo 250g,pa,27.99,Paodeacucar,250.0,101g_250g,11.196,55.98,
Café em Cápsula Torrado e Moído Lungo Espresso L\'or Caixa 52g 10 Unidades,pa,30.99,Paodeacucar,52.0,ate_100g,59.59615384615384,297.9807692307692,3.099
Café Torrado e Moído Tradicional MELITTA Pacote 500g,pa,38.99,Paodeacucar,500.0,251g_500g,7.798000000000001,38.99,
Café em Cápsula Torrado e Moído Espresso Pleno Tres Caixa 80g 10 Unidades,pa,26.99,Paodeacucar,80.0,ate_100g,33.7375,168.6875,2.699
Café em Cápsula Torrado e Moído Espresso Descafeinado Tres Caixa 80g 10 Unidades,pa,26.99,Paodeacucar,80.0,ate_100g,33.7375,168.6875,2.699
Café em Cápsula Torrado e Moído Espresso Supremo 3 Corações Caixa 10 Unidades 8g Cada,pa,26.99,Paodeacucar,8.0,ate_100g,337.375,1686.875,2.699
Café em Cápsula Torrado e Moído Espresso Vibrante Tres Caixa 80g 10 Unidades,pa,26.99,Paodeacucar,80.0,ate_100g,33.7375,168.6875,2.699
Café Torrado e Moído Tradicional Melitta Caixa 500g,pa,38.99,Paodeacucar,500.0,251g_500g,7.798000000000001,38.99,
Café Solúvel Granulado Extraforte Nescafé Original Vidro 100g,pa,27.19,Paodeacucar,100.0,ate_100g,27.190000000000005,135.95000000000002,
Café Solúvel NESCAFÉ Matinal 100g,pa,27.19,Paodeacucar,100.0,ate_100g,27.190000000000005,135.95000000000002,
Café Torrado e Moído a Vácuo Extraforte Pilão Pacote 500g,pa,27.49,Paodeacucar,500.0,251g_500g,5.497999999999999,27.49,
Café Torrado e Moído a Vácuo Tradicional 3 Corações Pacote 500g,pa,27.99,Paodeacucar,500.0,251g_500g,5.598,27.99,
Café Torrado e Moído Tradicional 3 Corações Pacote 500g,pa,27.99,Paodeacucar,500.0,251g_500g,5.598,27.99,
Café Torrado e Moído Extraforte 3 Corações Pacote 500g,pa,27.99,Paodeacucar,500.0,251g_500g,5.598,27.99,
Café em Cápsula Torrado e Moído Espresso Sontuoso Lor Caixa 52g 10 Unidades,L'OR,30.99,Paodeacucar,52.0,ate_100g,59.59615384615384,297.9807692307692,3.099
Café em Cápsula Torrado e Moído Lungo Orgânico Nescafé Dolce Gusto Absolute Origin Brasil Caixa 80g 10 Unidades,Nescafé Dolce Gusto,31.99,Paodeacucar,80.0,ate_100g,39.9875,199.9375,3.199
Café em Cápsula Torrado e Moído Espresso Colômbia Lor Origins Collection Caixa 52g 10 Unidades,L'OR,30.99,Paodeacucar,52.0,ate_100g,59.59615384615384,297.9807692307692,3.099
Café em Cápsula Torrado e Moído Orgânico Orfeu Caixa 50g 10 Unidades,Orfeu,33.99,Paodeacucar,50.0,ate_100g,67.98,339.90000000000003,3.399
Café em Cápsula Torrado e Moído Caramelo Baggio Aromas Caixa 50g 10 Unidades,Baggio,24.99,Paodeacucar,50.0,ate_100g,49.98,249.9,2.499
Café Torrado e Moído a Vácuo Extraforte Caboclo Pacote 500g,Caboclo,34.99,Paodeacucar,500.0,251g_500g,6.998,34.99,
Café em Cápsula Torrado e Moído Extra Intenso Baggio Caixa 50g 10 Unidades,Baggio,24.99,Paodeacucar,50.0,ate_100g,49.98,249.9,2.499
Café em Cápsula Torrado e Moído Espresso Guatemala Lor Origins Collection Caixa 10 Unidades,L'OR,30.99,Paodeacucar,,sem_peso,,,3.099
Café em Cápsula Torrado e Moído Chocolate Trufado Baggio Aromas Caixa 50g 10 Unidades,Baggio,24.99,Paodeacucar,50.0,ate_100g,49.98,249.9,2.499
Café em Cápsula Torrado e Moído Ristretto Espresso Lor Caixa 52g 10 Unidades,L'OR,30.99,Paodeacucar,52.0,ate_100g,59.59615384615384,297.9807692307692,3.099
Café Torrado e Moído Espresso Baggio Pacote 250g,Baggio,39.99,Paodeacucar,250.0,101g_250g,15.996000000000002,79.98,
Café em Cápsula Torrado e Moído Lungo Intenso Pilão Caixa 52g 10 Unidades,Pilão,24.99,Paodeacucar,52.0,ate_100g,48.05769230769231,240.28846153846155,2.499
Café Torrado e Moído Intenso Orfeu Caixa 250g,Orfeu,43.99,Paodeacucar,250.0,101g_250g,17.596,87.98,
Café Torrado em Grãos Clássico Orfeu Pacote 250g,Orfeu,44.99,Paodeacucar,250.0,101g_250g,17.996000000000002,89.98,
"Café em Cápsula Torrado e Moído Filtrado Tres Gourmet Caixa 10 Unidades 7,5g Cada",Três,26.99,Paodeacucar,7.5,ate_100g,359.8666666666667,1799.3333333333333,2.699
Café Torrado e Moído Extraforte Pilão Pouch 500g,Pilão,36.99,Paodeacucar,500.0,251g_500g,7.398000000000001,36.99,
Café Torrado e Moído a Vácuo Espresso Pilão Cafeteria Pacote 500g,Pilão,27.94,Paodeacucar,500.0,251g_500g,5.588,27.94,
Café Torrado e Moído a Vácuo Descafeinado 3 Corações Pacote 250g,3 Corações,35.99,Paodeacucar,250.0,101g_250g,14.396,71.98,
Café Torrado e Moído Tradicional Melitta Caixa 250g,Melitta,21.99,Paodeacucar,250.0,101g_250g,8.796,43.98,
Café em Cápsula Torrado e Moído Clássico Orfeu Caixa 50g 10 Unidades,Orfeu,33.99,Paodeacucar,50.0,ate_100g,67.98,339.90000000000003,3.399
Café em Cápsula Torrado e Moído Filtrado Tradicional 3 Corações Caixa 75g 10 Unidades,3 Corações,26.99,Paodeacucar,75.0,ate_100g,35.986666666666665,179.93333333333334,2.699
Café em Cápsula Torrado e Moído Espresso Tradicional Pilão Caixa 52g 10 Unidades,Pilão,24.99,Paodeacucar,52.0,ate_100g,48.05769230769231,240.28846153846155,2.499
Café Torrado e Moído a Vácuo Descafeinado Pilão Pacote 250g,Pilão,32.99,Paodeacucar,250.0,101g_250g,13.196000000000002,65.98,
Café em Cápsula Torrado e Moído Espresso Índia Lor Origins Collection Caixa 52g 10 Unidades,L'OR,30.99,Paodeacucar,52.0,ate_100g,59.59615384615384,297.9807692307692,3.099
Café em Cápsula Torrado e Moído Espresso Forza Lor Caixa 52g 10 Unidades,L'OR,30.99,Paodeacucar,52.0,ate_100g,59.59615384615384,297.9807692307692,3.099
Café em Cápsula Torrado e Moído Lungo Starbucks House Blend Caixa 57g 10 Unidades,Starbucks,7.99,Paodeacucar,57.0,ate_100g,14.017543859649123,70.08771929824562,0.799
Café Torrado e Moído Tradicional Pilão Pacote 250g,Pilão,27.99,Paodeacucar,250.0,101g_250g,11.196,55.98,
Café em Cápsula Torrado e Moído Espresso Onyx Lor Caixa 52g 10 Unidades,L'OR,30.99,Paodeacucar,52.0,ate_100g,59.59615384615384,297.9807692307692,3.099
Café Torrado e Moído a Vácuo Tradicional Pilão Pacote 500g,Pilão,27.49,Paodeacucar,500.0,251g_500g,5.497999999999999,27.49,
Café Torrado e Moído Extraforte Melitta Caixa 500g,Melitta,38.99,Paodeacucar,500.0,251g_500g,7.798000000000001,38.99,
Café au Lait em Cápsula Desnatado Nescafé Dolce Gusto Caixa 100g 10 Unidades,Nescafé Dolce Gusto,85.9,Paodeacucar,100.0,ate_100g,85.9,429.50000000000006,8.59
Café em Cápsula Torrado e Moído Caseiro Intenso Nescafé Dolce Gusto Caixa 90g 10 Unidades,Nescafé Dolce Gusto,25.99,Paodeacucar,90.0,ate_100g,28.877777777777773,144.38888888888889,2.599
Café em Cápsula Torrado e Moído Acauã Orfeu Varietais Caixa 50g 10 Unidades,Orfeu,30.99,Paodeacucar,50.0,ate_100g,61.98,309.90000000000003,3.099
"Café em Cápsula Torrado e Moído Espresso Colômbia Nescafé Farmers Origins Caixa 79,2g 18 Unidades",Nescafé,38.63,Paodeacucar,79.2,ate_100g,48.775252525252526,243.87626262626264,2.1461111111111117
Café em Cápsula Baunilha Santa Monica Gourmet Caixa 50g 10 Unidades,Santa Monica,27.99,Paodeacucar,50.0,ate_100g,55.98,279.9,2.799
Café em Cápsula Meninos Soltando Pipas 1947 3 Corações Portinari Caixa 80g 10 Unidades,3 Corações,26.99,Paodeacucar,80.0,ate_100g,33.7375,168.6875,2.699
Café Solúvel em Pó Pilão Cafeteria Vidro 70g,Pilão,20.14,Paodeacucar,70.0,ate_100g,28.77142857142857,143.85714285714286,
Café Solúvel Liofilizado Intense Lor Sachê 40g,L'OR,9.09,Paodeacucar,40.0,ate_100g,22.725,113.625,
Café em Cápsula Torrado e Moído Chocolate Qualitá Caixa 50g 10 Unidades,Qualitá,21.99,Paodeacucar,50.0,ate_100g,43.98,219.9,2.199
Café em Cápsula Torrado e Moído Descafeinado Qualitá Caixa 50g 10 Unidades,Qualitá,21.99,Paodeacucar,50.0,ate_100g,43.98,219.9,2.199
Café Solúvel em Pó Espresso Intenso Nescafé Gold Lata 100g,Nescafé,17.99,Paodeacucar,100.0,ate_100g,17.99,89.94999999999999,
Café em Cápsula Torrado e Moído Supremo Astro Café Caixa 50g 10 Unidades,Astro Cafe,23.99,Paodeacucar,50.0,ate_100g,47.98,239.9,2.399
Café em Cápsula Torrado e Moído Orgânico Lungo Cerrado Mineiro Nescafé Dolce Gusto Pacote 60g 10 Unidades,Nescafé Dolce Gusto,17.64,Paodeacucar,60.0,ate_100g,29.4,147.0,1.764
Cafe Capsula Torra Italiana Display Com 10 Unidades,Santa Monica,27.99,Paodeacucar,,sem_peso,,,2.799
Cafe Torrado em Grãos Acauã Orfeu Varietais Pacote 250g,Orfeu,46.99,Paodeacucar,250.0,101g_250g,18.796000000000003,93.98,
Café em Cápsula Torrado e Moído Ristretto Intense Nescafé Dolce Gusto Pacote 76g 10 Unidades,Nescafé Dolce Gusto,27.99,Paodeacucar,76.0,ate_100g,36.82894736842105,184.1447368421053,2.799
Café em Cápsula Torrado e Moído Ristretto Baggio Caixa 50g 10 Unidades,Baggio,24.99,Paodeacucar,50.0,ate_100g,49.98,249.9,2.499
Cápsula União Amaro 10 unidades,União,24.99,Paodeacucar,,sem_peso,,,2.499
Café em Sachê Torrado e Moído Drip Coffee Chocolate 3 Corações Rituais 85+ Envelope 12g,3 Corações,2.99,Paodeacucar,12.0,ate_100g,24.916666666666668,124.58333333333334,
Café Torrado e Moído Superior Evolutto Premium Pacote 500g,Premiado,34.99,Paodeacucar,500.0,251g_500g,6.998,34.99,
Café Solúvel Granulado Forte Nescafé Tradição Sachê Leve 40g Pague 36g,Nescafé,17.49,Paodeacucar,36.0,ate_100g,48.58333333333333,242.91666666666663,
Especial de Café 180g,Genérico,22.99,Paodeacucar,180.0,101g_250g,12.77222222222222,63.86111111111111,
Café Solúvel em Pó Extraforte 3 Corações Sachê 40g,3 Corações,8.99,Paodeacucar,40.0,ate_100g,22.475,112.375,
Café Torrado e Moído a Vácuo Tradicional Café Brasileiro Pacote 500g,Café Brasileiro,25.49,Paodeacucar,500.0,251g_500g,5.098,25.49,
Café Solúvel Liofilizado Classique Lor Vidro 130g,L'OR,24.04,Paodeacucar,130.0,101g_250g,18.49230769230769,92.46153846153844,
Café Solúvel Liofilizado Intense Lor Vidro 130g,L'OR,24.04,Paodeacucar,130.0,101g_250g,18.49230769230769,92.46153846153844,
Café em Cápsula Torrado e Moído Espresso Delicate Nescafé Dolce Gusto Pacote 55g 10 Unidades,Nescafé Dolce Gusto,27.99,Paodeacucar,55.0,ate_100g,50.89090909090908,254.45454545454544,2.799
Café em Cápsula Torrado e Moído Qualitá Caixa 50g 10 Unidades,Qualitá,21.99,Paodeacucar,50.0,ate_100g,43.98,219.9,2.199
Café Solúvel Granulado Descafeinado Nescafé Sachê 40g,Nescafé,17.59,Paodeacucar,40.0,ate_100g,43.975,219.875,
Café em Cápsula Torrado e Moído Lungo Dark Nescafé Dolce Gusto Pacote 70g 10 Unidades,Nescafé Dolce Gusto,27.99,Paodeacucar,70.0,ate_100g,39.98571428571429,199.92857142857144,2.799
Café em Cápsula Torrado e Moído Espresso Maranello L'or Passione Rossa Caixa 52g 10 Unidades,L'OR,30.99,Paodeacucar,52.0,ate_100g,59.59615384615384,297.9807692307692,3.099
Café em Cápsula Torrado e Moído Intenso Orfeu Caixa 100g 20 Unidades,Orfeu,52.9,Paodeacucar,100.0,ate_100g,52.900000000000006,264.5,2.645
Café Grão Arábica Selection 250g Cerrado Mineiro,Illy,51.9,Paodeacucar,250.0,101g_250g,20.76,103.8,
Café em Cápsula Torrado e Moído Brasil Qualitá Caixa 50g 10 Unidades,Qualitá,21.99,Paodeacucar,50.0,ate_100g,43.98,219.9,2.199
Café Solúvel Granulado Qualitá Caixa 40g,Qualitá,5.89,Paodeacucar,40.0,ate_100g,14.725,73.625,
Café em Cápsula Torrado e Moído Kopenhagen Espresso Nescafé Dolce Gusto Caixa 60g 10 Unidades,pa,26.99,Paodeacucar,60.0,ate_100g,44.98333333333333,224.91666666666663,2.699
Café Solúvel Liofilizado Intense Lor Sachê 40g,Pilão,9.59,Paodeacucar,40.0,ate_100g,23.975,119.875,
Café em Cápsula Torrado e Moído Espresso Brazil L'or Origins Collection Caixa 52g 10 Unidades,L'OR,30.99,Paodeacucar,52.0,ate_100g,59.59615384615384,297.9807692307692,3.099
Café Torrado e Moído Chapada Diamantina Nescafé Origens do Brasil Pacote 250g,Nescafé,20.49,Paodeacucar,250.0,101g_250g,8.196,40.98,
Café Solúvel em Pó Pilão Cafeteria Sachê 40g,Pilão,17.33,Paodeacucar,40.0,ate_100g,43.325,216.625,
Café em Cápsula Torrado e Moído Santa Monica Gourmet Caixa 50g 10 Unidades,Santa Monica,27.99,Paodeacucar,50.0,ate_100g,55.98,279.9,2.799
Café Torrado em Grãos Santa Monica Gourmet Torra Italiana Pacote 1kg,Santa Monica,12.24,Paodeacucar,1000.0,501g_1kg,1.2240000000000002,6.12,
Café Solúvel Granulado Tradicional 3 Corações Vidro 50g,3 Corações,14.24,Paodeacucar,50.0,ate_100g,28.48,142.4,
Café Torrado e Moído Acauã Orfeu Varietais Caixa 250g,Orfeu,3.09,Paodeacucar,250.0,101g_250g,1.236,6.18,
Café em Cápsula Torrado e Moído Lungo Nescafé Dolce Gusto Caixa 60g 10 Unidades,Nescafé Dolce Gusto,29.99,Paodeacucar,60.0,ate_100g,49.98333333333333,249.91666666666663,2.999
Café Torrado e Moído a Vácuo Extraforte União Pacote 500g,União,34.99,Paodeacucar,500.0,251g_500g,6.998,34.99,
Café Torrado e Moído Chocolate com Menta Baggio Pacote 250g,Baggio,39.99,Paodeacucar,250.0,101g_250g,15.996000000000002,79.98,
Café em Cápsula Caramelo Santa Monica Gourmet Caixa 50g 10 Unidades,Santa Monica,27.99,Paodeacucar,50.0,ate_100g,55.98,279.9,2.799
Café em Cápsula Torrado e Moído Moderado Qualitá Caixa 50g 10 Unidades,Qualitá,21.99,Paodeacucar,50.0,ate_100g,43.98,219.9,2.199
Café em Cápsula Torrado e Moído Bourbon Astro Café Caixa 50g 10 Unidades,Astro Cafe,23.99,Paodeacucar,50.0,ate_100g,47.98,239.9,2.399
Café Torrado e Moído Lor Ultimo Gourmet Pouch 250g,L'OR,21.44,Paodeacucar,250.0,101g_250g,8.576,42.88,
Café em Cápsula Torrado e Moído Espresso Clássico Pilão Cafeteria Especialidades Caixa 52g 10 Unidades,Pilão,16.99,Paodeacucar,52.0,ate_100g,32.67307692307692,163.3653846153846,1.6989999999999998
Café em Cápsula Torrado e Moído Intenso Qualitá Caixa 50g 10 Unidades,Qualitá,21.99,Paodeacucar,50.0,ate_100g,43.98,219.9,2.199
Café União Tradicional Pouch 250G,Café União Pouch 250g,16.99,Paodeacucar,250.0,101g_250g,6.795999999999999,33.98,
Café Solúvel Granulado Tradicional 3 Corações Sachê 40g,3 Corações,7.39,Paodeacucar,40.0,ate_100g,18.475,92.375,
Café em Cápsula Torrado e Moído Espresso Cerrado Mineiro Nescafé Dolce Gusto Caixa 60g 10 Unidades,Nescafé Dolce Gusto,29.99,Paodeacucar,60.0,ate_100g,49.98333333333333,249.91666666666663,2.999
Café Torrado e Moído a Vácuo Extraforte Qualitá Pacote 500g,Qualitá,34.99,Paodeacucar,500.0,251g_500g,6.998,34.99,
Café Torrado em Grãos Arara Orfeu Varietais Pacote 250g,Orfeu,46.99,Paodeacucar,250.0,101g_250g,18.796000000000003,93.98,
Cápsula União Clássico 10 unidades,União,24.99,Paodeacucar,,sem_peso,,,2.499
Café em Cápsula Torrado e Moído Espresso Dark Nescafé Dolce Gusto Pacote 69g 10 Unidades,Nescafé Dolce Gusto,27.99,Paodeacucar,69.0,ate_100g,40.56521739130435,202.82608695652172,2.799
Café Torrado e Moído Supremo Astro Café Pacote 250g,Astro Cafe,32.99,Paodeacucar,250.0,101g_250g,13.196000000000002,65.98,
Café em Cápsula Torrado e Moído Espresso Descafeinado Illy Caixa 57g 10 Unidades,Illy,32.99,Paodeacucar,57.0,ate_100g,57.87719298245615,289.3859649122808,3.2990000000000004
Café Torrado e Moído Frutas Secas 3 Corações Rituais 85+ Pouch 250g,3 Corações,45.99,Paodeacucar,250.0,101g_250g,18.396,91.98,
Café em Cápsula Torrado e Moído Espresso Extremo Pilão Caixa 52g 10 Unidades,Pilão,19.98,Paodeacucar,52.0,ate_100g,38.42307692307693,192.11538461538464,1.998
Café em Cápsula Torrado e Moído Espresso Colômbia Nescafé Farmers Origins Caixa 44g 10 Unidades,Nescafé,29.99,Paodeacucar,44.0,ate_100g,68.1590909090909,340.7954545454545,2.999
Café em Cápsula NESCAFÉ DOLCEGUSTO Caffe Matinal 10 Cápsulas 80g,Nescafé Dolce Gusto,25.99,Paodeacucar,80.0,ate_100g,32.4875,162.43749999999997,2.599
Café Torrado e Moído Clássico Illy Lata 125g,Illy,24.99,Paodeacucar,125.0,101g_250g,19.992,99.96,
Café Torrado em Grãos Espresso Forza Lor Gourmet Pacote 500g,L'OR,55.84,Paodeacucar,500.0,251g_500g,11.168,55.84,
Café Solúvel Granulado Forte Nescafé Tradição Vidro 100g,Bravo Cafe,7.98,Paodeacucar,100.0,ate_100g,7.980000000000001,39.900000000000006,
Café Torrado em Grãos Espresso 3 Corações Gourmet Pacote 1kg,3 Corações,149.9,Paodeacucar,1000.0,501g_1kg,14.99,74.95,
Café Torrado e Moído Exótico 3 Corações Rituais 85+ Pouch 250g,Moderato,39.99,Paodeacucar,250.0,101g_250g,15.996000000000002,79.98,
Café em Cápsula Torrado e Moído Máximo 3 Corações Caixa 56g 10 Unidades,3 Corações,23.99,Paodeacucar,56.0,ate_100g,42.83928571428572,214.19642857142856,2.399
Café Torrado e Moído Chocolate 3 Corações Rituais 85+ Pouch 250g,3 Chá,39.99,Paodeacucar,250.0,101g_250g,15.996000000000002,79.98,
Café em Cápsula Torrado e Moído Espresso Nescafé Farmers Origins Caixa 46g 10 Unidades,Nescafé,27.99,Paodeacucar,46.0,ate_100g,60.84782608695652,304.23913043478257,2.799
Café Pó Moído 125g Intenso Moka,Illy,24.99,Paodeacucar,125.0,101g_250g,19.992,99.96,
Café em Cápsula Torrado e Moído Colômbia 3 Corações Caixa 56g 10 Unidades,3 Corações,23.99,Paodeacucar,56.0,ate_100g,42.83928571428572,214.19642857142856,2.399
Café Torrado e Moído Frutas Vermelhas 3 Corações Rituais 85+ Pouch 250g,3 Chá,39.99,Paodeacucar,250.0,101g_250g,15.996000000000002,79.98,
Cápsula Café 3c Star Wars Vader 8x10x8g,3 Corações,25.99,Paodeacucar,8.0,ate_100g,324.875,1624.375,
Café em Cápsula Torrado e Moído Peru 3 Corações Caixa 56g 10 Unidades,3 Corações,23.99,Paodeacucar,56.0,ate_100g,42.83928571428572,214.19642857142856,2.399
Café em Cápsula Torrado e Moído Espresso Starbucks Single-Origin Colombia Caixa 55g 10 Unidades,Nescafé Dolce Gusto,30.99,Paodeacucar,55.0,ate_100g,56.345454545454544,281.7272727272727,3.099
Café em Cápsula Torrado e Moído Japy Orfeu Varietais Caixa 50g 10 Unidades,Orfeu,30.99,Paodeacucar,50.0,ate_100g,61.98,309.90000000000003,3.099
Café em Cápsula Torrado e Moído Arara Orfeu Varietais Caixa 50g 10 Unidades,Orfeu,30.99,Paodeacucar,50.0,ate_100g,61.98,309.90000000000003,3.099
Café em Cápsula Torrado e Moído Espresso Chocolate Lor Caixa 52g 10 Unidades,L'OR,30.99,Paodeacucar,52.0,ate_100g,59.59615384615384,297.9807692307692,3.099
Café em Cápsula Torrado e Moído Lungo Brazil Nescafé Farmers Origins Caixa 44g 10 Unidades,Nescafé,29.99,Paodeacucar,44.0,ate_100g,68.1590909090909,340.7954545454545,2.999
"Café com Leite em Cápsula Latte Macchiato Nescafé Dolce Gusto Caixa 112,5g 10 Unidades",Nescafé Dolce Gusto,25.99,Paodeacucar,112.5,101g_250g,23.10222222222222,115.5111111111111,2.599
Café Solúvel Granulado Forte Nescafé Tradição Sachê 40g,Nescafé,7.91,Paodeacucar,40.0,ate_100g,19.775,98.875,
Café em Cápsula Torrado e Moído Descafeinado 3 Corações Caixa 50g 10 Unidades,3 Corações,23.99,Paodeacucar,50.0,ate_100g,47.98,239.9,2.399
Café em Cápsula Torrado e Moído Orgânico Espresso Sul de Minas Nescafé Dolce Gusto Pacote 57g 10 Unidades,Nescafé Dolce Gusto,32.99,Paodeacucar,57.0,ate_100g,57.87719298245615,289.3859649122808,3.2990000000000004
Café em Cápsula Ristretto Áfricas Nescafé Farmers Origins Caixa 44g,Nescafé,29.99,Paodeacucar,44.0,ate_100g,68.1590909090909,340.7954545454545,
Café em Cápsula Torrado e Moído Espresso México Nescafé Farmers Origins Caixa 44g 10 Unidades,Nescafé,29.99,Paodeacucar,44.0,ate_100g,68.1590909090909,340.7954545454545,2.999
Café em Cápsula Torrado e Moído Starbucks Espresso Roast Nescafé Dolce Gusto Pacote 55g 10 Unidades,Nescafé Dolce Gusto,26.99,Paodeacucar,55.0,ate_100g,49.07272727272727,245.36363636363637,2.699
Café Solúvel em Pó Espresso Suave Nescafé Gold Sachê 40g,Nescafé Gold,23.9,Paodeacucar,40.0,ate_100g,59.74999999999999,298.74999999999994,
Café Solúvel em Pó Espresso Intenso Nescafé Gold Lata 100g,Nescafé Gold,35.19,Paodeacucar,100.0,ate_100g,35.19,175.95,
Café Solúvel em Pó Espresso Intenso Nescafé Gold Sachê 40g,Nescafé Gold,11.59,Paodeacucar,40.0,ate_100g,28.975,144.875,
"Café em Cápsula Torrado e Moído L'or Espresso Advent Calendar Caixa 124,8g 24 Unidades",pa,89.9,Paodeacucar,124.8,101g_250g,72.03525641025642,360.1762820512821,3.7458333333333336
Café em Cápsula Torrado e Moído Espresso Ultimo Lor Caixa 52g 10 Unidades,L'OR,30.99,Paodeacucar,52.0,ate_100g,59.59615384615384,297.9807692307692,3.099
Café Torrado e Moído Caramelo Baggio Pacote 250g,Baggio,39.99,Paodeacucar,250.0,101g_250g,15.996000000000002,79.98,
Café Torrado e Moído Equilibrado Lor Torras Gourmet Sachê 250g,L'OR,21.44,Paodeacucar,250.0,101g_250g,8.576,42.88,
Café Torrado e Moído a Vácuo Exportação Café do Ponto Pacote 500g,Café do Ponto,29.29,Paodeacucar,500.0,251g_500g,5.858,29.29,
Café Torrado e Moído Forza Intensidade Máxima 3 Corações Premium Pacote 250g,3 Corações,27.99,Paodeacucar,250.0,101g_250g,11.196,55.98,
Café Torrado e Moído Chocolate Trufado Baggio Pacote 250g,Baggio,39.99,Paodeacucar,250.0,101g_250g,15.996000000000002,79.98,
Café Pó Moído 125g Classico Filtro,Illy,21.99,Paodeacucar,125.0,101g_250g,17.592,87.96,
Café Solúvel em Pó Espresso Equilibrado Nescafé Gold Lata 100g,Nescafé Gold,35.19,Paodeacucar,100.0,ate_100g,35.19,175.95,
Café Gourmet Moído - 250g,Santa Monica,39.99,Paodeacucar,250.0,101g_250g,15.996000000000002,79.98,
Café em Cápsula Torrado e Moído Starbucks Breakfast Blend Caixa 56g 10 Unidades,Starbucks,75.9,Paodeacucar,56.0,ate_100g,135.5357142857143,677.6785714285714,7.590000000000001
Café Torrado em Grãos Santa Monica Gourmet Pacote 250g,Santa Monica,39.99,Paodeacucar,250.0,101g_250g,15.996000000000002,79.98,
Café Torrado e Moído Santa Monica Gourmet Premium Pacote 500g,Santa Monica,48.99,Paodeacucar,500.0,251g_500g,9.798,48.99,
Café Torrado e Moído Santa Monica Gourmet Torra Italiana Pacote 500g,Santa Monica,51.9,Paodeacucar,500.0,251g_500g,10.38,51.9,
Café em Cápsula Torrado e Moído Lungo Andes Nescafé Farmers Origins Caixa 44g 10 Unidades,Nescafé,27.99,Paodeacucar,44.0,ate_100g,63.61363636363636,318.0681818181818,2.799
Café Solúvel Gelado Nescafé Vidro 100g,Nescafé,24.79,Paodeacucar,100.0,ate_100g,24.79,123.95,
Café União Gourmet Sul De Minas 250g,União,26.99,Paodeacucar,250.0,101g_250g,10.796,53.98,
Café União Gourmet Cerrado Mineiro 250g,União,26.99,Paodeacucar,250.0,101g_250g,10.796,53.98,
Café União Torrado e Moído Gourmet Mogiana Paulista 250g,União,26.99,Paodeacucar,250.0,101g_250g,10.796,53.98,
Café Solúvel Liofilizado L'or Ultimo Vidro 84g,L'OR,20.14,Paodeacucar,84.0,ate_100g,23.976190476190474,119.88095238095238,
Café Solúvel Granulado Extraforte Nescafé Original Sachê 40g,Nescafé,7.91,Paodeacucar,40.0,ate_100g,19.775,98.875,
Café em Cápsula Torrado e Moído Forte Espresso Illy Caixa 57g 10 Unidades,Illy,28.99,Paodeacucar,57.0,ate_100g,50.85964912280701,254.29824561403507,2.899
Café Orgânico Moído - 250g,Santa Monica,39.99,Paodeacucar,250.0,101g_250g,15.996000000000002,79.98,
