loja,sku,titulo,fabricante,categoria,disponibilidade,preco,url,fabricante_original,peso_g,unidade_peso_extraida,unidades,categoria_quantidade,faixa_peso,preco_por_100g,preco_por_500g,preco_por_unidade
Mambo,2532,Café Torrado e Moído Superior Aviação 500g,Aviação,Mercearia,Disponivel,54.98,https://www.mambo.com.br/cafe-superior-moido-aviacao-500g/p,Aviação,500.0,g,,peso,251g_500g,11.0,54.98,
Mambo,2533,Café Torrado e Moído 252 Graus a Vácuo Pilão 500g,Pilão,Mercearia,Disponivel,43.49,https://www.mambo.com.br/cafe-torrado-e-moido-252-graus-a-vacuo-pilao-500g/p,Pilão,500.0,g,,peso,251g_500g,8.7,43.49,
Mambo,2534,Café Torrado e Moído 252° Graus Abre & Fecha Pilão Sachê 500g,Pilão,Mercearia,Disponivel,43.49,https://www.mambo.com.br/cafe-torrado-e-moido-252--graus-abre---fecha-pilao-sache-500g/p,Pilão,500.0,g,,peso,251g_500g,8.7,43.49,
Mambo,2536,Café Torrado e Moído a Vácuo Tradicional 3 Corações Pacote 500g,3 Corações,Mercearia,Disponivel,27.99,https://www.mambo.com.br/cafe-torrado-e-moido-a-vacuo-tradicional-3-coracoes-pacote-500g/p,3 Corações,500.0,g,,peso,251g_500g,5.6,27.99,
Mambo,2537,Cápsula de Café Aqtivus 8 Delta 55g com 10 Unidades,Delta Q,Mercearia,Disponivel,28.49,https://www.mambo.com.br/cafe-aqtivus-8-delta-55g-com-10-capsulas/p,Delta Q,55.0,g,10.0,peso,ate_100g,51.8,259.0,2.85
Mambo,2538,Café Torrado e Moído Aromatizado Amêndoas Torradas Floresta 100g,Floresta,Mercearia,Disponivel,19.98,https://www.mambo.com.br/cafe-aromatizado-amendoas-torradas-floresta-100g/p,Floresta,100.0,g,,peso,ate_100g,19.98,99.9,
Mambo,2539,Café Torrado e Moído Aromatizado Baunilha com Nozes Floresta 100g,Floresta,Mercearia,Disponivel,19.98,https://www.mambo.com.br/cafe-aromatizado-baunilha-com-nozes-floresta-100g/p,Floresta,100.0,g,,peso,ate_100g,19.98,99.9,
Mambo,2541,Café Torrado e Moído Aromatizado Crème Brulée Floresta 100g,Floresta,Mercearia,Disponivel,19.98,https://www.mambo.com.br/cafe-aromatizado-creme-brulee-floresta-100g/p,Floresta,100.0,g,,peso,ate_100g,19.98,99.9,
Mambo,2542,Café Torrado e Moído Aromatizado Trufas com Chocolate Floresta 100g,Floresta,Mercearia,Disponivel,19.98,https://www.mambo.com.br/cafe-aromatizado-trufas-com-chocolate-floresta-100g/p,Floresta,100.0,g,,peso,ate_100g,19.98,99.9,
Mambo,2543,Cápsula de Café Barítono Bravo 50g com 10 Unidades,Bravo Café,Mercearia,Disponivel,23.98,https://www.mambo.com.br/cafe-baritono-bravo-50g-com-10-capsulas/p,Bravo Café,50.0,g,10.0,peso,ate_100g,47.96,239.8,2.4
Mambo,2545,Cápsula de Café Blonde Espresso Roast Starbucks & Nespresso com 10 Unidades,Nescafé,Mercearia,Disponivel,32.98,https://www.mambo.com.br/cafe-blonde-espresso-roast-starbucks-by-nespresso-com-10-capsulas/p,Nescafé,,,10.0,unidades,sem_peso,,,3.3
Mambo,2545,Cápsula de Café Blonde Espresso Roast Starbucks & Nespresso com 10 Unidades,Nescafé,Mercearia,Disponivel,32.98,https://www.mambo.com.br/cafe-blonde-espresso-roast-starbucks-by-nespresso-com-10-capsulas/p,Nescafé,,,10.0,unidades,sem_peso,,,3.3
Mambo,2546,Café Torrado e Moído Bourbon Amarelo Varietais Orfeu 250g,Orfeu,Mercearia,Disponivel,42.49,https://www.mambo.com.br/cafe-torrado-e-moido-bourbon-amarelo-varietais-orfeu-250g/p,Orfeu,250.0,g,,peso,101g_250g,17.0,84.98,
Mambo,2547,Cápsula de Café Bourbon Amarelo Orfeu 50g com 10 Unidades,Orfeu,Mercearia,Disponivel,26.99,https://www.mambo.com.br/cafe-bourbon-amarelo-orfeu-50g-com-10-capsulas/p,Orfeu,50.0,g,10.0,peso,ate_100g,53.98,269.9,2.7
Mambo,2555,Cápsula de Café Clássico Orfeu 50g com 10 Unidades,Orfeu,Mercearia,Disponivel,26.99,https://www.mambo.com.br/cafe-classico-orfeu-50g-com-10-capsulas/p,Orfeu,50.0,g,10.0,peso,ate_100g,53.98,269.9,2.7
Mambo,2556,Cápsula de Café Single-Origin Colombia Nespresso Starbucks 57g com 10 Unidades,Nescafé,Mercearia,Disponivel,32.98,https://www.mambo.com.br/capsula-de-cafe-single-origin-colombia-nespresso-starbucks-57g-com-10-unidades/p,Nescafé,57.0,g,10.0,peso,ate_100g,57.86,289.3,3.3
Mambo,2557,Cápsula de Café com Cacau Italle 25g com 10 Unidades,Italle,Mercearia,Disponivel,18.99,https://www.mambo.com.br/cafe-com-cacau-italle-25g-10-capsulas/p,Italle,25.0,g,10.0,peso,ate_100g,75.96,379.8,1.9
Mambo,2559,Cápsula de Café Com Leite Tres 3 Corações 90g com 10 Unidades,3 Corações,Mercearia,Disponivel,17.98,https://www.mambo.com.br/capsula-de-cafe-com-leite-tres-3-coracoes-90g-com-10-unidades/p,3 Corações,90.0,g,10.0,peso,ate_100g,19.98,99.89,1.8
Mambo,2561,Cápsula de Café Baileys Supremo Macchiato Tres 3 Corações 110g com 10 Unidades,3 Corações,Mercearia,Disponivel,17.98,https://www.mambo.com.br/capsula-baileys-supremo-macchiato-3-coracoes-10-unid/p,3 Corações,110.0,g,10.0,peso,101g_250g,16.35,81.73,1.8
Mambo,2568,Cápsula de Café Espresso Forza Tres 3 Corações 80g com 10 Unidades,3 Corações,Mercearia,Disponivel,17.98,https://www.mambo.com.br/capsula-de-cafe-espresso-forza-tres-3-coracoes-80g-com-10-unidades/p,3 Corações,80.0,g,10.0,peso,ate_100g,22.48,112.38,1.8
Mambo,2572,Café Torrado e Moído Descafeinado a Vácuo 3 Corações 250g,3 Corações,Mercearia,Disponivel,40.98,https://www.mambo.com.br/cafe-torrado-e-moido-descafeinado-a-vacuo-3-coracoes-250g/p,3 Corações,250.0,g,,peso,101g_250g,16.39,81.96,
Mambo,2573,Café Torrado e Moído Descafeinado Melitta 250g,Melitta,Mercearia,Disponivel,40.98,https://www.mambo.com.br/cafe-torrado-e-moido-descafeinado-melitta-250g/p,Melitta,250.0,g,,peso,101g_250g,16.39,81.96,
Mambo,2575,Café Torrado e Moído Descafeínado a Vácuo Pilão 250g,Pilão,Mercearia,Disponivel,40.98,https://www.mambo.com.br/cafe-torrado-e-moido-descafeinado-a-vacuo-pilao-250g/p,Pilão,250.0,g,,peso,101g_250g,16.39,81.96,
Mambo,2578,Cápsula de Café Bourbon Amarelo Orfeu 50g com 10 Unidades,Orfeu,Mercearia,Disponivel,29.99,https://www.mambo.com.br/capsula-de-cafe-bourbon-amarelo-orfeu-50g-10-unidades/p,Orfeu,50.0,g,10.0,peso,ate_100g,59.98,299.9,3.0
Mambo,2579,Cápsula de Café Clássico Orfeu 90g com 10 Unidades,Orfeu,Mercearia,Disponivel,29.99,https://www.mambo.com.br/capsula-de-cafe-classico-orfeu-90g-10-unidades/p,Orfeu,90.0,g,10.0,peso,ate_100g,33.32,166.61,3.0
Mambo,2582,Cápsula de Café Intenso Orfeu 90g com 10 Unidades,Orfeu,Mercearia,Disponivel,29.99,https://www.mambo.com.br/capsula-de-cafe-intenso-orfeu-90g-10-unidades/p,Orfeu,90.0,g,10.0,peso,ate_100g,33.32,166.61,3.0
Mambo,2583,Cápsula de Café Orgânico Orfeu 90g com 10 Unidades,Orfeu,Mercearia,Disponivel,36.98,https://www.mambo.com.br/capsula-de-cafe-organico-orfeu-90g-10-unidades/p,Orfeu,90.0,g,10.0,peso,ate_100g,41.09,205.44,3.7
Mambo,2585,Cápsula de Café Torrado e Moído Clássico Espresso Illy Caixa 57g com 10 Unidades,Illy,Mercearia,Disponivel,24.99,https://www.mambo.com.br/capsula-de-cafe-torrado-e-moido-classico-espresso-illy-57g-10-unidades/p,Illy,57.0,g,10.0,peso,ate_100g,43.84,219.21,2.5
Mambo,2587,Cápsula de Café Forte Espresso Illy Caixa 57g com 10 Unidades,Illy,Mercearia,Disponivel,24.99,https://www.mambo.com.br/capsula-de-cafe-forte-espresso-illy-57g-10-unidades/p,Illy,57.0,g,10.0,peso,ate_100g,43.84,219.21,2.5
Mambo,2589,Cápsula de Café Intenso Espresso Illy Caixa 57g com 10 Unidades,Illy,Mercearia,Disponivel,24.99,https://www.mambo.com.br/capsula-de-cafe-intenso-espresso-illy-57g-10-unidades/p,Illy,57.0,g,10.0,peso,ate_100g,43.84,219.21,2.5
Mambo,2595,Café em Grãos Classico Illy Blend 250g,Illy,Mercearia,Disponivel,48.98,https://www.mambo.com.br/cafe-em-graos-torra-media-illy-250g/p,Illy,250.0,g,,peso,101g_250g,19.59,97.96,
Mambo,2596,Cápsula de Café Epiq Intensidade 14 Delta Q 55g com 10 Unidades,Delta Q,Mercearia,Disponivel,28.49,https://www.mambo.com.br/cafe-epiq-intensidade-14-delta-q-55g-com-10-capsulas/p,Delta Q,55.0,g,10.0,peso,ate_100g,51.8,259.0,2.85
Mambo,2597,Café Torrado e Moído Especial a Vácuo Melitta 500g,Melitta,Mercearia,Disponivel,56.98,https://www.mambo.com.br/cafe-torrado-e-moido-especial-a-vacuo-melitta-500g/p,Melitta,500.0,g,,peso,251g_500g,11.4,56.98,
Mambo,2598,Café em Cápsulas de Torrado e moído Pilão Fortíssimo 10 - 52g com 10 Cápsulas,Pilão,Mercearia,Disponivel,25.49,https://www.mambo.com.br/cafe-em-capsulas-de-torrado-e-moido-pilao-fortissimo-10---52g-com-10-capsulas/p,Pilão,52.0,g,10.0,peso,ate_100g,49.02,245.1,2.55
Mambo,2599,Café em Cápsula Torrado e Moído Espresso Extraforte Pilão Caixa 52g 10 Unidades,Pilão,Mercearia,Disponivel,25.49,https://www.mambo.com.br/cafe-em-capsula-torrado-e-moido-espresso-extraforte-pilao-caixa-52g-10-unidades/p,Pilão,52.0,g,10.0,peso,ate_100g,49.02,245.1,2.55
Mambo,2600,Café em Cápsulas de Torrado e moído Pilão Tradicional 07 52g com 10 Cápsulas ,Pilão,Mercearia,Disponivel,25.49,https://www.mambo.com.br/capsula-de-cafe-espresso-07-pilao-52g-com-10-unidade/p,Pilão,52.0,g,10.0,peso,ate_100g,49.02,245.1,2.55
Mambo,2601,Cápsula de Café Espresso Ameno Tres 3 Corações 80g com 10 Unidades,3 Corações,Mercearia,Disponivel,17.98,https://www.mambo.com.br/capsula-de-cafe-espresso-ameno-tres-3-coracoes-80g-com-10-unidades/p,3 Corações,80.0,g,10.0,peso,ate_100g,22.48,112.38,1.8
Mambo,2602,Cápsula de Café Espresso Atento Tres 3 Corações 80g com 10 Unidades,3 Corações,Mercearia,Disponivel,17.98,https://www.mambo.com.br/capsula-de-cafe-espresso-atento-tres-3-coracoes-80g-com-10-unidades/p,3 Corações,80.0,g,10.0,peso,ate_100g,22.48,112.38,1.8
Mambo,2604,Cápsula de Café Espresso Colombia L'or 52g com 10 Unidades,L'OR,Mercearia,Disponivel,30.98,https://www.mambo.com.br/cafe-espresso-colombia-lor-52g-com-10-capsulas/p,Lor,52.0,g,10.0,peso,ate_100g,59.58,297.88,3.1
Mambo,2605,Cápsula de Café Descafeinado Tres 3 Corações 80g com 10 Unidades,3 Corações,Mercearia,Disponivel,17.98,https://www.mambo.com.br/capsula-de-cafe-descafeinado-tres-3-coracoes-80g-com-10-unidades/p,3 Corações,80.0,g,10.0,peso,ate_100g,22.48,112.38,1.8
Mambo,2606,Cápsula de Café Espresso Forza L'or 52 com 10 Unidades,L'OR,Mercearia,Disponivel,30.98,https://www.mambo.com.br/cafe-espresso-forza-lor-52-com-10-capsulas/p,Lor,,,10.0,unidades,sem_peso,,,3.1
Mambo,2607,Café em Grãos Espresso Gourmet Ituano 1kg,Ituano,Mercearia,Disponivel,119.98,https://www.mambo.com.br/cafe-em-graos-espresso-gourmet-ituano-1kg/p,Ituano,1000.0,kg,,peso,501g_1kg,12.0,59.99,
Mambo,2608,Café em Grãos Espresso Intenso Evolutto 1kg,Evolutto,Mercearia,Disponivel,132.98,https://www.mambo.com.br/cafe-em-graos-espresso-intenso-evolutto-1kg/p,Evolutto,1000.0,kg,,peso,501g_1kg,13.3,66.49,
Mambo,2609,Cápsula de Café Espresso Lungo Estremo L'or 52g com 10 Unidades,L'OR,Mercearia,Disponivel,30.98,https://www.mambo.com.br/cafe-espresso-lungo-estremo-lor-52g-com-10-capsulas/p,Lor,52.0,g,10.0,peso,ate_100g,59.58,297.88,3.1
Mambo,2611,Cápsula de Café Espresso Onyx L'or 52g com 10 Unidades,L'OR,Mercearia,Disponivel,30.98,https://www.mambo.com.br/cafe-espresso-onyx-lor-52g-com-10-capsulas-de-aluminio/p,Lor,52.0,g,10.0,peso,ate_100g,59.58,297.88,3.1
Mambo,2613,Cápsula de Café Espresso Pleno Tres 3 Corações 80g com 10 Unidades,3 Corações,Mercearia,Disponivel,17.98,https://www.mambo.com.br/capsula-de-cafe-espresso-pleno-tres-3-coracoes-80g-com-10-unidades/p,3 Corações,80.0,g,10.0,peso,ate_100g,22.48,112.38,1.8
Mambo,2614,Cápsula de Café Espresso Ristretto Descafeinado L'or 52g com 10 Unidades,L'OR,Mercearia,Disponivel,30.98,https://www.mambo.com.br/cafe-espresso-ristretto-descafeinado-lor-52g-com-10-capsulas-de-aluminio/p,Lor,52.0,g,10.0,peso,ate_100g,59.58,297.88,3.1
Mambo,2616,Cápsula de Café Espresso Ristretto L'or 52g com 10 Unidades,L'OR,Mercearia,Disponivel,30.98,https://www.mambo.com.br/cafe-espresso-ristretto-lor-52g-com-10-capsulas/p,Lor,52.0,g,10.0,peso,ate_100g,59.58,297.88,3.1
Mambo,2619,Cápsula de Café Espresso Select Orgânico Native 50g com 10 Unidades,Native,Mercearia,Disponivel,29.98,https://www.mambo.com.br/capsula-de-cafe-espresso-select-organico-native-50g-com-10-unidades/p,Native,50.0,g,10.0,peso,ate_100g,59.96,299.8,3.0
Mambo,2620,Cápsula de Café Espresso Sontuoso L'or 52g com 10 Unidades,L'OR,Mercearia,Disponivel,30.98,https://www.mambo.com.br/cafe-espresso-sontuoso-lor-52g-com-10-capsulas-de-aluminio/p,Lor,52.0,g,10.0,peso,ate_100g,59.58,297.88,3.1
Mambo,2622,Café em Grãos Espresso Superior Ituano 1kg,Ituano,Mercearia,Disponivel,115.98,https://www.mambo.com.br/cafe-em-graos-espresso-superior-ituano-1kg/p,Ituano,1000.0,kg,,peso,501g_1kg,11.6,57.99,
Mambo,2623,Cápsula de Café Espresso Supremo Tres 3 Corações 80g com 10 Unidades,3 Corações,Mercearia,Disponivel,17.98,https://www.mambo.com.br/capsula-de-cafe-espresso-supremo-tres-3-coracoes-80g-com-10-unidades/p,3 Corações,80.0,g,10.0,peso,ate_100g,22.48,112.38,1.8
Mambo,2625,Cápsula de Café Espresso Vibrante Tres 3 Corações 80g com 10 Unidades,3 Corações,Mercearia,Disponivel,17.98,https://www.mambo.com.br/capsula-de-cafe-espresso-vibrante-tres-3-coracoes-80g-com-10-unidades/p,3 Corações,80.0,g,10.0,peso,ate_100g,22.48,112.38,1.8
Mambo,2631,Cápsula de Café Expresso em Cápsula Guatemala L'or 52g com 10 Unidades,L'OR,Mercearia,Disponivel,30.98,https://www.mambo.com.br/cafe-expresso-em-capsula-guatemala-lor-52g-10-unidades/p,Lor,52.0,g,10.0,peso,ate_100g,59.58,297.88,3.1
Mambo,2633,Cápsula de Café Expresso Índia L'or 52g com 10 Unidades,L'OR,Mercearia,Disponivel,30.98,https://www.mambo.com.br/cafe-expresso-em-capsula-india-lor-52g-10-unidades/p,Lor,52.0,g,10.0,peso,ate_100g,59.58,297.88,3.1
Mambo,2638,Café Torrado e Moído Extra Forte a Vácuo 3 Corações 250g,3 Corações,Mercearia,Disponivel,25.98,https://www.mambo.com.br/cafe-torrado-e-moido-extra-forte-a-vacuo-3-coracoes-250g/p,3 Corações,250.0,g,,peso,101g_250g,10.39,51.96,
Mambo,2640,Café Torrado e Moído Extra Forte a Vácuo Melitta 500g,Melitta,Mercearia,Disponivel,31.99,https://www.mambo.com.br/cafe-torrado-e-moido-extra-forte-a-vacuo-melitta-500g/p,Melitta,500.0,g,,peso,251g_500g,6.4,31.99,
Mambo,2641,Café Torrado e Moído Extra Forte a Vácuo Pilão 500g,Pilão,Mercearia,Disponivel,43.49,https://www.mambo.com.br/cafe-torrado-e-moido-extra-forte-a-vacuo-pilao-500g/p,Pilão,500.0,g,,peso,251g_500g,8.7,43.49,
Mambo,2643,Café Torrado e Moído Extraforte 3 Corações Pacote 250g,3 Corações,Mercearia,Disponivel,25.49,https://www.mambo.com.br/cafe-torrado-e-moido-extraforte-3-coracoes-pacote-250g/p,3 Corações,250.0,g,,peso,101g_250g,10.2,50.98,
Mambo,2644,Café Torrado e Moído Extra Forte 3 Corações 500g,3 Corações,Mercearia,Disponivel,27.99,https://www.mambo.com.br/cafe-torrado-e-moido-extra-forte-3-coracoes-500g/p,3 Corações,500.0,g,,peso,251g_500g,5.6,27.99,
Mambo,2647,Café Torrado e Moído Extra Forte Floresta 500g,Cafe Floresta,Mercearia,Disponivel,34.98,https://www.mambo.com.br/cafe-extra-forte-almofada-floresta-500g/p,Cafe Floresta,500.0,g,,peso,251g_500g,7.0,34.98,
Mambo,2648,Café Torrado e Moído Extra Forte Café Pelé 500g,Café Pelé,Mercearia,Disponivel,36.98,https://www.mambo.com.br/cafe-torrado-e-moido-extra-forte-cafe-pele-500g/p,Café Pelé,500.0,g,,peso,251g_500g,7.4,36.98,
Mambo,2649,Café Torrado e Moído Extra Forte Pilão 500g,Pilão,Mercearia,Disponivel,43.49,https://www.mambo.com.br/cafe-torrado-e-moido-extra-forte-pilao-500g/p,Pilão,500.0,g,,peso,251g_500g,8.7,43.49,
Mambo,2650,Café Torrado e Moído Extra Forte Aviação 500g,Aviação,Mercearia,Disponivel,54.98,https://www.mambo.com.br/cafe-extra-forte-aviacao-500g/p,Aviação,500.0,g,,peso,251g_500g,11.0,54.98,
Mambo,2654,Cápsula de Café Filtrado Clássico Drip Coffee Orfeu 100g com 10 Unidades,Orfeu,Mercearia,Disponivel,40.49,https://www.mambo.com.br/cafe-filtrado-classico-drip-coffee-orfeu-100g-10-capsulas/p,Orfeu,100.0,g,10.0,peso,ate_100g,40.49,202.45,4.05
Mambo,2655,Cápsula de Café Filtrado Tradicional Tres 3 Corações 80g com 10 Unidades,3 Corações,Mercearia,Disponivel,17.98,https://www.mambo.com.br/capsula-de-cafe-filtrado-tradicional-tres-3-coracoes-80g-com-10-unidades/p,3 Corações,80.0,g,10.0,peso,ate_100g,22.48,112.38,1.8
Mambo,2657,Cápsula de Café Filtrado Intenso Drip Coffee Orfeu 100g com 10 Unidades,Orfeu,Mercearia,Disponivel,40.49,https://www.mambo.com.br/cafe-filtrado-intenso-drip-coffee-orfeu-100g-10-capsulas/p,Orfeu,100.0,g,10.0,peso,ate_100g,40.49,202.45,4.05
Mambo,2659,Café Torrado e Moído Gold Equilibrado Nescafé 250g,Nescafé,Mercearia,Disponivel,38.98,https://www.mambo.com.br/cafe-gold-equilibrado-nescafe-250g/p,Nescafé,250.0,g,,peso,101g_250g,15.59,77.96,
Mambo,2663,Café Torrado e Moído Gourmet Cerrado Mineiro 3 Corações 250g,3 Corações,Mercearia,Disponivel,25.99,https://www.mambo.com.br/cafe-torrado-e-moido-gourmet-cerrado-mineiro-3-coracoes-250g/p,3 Corações,250.0,g,,peso,101g_250g,10.4,51.98,
Mambo,2665,Café em Grãos Gourmet Toledo 500g,Café Toledo,Mercearia,Disponivel,65.99,https://www.mambo.com.br/cafe-gourmet-em-grao-toledo-500g/p,Café Toledo,500.0,g,,peso,251g_500g,13.2,65.99,
Mambo,2666,Café em Grãos Gourmet Santa Mônica 250g,Santa Mônica,Mercearia,Disponivel,43.49,https://www.mambo.com.br/cafe-gourmet-graos-santa-monica-250g/p,Santa Mônica,250.0,g,,peso,101g_250g,17.4,86.98,
Mambo,2667,Café Torrado e Moído Gourmet Mogiana Paulista 3 Corações 250g,3 Corações,Mercearia,Disponivel,25.99,https://www.mambo.com.br/cafe-torrado-e-moido-gourmet-mogiana-paulista-3-coracoes-250g/p,3 Corações,250.0,g,,peso,101g_250g,10.4,51.98,
Mambo,2669,Café Torrado e Moído Gourmet Regiões Brasileiras Cerrado Melitta 250g,Melitta,Mercearia,Disponivel,24.99,https://www.mambo.com.br/cafe-gourmet-regioes-brasileiras-cerrado-melitta-250g/p,Melitta,250.0,g,,peso,101g_250g,10.0,49.98,
Mambo,2670,Cápsula de Café Gourmet Santa Mônica 50g com 12 Unidades,Santa Mônica,Mercearia,Disponivel,31.98,https://www.mambo.com.br/cafe-gourmet-santa-monica-50g-com-12-capsulas/p,Santa Mônica,50.0,g,12.0,peso,ate_100g,63.96,319.8,2.66
Mambo,2671,Café Torrado e Moído Gourmet Santa Mônica 250g,Santa Mônica,Mercearia,Disponivel,43.98,https://www.mambo.com.br/cafe-gourmet-torrado-e-moido-santa-monica-250g/p,Santa Mônica,250.0,g,,peso,101g_250g,17.59,87.96,
Mambo,2677,Café Torrado e Moído Intenso a Vácuo Pilão 500g,Pilão,Mercearia,Disponivel,43.49,https://www.mambo.com.br/cafe-torrado-e-moido-intenso-a-vacuo-pilao-500g/p,Pilão,500.0,g,,peso,251g_500g,8.7,43.49,
Mambo,2678,Café Torrado e Moído Intenso Pilão 500g,Pilão,Mercearia,Disponivel,43.49,https://www.mambo.com.br/cafe-torrado-e-moido-intenso-pilao-500g/p,Pilão,500.0,g,,peso,251g_500g,8.7,43.49,
Mambo,2679,Cápsula de Café Intenso Orfeu 50g com 10 Unidades,Orfeu,Mercearia,Disponivel,26.99,https://www.mambo.com.br/cafe-intenso-orfeu-50g-com-10-capsulas/p,Orfeu,50.0,g,10.0,peso,ate_100g,53.98,269.9,2.7
Mambo,2680,Cápsula de Café Intenso Santa Mônica 50g com 12 Unidades,Santa Mônica,Mercearia,Disponivel,31.98,https://www.mambo.com.br/cafe-intenso-santa-monica-50g-com-12-capsulas/p,Santa Mônica,50.0,g,12.0,peso,ate_100g,63.96,319.8,2.66
Mambo,2684,Cápsula de Café Milão Italle 50g com 10 Unidades,Italle,Mercearia,Disponivel,13.99,https://www.mambo.com.br/cafe-milao-italle-50g-10-capsulas/p,Italle,50.0,g,10.0,peso,ate_100g,27.98,139.9,1.4
Mambo,2685,Café Torrado e Moído Aromas Caramelo Baggio 250g,Baggio,Mercearia,Disponivel,46.49,https://www.mambo.com.br/cafe-moido-aromatizado-caramelo-baggio-250g/p,Baggio,250.0,g,,peso,101g_250g,18.6,92.98,
Mambo,2686,Café Torrado e Moído Orgânico a Vácuo Cia Orgânica 250g,Cia Organica,Mercearia,Disponivel,48.98,https://www.mambo.com.br/cafe-torrado-e-moido-organico-a-vacuo-cia-organica-250g/p,Cia Organica,250.0,g,,peso,101g_250g,19.59,97.96,
Mambo,2687,Cápsula de Café Orgânico Biodinâmico Cia Orgânica 50g com 10 Unidades,Cia Organica,Mercearia,Disponivel,51.98,https://www.mambo.com.br/cafe-organico-biodinamico-cia-organica-50g-com-10-capsulas/p,Cia Organica,50.0,g,10.0,peso,ate_100g,103.96,519.8,5.2
Mambo,2689,Cápsula de Café Orgânico Cia Orgânica 50g com 10 Unidades,Cia Organica,Mercearia,Disponivel,47.49,https://www.mambo.com.br/cafe-organico-cia-organica-50g-com-10-capsulas/p,Cia Organica,50.0,g,10.0,peso,ate_100g,94.98,474.9,4.75
Mambo,2690,Café em Grãos Orgânico Cia Orgânica 250g,Cia Organica,Mercearia,Disponivel,47.98,https://www.mambo.com.br/cafe-organico-em-graos-cia-organica-250g-1/p,Cia Organica,250.0,g,,peso,101g_250g,19.19,95.96,
Mambo,2691,Cápsula de Café Orgânico Orfeu 50g com 10 Unidades,Orfeu,Mercearia,Disponivel,36.98,https://www.mambo.com.br/cafe-organico-orfeu-50g-com-10-capsulas/p,Orfeu,50.0,g,10.0,peso,ate_100g,73.96,369.8,3.7
Mambo,2693,Café em Grãos Orgânico Rituais 3 Corações 250g,3 Corações,Mercearia,Disponivel,33.99,https://www.mambo.com.br/cafe-em-graos-organico-rituais-3-coracoes-250g/p,3 Corações,250.0,g,,peso,101g_250g,13.6,67.98,
Mambo,2696,Café Torrado e Moído Pike Place Roast Starbucks & Nescafé 250g,Starbucks,Mercearia,Disponivel,48.98,https://www.mambo.com.br/cafe-pike-place-roast-starbucks-by-nescafe-250g/p,Starbucks,250.0,g,,peso,101g_250g,19.59,97.96,
Mambo,2697,Cápsula de Café Pike Place Roast Starbucks & Nespresso com 10 Unidades,Nescafé,Mercearia,Disponivel,32.98,https://www.mambo.com.br/cafe-pike-place-roast-starbucks-by-nespresso-com-10-capsulas/p,Nescafé,,,10.0,unidades,sem_peso,,,3.3
Mambo,2698,Café Torrado e Moído Estrada Real Vácuo 500g,3 Corações,Mercearia,Disponivel,33.99,https://www.mambo.com.br/cafe-torrado-e-moido-estrada-real-vacuo-500g/p,3 Corações,500.0,g,,peso,251g_500g,6.8,33.99,
Mambo,2699,Cápsula de Café Qalidus Delta 55g com 10 Unidades,Delta Q,Mercearia,Disponivel,28.49,https://www.mambo.com.br/cafe-qalidus-delta-55g-com-10-capsulas/p,Delta Q,55.0,g,10.0,peso,ate_100g,51.8,259.0,2.85
Mambo,2700,Cápsula de Café Qharacter 9 Delta 55g com 10 Unidades,Delta Q,Mercearia,Disponivel,28.49,https://www.mambo.com.br/cafe-qharacter-9-delta-55g-com-10-capsulas/p,Delta Q,55.0,g,10.0,peso,ate_100g,51.8,259.0,2.85
Mambo,2701,Cápsula de Café Qharisma Delta Q 55g com 10 Unidades,Delta Q,Mercearia,Disponivel,28.49,https://www.mambo.com.br/cafe-qharisma-delta-q-55g-com-10-capsulas/p,Delta Q,55.0,g,10.0,peso,ate_100g,51.8,259.0,2.85
Mambo,2702,Cápsula de Café Qonvictus 5 Delta 55g com 10 Unidades,Delta Q,Mercearia,Disponivel,28.49,https://www.mambo.com.br/cafe-qonvictus-5-delta-55g-com-10-capsulas/p,Delta Q,55.0,g,10.0,peso,ate_100g,51.8,259.0,2.85
Mambo,2703,Café Torrado e Moído Regiões Brasileiras Mogiana Melitta 250g,Melitta,Mercearia,Disponivel,24.99,https://www.mambo.com.br/cafe-torrado-e-moido-regioes-brasileiras-mogiana-melitta-250g/p,Melitta,250.0,g,,peso,101g_250g,10.0,49.98,
Mambo,2704,Café Torrado e Moído Regiões Brasileiras Sul de Minas Melitta 250g,Melitta,Mercearia,Disponivel,24.99,https://www.mambo.com.br/cafe-torrado-e-moido-regioes-brasileiras-sul-de-minas-melitta-250g/p,Melitta,250.0,g,,peso,101g_250g,10.0,49.98,
Mambo,2711,Cápsula de Café Espresso Rituais Mogiana Paulista 3 Corações com 10 Unidades,3 Corações,Mercearia,Disponivel,17.98,https://www.mambo.com.br/capsula-de-cafe-espresso-rituais-mogiana-paulista-3-coracoes-10-unid/p,3 Corações,,,10.0,unidades,sem_peso,,,1.8
Mambo,2712,Cápsula de Café Espresso Rituais Orgânico 3 Corações com 10 Unidades,3 Corações,Mercearia,Disponivel,17.98,https://www.mambo.com.br/capsula-de-cafe-espresso-rituais-organico-3-coracoes-10-unid/p,3 Corações,,,10.0,unidades,sem_peso,,,1.8
Mambo,2713,Café Torrado e Moído Orgânico Rituais 3 Corações 250g,3 Corações,Mercearia,Disponivel,33.99,https://www.mambo.com.br/cafe-torrado-e-moido-organico-rituais-3-coracoes-250g/p,3 Corações,250.0,g,,peso,101g_250g,13.6,67.98,
Mambo,2716,Cápsula de Café Roma Italle 50g com 10 Unidades,Italle,Mercearia,Disponivel,13.99,https://www.mambo.com.br/cafe-roma-italle-50g-10-capsulas/p,Italle,50.0,g,10.0,peso,ate_100g,27.98,139.9,1.4
Mambo,2717,Café Torrado e Moído Sabor da Fazenda Melitta 500g,Melitta,Mercearia,Disponivel,45.97,https://www.mambo.com.br/cafe-torrado-e-moido-sabor-da-fazenda-melitta-500g/p,Melitta,500.0,g,,peso,251g_500g,9.19,45.97,
Mambo,2718,Café Torrado e Moído Sabor da Fazenda A Vácuo Melitta 500g,Melitta,Mercearia,Disponivel,46.49,https://www.mambo.com.br/cafe-torrado-e-moido-sabor-da-fazenda-a-vacuo-melitta-500g/p,Melitta,500.0,g,,peso,251g_500g,9.3,46.49,
Mambo,2721,Cápsula de Café Espresso Gourmet Chapada Diamantina Tres 3 Corações 80g com 10 Unidades,3 Corações,Mercearia,Disponivel,17.98,https://www.mambo.com.br/capsula-de-cafe-espresso-gourmet-chapada-diamantina-tres-3-coracoes-80g-com-10-unidades/p,3 Corações,80.0,g,10.0,peso,ate_100g,22.48,112.38,1.8
Mambo,2731,Café Solúvel Extra Forte Iguaçu Lata 200g,Iguaçu,Mercearia,Disponivel,32.99,https://www.mambo.com.br/cafe-soluvel-extra-forte-iguacu-lata-200g/p,Iguaçu,200.0,g,,peso,101g_250g,16.5,82.48,
Mambo,2732,Café Solúvel Extra Forte Original Nescafé 100g,Nestlé,Mercearia,Disponivel,33.98,https://www.mambo.com.br/cafe-soluvel-extra-forte-original-nescafe-100g/p,Nestlé,100.0,g,,peso,ate_100g,33.98,169.9,
Mambo,2737,Café Solúvel Liofilizado Gourmet Iguaçu Vidro 100g,Iguaçu,Mercearia,Disponivel,27.99,https://www.mambo.com.br/cafe-soluvel-liofilizado-gourmet-iguacu-vidro-100g/p,Cafe Iguacu,100.0,g,,peso,ate_100g,27.99,139.95,
Mambo,2741,Café Solúvel Liofilizado 3 Corações Vidro 100g,3 Corações,Mercearia,Disponivel,27.99,https://www.mambo.com.br/cafe-soluvel-liofilizado-3-coracoes-vidro-100g/p,3 Corações,100.0,g,,peso,ate_100g,27.99,139.95,
Mambo,2744,Café Solúvel Matinal Nescafé 100g,Nescafé,Mercearia,Disponivel,33.98,https://www.mambo.com.br/cafe-soluvel-matinal-nescafe-100g/p,Nescafé,100.0,g,,peso,ate_100g,33.98,169.9,
Mambo,2754,Café Solúvel em pó Tradicional Iguaçu Lata 200g,Iguaçu,Mercearia,Disponivel,32.99,https://www.mambo.com.br/cafe-soluvel-em-po-tradicional-iguacu-lata-200g/p,Iguaçu,200.0,g,,peso,101g_250g,16.5,82.48,
Mambo,2756,Café Solúvel Tradição Nescafé 100g Café Solúvel Tradição Forte Nescafé 100g,Nestlé,Mercearia,Disponivel,33.98,https://www.mambo.com.br/cafe-soluvel-tradicao-forte-nescafe-100g/p,Nestlé,100.0,g,,peso,ate_100g,33.98,169.9,
Mambo,2757,Café Torrado e Moído Suave Mister Prima Qualitá 500g,Prima Qualitá,Mercearia,Disponivel,70.98,https://www.mambo.com.br/cafe-suave-moido-mister-prima-qualita-500g/p,Prima Qualita,500.0,g,,peso,251g_500g,14.2,70.98,
Mambo,2760,Cápsula de Café Tenor Bravo 50g com 10 Unidades,Bravo Café,Mercearia,Disponivel,23.98,https://www.mambo.com.br/cafe-tenor-bravo-50g-com-10-capsulas/p,Bravo Café,50.0,g,10.0,peso,ate_100g,47.96,239.8,2.4
Mambo,2764,Café Torrado e Moído a Vácuo Espresso Pilão Cafeteria Pacote 500g,Pilão,Mercearia,Disponivel,47.98,https://www.mambo.com.br/cafe-torrado-e-moido-a-vacuo-espresso-pilao-cafeteria-pacote-500g/p,Pilão,500.0,g,,peso,251g_500g,9.6,47.98,
Mambo,2766,Cápsula de Café Aromas Chocolate com Menta Baggio 50g com 10 Unidades,Baggio,Mercearia,Disponivel,33.98,https://www.mambo.com.br/capsula-de-cafe-aromas-chocolate-com-menta-baggio-50g-com-10-unidades/p,Baggio,50.0,g,10.0,peso,ate_100g,67.96,339.8,3.4
Mambo,2767,Café Torrado e Moído Coado a Vácuo Cafeteria Pilão Pacote 500g,Pilão,Mercearia,Disponivel,47.98,https://www.mambo.com.br/cafe-torrado-e-moido-coado-a-vacuo-pilao-cafeteria-pacote-500/p,Pilão,500.0,g,,peso,251g_500g,9.6,47.98,
Mambo,2768,Cápsula de Café Descafeinado Orfeu 50g com 10 Unidades,Orfeu,Mercearia,Disponivel,43.49,https://www.mambo.com.br/cafe-torrado-e-moido-descafeinado-orfeu-10-capsulas-50g/p,Orfeu,50.0,g,10.0,peso,ate_100g,86.98,434.9,4.35
Mambo,2773,Café Torrado e Moído Tostato Classico per Moka Illy Lata 125g,Illy,Mercearia,Disponivel,19.98,https://www.mambo.com.br/cafe-torrado-e-moido-tostato-classico-per-moka-illy-lata-125g/p,Illy,125.0,g,,peso,101g_250g,15.98,79.92,
Mambo,2774,Café Torrado e Moído Clássico Especial Orfeu 250g,Orfeu,Mercearia,Disponivel,42.49,https://www.mambo.com.br/cafe-torrado-e-moido-classico-especial-orfeu-250g/p,Orfeu,250.0,g,,peso,101g_250g,17.0,84.98,
Mambo,2775,Café Torrado e Moído Exportação Café Do Ponto 500g,Café do Ponto,Mercearia,Disponivel,55.98,https://www.mambo.com.br/cafe-torrado-e-moido-exportacao-do-ponto-500g/p,Café do Ponto,500.0,g,,peso,251g_500g,11.2,55.98,
Mambo,2776,Café Torrado e Moído Extraforte Melitta Pacote 500g,Melitta,Mercearia,Disponivel,31.99,https://www.mambo.com.br/cafe-torrado-e-moido-extraforte-melitta-pacote-500g/p,Melitta,500.0,g,,peso,251g_500g,6.4,31.99,
Mambo,2777,Café Torrado e Moído Intenso Illy 250g,Illy,Mercearia,Disponivel,50.49,https://www.mambo.com.br/cafe-torrado-e-moido-filtro-illy-lata-250g/p,Illy,250.0,g,,peso,101g_250g,20.2,100.98,
Mambo,2779,Cápsula de Café Gourmet Clássico Baggio 50g com 10 Unidades,Baggio,Mercearia,Disponivel,33.98,https://www.mambo.com.br/capsula-de-cafe-gourmet-classico-baggio-50g-com-10-unidades/p,Baggio,50.0,g,10.0,peso,ate_100g,67.96,339.8,3.4
Mambo,2780,Café Torrado e Moído Gourmet Espresso Baggio 250g,Baggio,Mercearia,Disponivel,46.49,https://www.mambo.com.br/cafe-torrado-e-moido-gourmet-espresso-baggio-250g/p,Baggio,250.0,g,,peso,101g_250g,18.6,92.98,
Mambo,2781,Cápsula de Café Gourmet Intenso Baggio 50g com 10 Unidades,Baggio,Mercearia,Disponivel,33.98,https://www.mambo.com.br/capsula-de-cafe-gourmet-intenso-baggio-50g-com-10-unidades/p,Baggio,50.0,g,10.0,peso,ate_100g,67.96,339.8,3.4
Mambo,2784,Café Torrado e Moído Intenso Santa Mônica 250g,Santa Mônica,Mercearia,Disponivel,43.98,https://www.mambo.com.br/cafe-torrado-e-moido-intenso-santa-monica-250g/p,Santa Mônica,250.0,g,,peso,101g_250g,17.59,87.96,
Mambo,2785,Café Torrado e Moído Single-Origin Colombia Starbucks 250g,Nestlé,Mercearia,Disponivel,52.98,https://www.mambo.com.br/cafe-torrado-e-moido-single-origin-colombia-starbucks-250g/p,Nestlé,250.0,g,,peso,101g_250g,21.19,105.96,
Mambo,2788,Café Torrado e Moído Orgânico Especial Orfeu 250g,Orfeu,Mercearia,Disponivel,48.98,https://www.mambo.com.br/cafe-torrado-e-moido-organico-especial-orfeu-250g/p,Orfeu,250.0,g,,peso,101g_250g,19.59,97.96,
Mambo,2789,Cápsula de Café Caramelo Baggio 50g com 10 Unidades,Baggio,Mercearia,Disponivel,33.98,https://www.mambo.com.br/capsula-de-cafe-caramelo-baggio-50g-com-10-unidades/p,Baggio,50.0,g,10.0,peso,ate_100g,67.96,339.8,3.4
Mambo,2790,Café Torrado e Moído Aromas de Chocolate Trufado Baggio 250g,Baggio,Mercearia,Disponivel,46.49,https://www.mambo.com.br/cafe-torrado-e-moido-aromas-de-chocolate-trufado-baggio-250g/p,Baggio,250.0,g,,peso,101g_250g,18.6,92.98,
Mambo,2791,Cápsula de Café Aromas Chocolate Trufado Baggio 50g com 10 Unidades,Baggio,Mercearia,Disponivel,33.98,https://www.mambo.com.br/capsula-de-cafe-aromas-chocolate-trufado-baggio-50g-com-10-unidades/p,Baggio,50.0,g,10.0,peso,ate_100g,67.96,339.8,3.4
Mambo,2794,Café Torrado e Moído Gourmet Sul de Minas 3 Corações 250g,3 Corações,Mercearia,Disponivel,25.99,https://www.mambo.com.br/cafe-torrado-e-moido-gourmet-sul-de-minas-3-coracoes-250g/p,3 Corações,250.0,g,,peso,101g_250g,10.4,51.98,
Mambo,2795,Cápsula de Café Gourmet Aluminium Expresso Café Toledo 50g com 10 Unidades,Café Toledo,Mercearia,Disponivel,33.99,https://www.mambo.com.br/capsula-de-cafe-gourmet-aluminium-expresso-cafe-toledo-50g-com-10-unidades/p,Café Toledo,50.0,g,10.0,peso,ate_100g,67.98,339.9,3.4
Mambo,2796,Café Torrado e Moído Toledo Vácuo 500g,Café Toledo,Mercearia,Disponivel,49.99,https://www.mambo.com.br/cafe-torrado-e-moido-toledo-vacuo-500g/p,Café Toledo,500.0,g,,peso,251g_500g,10.0,49.99,
Mambo,2798,Cápsula de Café Aromas Vanilla Baggio 50g com 10 Unidades,Baggio,Mercearia,Disponivel,33.98,https://www.mambo.com.br/capsula-de-cafe-aromas-vanilla-baggio-50g-com-10-unidades/p,Baggio,50.0,g,10.0,peso,ate_100g,67.96,339.8,3.4
Mambo,2799,Café em Grãos Espresso Pilão 1kg,Pilão,Mercearia,Disponivel,153.98,https://www.mambo.com.br/cafe-torrado-em-grao-pilao-1kg/p,Pilão,1000.0,kg,,peso,501g_1kg,15.4,76.99,
Mambo,2800,Café em Grãos Bourbon Amarelo Varietais Orfeu 250g,Orfeu,Mercearia,Disponivel,42.98,https://www.mambo.com.br/cafe-em-graos-bourbon-amarelo-varietais-orfeu-250g/p,Orfeu,250.0,g,,peso,101g_250g,17.19,85.96,
Mambo,2801,Café em Grãos Clássico Especial Orfeu 250g,Orfeu,Mercearia,Disponivel,42.98,https://www.mambo.com.br/cafe-em-graos-classico-especial-orfeu-250g/p,Orfeu,250.0,g,,peso,101g_250g,17.19,85.96,
Mambo,2802,Café em Grãos Descafeinado Especial Orfeu 250g,Orfeu,Mercearia,Disponivel,65.49,https://www.mambo.com.br/cafe-em-graos-descafeinado-especial-orfeu-250g/p,Orfeu,250.0,g,,peso,101g_250g,26.2,130.98,
Mambo,2803,Café em Grãos Intenso Especial Orfeu 250g,Orfeu,Mercearia,Disponivel,42.98,https://www.mambo.com.br/cafe-em-graos-intenso-especial-orfeu-250g/p,Orfeu,250.0,g,,peso,101g_250g,17.19,85.96,
Mambo,2805,Café em Grãos Orgânico Especial Orfeu 250g,Orfeu,Mercearia,Disponivel,48.98,https://www.mambo.com.br/cafe-em-graos-organico-especial-orfeu-250g/p,Orfeu,250.0,g,,peso,101g_250g,19.59,97.96,
Mambo,2807,Café Torrado e Moído Tradicional a Vácuo 3 Corações 250g,3 Corações,Mercearia,Disponivel,25.98,https://www.mambo.com.br/cafe-tradicional-a-vacuo-3-coracoes-250g/p,3 Corações,250.0,g,,peso,101g_250g,10.39,51.96,
Mambo,2809,Café Torrado e Moído Tradicional a Vácuo Café do Ponto 500g,Café do Ponto,Mercearia,Disponivel,55.98,https://www.mambo.com.br/cafe-tradicional-a-vacuo-cafe-do-ponto-500g/p,Café do Ponto,500.0,g,,peso,251g_500g,11.2,55.98,
Mambo,2811,Café Torrado e Moído Tradicional a Vácuo Melitta 500g,Melitta,Mercearia,Disponivel,31.99,https://www.mambo.com.br/cafe-torrado-e-moido-tradicional-a-vacuo-melitta-500g/p,Melitta,500.0,g,,peso,251g_500g,6.4,31.99,
Mambo,2812,Café Torrado e Moído Tradicional a Vácuo Pilão 250g,Pilão,Mercearia,Disponivel,26.49,https://www.mambo.com.br/cafe-torrado-e-moido-tradicional-a-vacuo-pilao-250g/p,Pilão,250.0,g,,peso,101g_250g,10.6,52.98,
Mambo,2813,Café Torrado e Moído Tradicional a Vácuo Pilão 500g,Pilão,Mercearia,Disponivel,39.98,https://www.mambo.com.br/cafe-torrado-e-moido-tradicional-a-vacuo-pilao-500g/p,Pilão,500.0,g,,peso,251g_500g,8.0,39.98,
Mambo,2814,Café Torrado e Moído Tradicional Abre & Fecha Pilão 250g,Pilão,Mercearia,Disponivel,26.98,https://www.mambo.com.br/cafe-torrado-e-moido-tradicional-abre---fecha-pilao-250g/p,Pilão,250.0,g,,peso,101g_250g,10.79,53.96,
Mambo,2815,Café Torrado e Moído Tradicional Abre & Fecha Pilão 500g,Pilão,Mercearia,Disponivel,43.49,https://www.mambo.com.br/cafe-torrado-e-moido-tradicional-abre---fecha-pilao-500g/p,Pilão,500.0,g,,peso,251g_500g,8.7,43.49,
Mambo,2816,Café Torrado e Moído Tradicional 3 Corações 250g,3 Corações,Mercearia,Disponivel,25.98,https://www.mambo.com.br/cafe-torrado-e-moido-tradicional-3-coracoes-250g/p,3 Corações,250.0,g,,peso,101g_250g,10.39,51.96,
Mambo,2817,Café Torrado e Moído Tradicional 3 Corações 500g,3 Corações,Mercearia,Disponivel,27.99,https://www.mambo.com.br/cafe-torrado-e-moido-tradicional-3-coracoes-500g/p,3 Corações,500.0,g,,peso,251g_500g,5.6,27.99,
Mambo,2819,Café Torrado e Moído Tradicional Caboclo 500g,Caboclo,Mercearia,Disponivel,35.98,https://www.mambo.com.br/cafe-torrado-e-moido-tradicional-caboclo-500g/p,Caboclo,500.0,g,,peso,251g_500g,7.2,35.98,
Mambo,2820,Café Torrado e Moído Tradicional Floresta 500g,Cafe Floresta,Mercearia,Disponivel,34.98,https://www.mambo.com.br/cafe-tradicional-almofada-floresta-500g/p,Cafe Floresta,500.0,g,,peso,251g_500g,7.0,34.98,
Mambo,2821,Café Torrado e Moído Tradicional Melitta 500g,Melitta,Mercearia,Disponivel,31.99,https://www.mambo.com.br/cafe-torrado-e-moido-tradicional-melitta-500g/p,Melitta,500.0,g,,peso,251g_500g,6.4,31.99,
Mambo,2822,Café Torrado e Moído Tradicional Pilão 250g,Pilão,Mercearia,Disponivel,26.49,https://www.mambo.com.br/cafe-torrado-e-moido-tradicional-pilao-250g/p,Pilão,250.0,g,,peso,101g_250g,10.6,52.98,
Mambo,2823,Café Torrado e Moído Tradicional Pilão 500g,Pilão,Mercearia,Disponivel,43.49,https://www.mambo.com.br/cafe-torrado-e-moido-tradicional-pilao-500g/p,Pilão,500.0,g,,peso,251g_500g,8.7,43.49,
Mambo,2828,Cápsula de Café Turim Italle 50g com 10 Unidades,Italle,Mercearia,Disponivel,13.99,https://www.mambo.com.br/cafe-turim-italle-50g-10-capsulas/p,Italle,50.0,g,10.0,peso,ate_100g,27.98,139.9,1.4
Mambo,2829,Cápsula de Café Veneza Italle 50g com 10 Unidades,Italle,Mercearia,Disponivel,13.99,https://www.mambo.com.br/cafe-veneza-italle-50g-10-capsulas/p,Italle,50.0,g,10.0,peso,ate_100g,27.98,139.9,1.4
Mambo,2830,Café Torrado e Moído Torra Escura Verona Starbucks 250g,Starbucks,Mercearia,Disponivel,48.98,https://www.mambo.com.br/cafe-torrado-e-moido-torra-escura-verona-starbucks-250g/p,Starbucks,250.0,g,,peso,101g_250g,19.59,97.96,
Mambo,2831,Cápsula de Café Starbucks Caffè Verona by Nespresso Nescafé 55g com 10 Unidades,Nescafé,Mercearia,Disponivel,32.98,https://www.mambo.com.br/capsula-de-cafe-starbucks-caffe-verona-by-nespresso-nescafe-55g-com-10-unidades-/p,Nescafé,55.0,g,10.0,peso,ate_100g,59.96,299.82,3.3
Mambo,2945,Cappuccino Chocolate 3 Corações Pote 200g,3 Corações,Mercearia,Disponivel,23.98,https://www.mambo.com.br/cappuccino-chocolate-3-coracoes-pote-200g/p,3 Corações,200.0,g,,peso,101g_250g,11.99,59.95,
Mambo,2946,Cappuccino Classic 3 Corações Pote 200g,3 Corações,Mercearia,Disponivel,23.98,https://www.mambo.com.br/cappuccino-classic-3-coracoes-pote-200g/p,3 Corações,200.0,g,,peso,101g_250g,11.99,59.95,
Mambo,2947,Cappuccino Classic 3 Corações Pote 400g,3 Corações,Mercearia,Disponivel,32.99,https://www.mambo.com.br/cappuccino-classic-3-coracoes-pote-400g/p,3 Corações,400.0,g,,peso,251g_500g,8.25,41.24,
Mambo,2949,Cápsula de Café Cappuccino Classic Tres 3 Corações 110g com 10 Unidades,3 Corações,Mercearia,Disponivel,17.98,https://www.mambo.com.br/capsula-de-cafe-cappuccino-classic-tres-3-coracoes-110g-com-10-unidades/p,3 Corações,110.0,g,10.0,peso,101g_250g,16.35,81.73,1.8
Mambo,2950,Cápsula de Cappuccino Avelã 3 Corações 110g com 10 Unidades,3 Corações,Mercearia,Disponivel,17.98,https://www.mambo.com.br/capsula-de-cappuccino-avela-3-coracoes-110g-com-10-unidades/p,3 Corações,110.0,g,10.0,peso,101g_250g,16.35,81.73,1.8
Mambo,2953,Cappuccino Diet 3 Corações Pote 150g,3 Corações,Mercearia,Disponivel,21.99,https://www.mambo.com.br/cappuccino-diet-3-coracoes-pote-150g/p,3 Corações,150.0,g,,peso,101g_250g,14.66,73.3,
Mambo,2954,Cápsula de Café Cappuccino Doce de Leite 3 Corações com 10 Unidades,Havanna,Mercearia,Disponivel,17.98,https://www.mambo.com.br/capsula-de-cappuccino-doce-de-leite-3-coracoes-10-unid/p,Havanna,,,10.0,unidades,sem_peso,,,1.8
Mambo,2966,Cappuccino Tradicional Melitta 200g,Melitta,Mercearia,Disponivel,16.99,https://www.mambo.com.br/cappuccino-tradicional-melitta-200g/p,Melitta,200.0,g,,peso,101g_250g,8.49,42.48,
Mambo,2967,Cappucino Sabor Chocolate 3 Corações Sachê 20g,3 Corações,Mercearia,Disponivel,3.79,https://www.mambo.com.br/cappucino-sabor-chocolate-3-coracoes-sache-20g/p,3 Corações,20.0,g,,peso,ate_100g,18.95,94.75,
Mambo,2972,Capuccino Tradicional Italle 75g 10 Cápsulas,Italle,Mercearia,Disponivel,18.99,https://www.mambo.com.br/capuccino-tradicional-italle-75g-10-capsulas/p,Italle,75.0,g,10.0,peso,ate_100g,25.32,126.6,1.9
Mambo,16409,Café Torrado e Moído Gourmet Dark Roast 3 Corações 250g,3 Corações,Mercearia,Disponivel,25.99,https://www.mambo.com.br/cafe-torrado-e-moido-gourmet-dark-roast-3-coracoes-250g/p,3 Corações,250.0,g,,peso,101g_250g,10.4,51.98,
Mambo,16411,Café Torrado e Moído Extra Forte União 500g,União,Mercearia,Disponivel,25.9,https://www.mambo.com.br/cafe-torrado-e-moido-extra-forte-uniao-500g/p,União,500.0,g,,peso,251g_500g,5.18,25.9,
Mambo,16412,Café Torrado e Moído Tradicional União 500g,Camil,Mercearia,Disponivel,25.9,https://www.mambo.com.br/cafe-torrado-e-moido-tradicional-uniao-500g/p,Camil,500.0,g,,peso,251g_500g,5.18,25.9,
Mambo,16614,Café em Cápsula Torrado e Moído Espresso Ultimo L'or Caixa 52g 10 Unidades,L'OR,Mercearia,Disponivel,30.98,https://www.mambo.com.br/cafe-em-capsula-torrado-e-moido-espresso-ultimo-l-or-caixa-52g-10-unidades/p,Lor,52.0,g,10.0,peso,ate_100g,59.58,297.88,3.1
Mambo,16648,Café Torrado e Moído Premium Bravo 500g,Bravo Café,Mercearia,Disponivel,29.9,https://www.mambo.com.br/cafe-torrado-e-moido-premium-bravo-500g/p,Bravo Café,500.0,g,,peso,251g_500g,5.98,29.9,
Mambo,16697,Cápsula de Café Espresso Baunilha Flavours Collection L'or 52g com 10 Unidades,L'OR,Mercearia,Disponivel,30.98,https://www.mambo.com.br/cafe-capsula-espresso-baunilha-flavours-collection-lor-52g-10-capsulas/p,Lor,52.0,g,10.0,peso,ate_100g,59.58,297.88,3.1
Mambo,16698,Cápsula de Café Espresso Caramelo Flavours Collection L'or 52g com 10 Unidades,L'OR,Mercearia,Disponivel,30.98,https://www.mambo.com.br/cafe-capsula-espresso-caramelo-flavours-collection-lor-52g-10-capsulas/p,Lor,52.0,g,10.0,peso,ate_100g,59.58,297.88,3.1
Mambo,16776,Café Solúvel Espresso L'or 100g,L'OR,Mercearia,Disponivel,37.49,https://www.mambo.com.br/cafe-soluvel-espresso-l-or-100g/p,Lor,100.0,g,,peso,ate_100g,37.49,187.45,
Mambo,16778,Café Torrado e Moído Delicado Torras Gourmet L'or 250g,Pilão,Mercearia,Disponivel,30.49,https://www.mambo.com.br/cafe-torrado-e-moido-delicado-torras-gourmet-l-or-250g/p,Pilão,250.0,g,,peso,101g_250g,12.2,60.98,
Mambo,16779,Café Solúvel Tradicional 3 Corações Vidro 100g,3 Corações,Mercearia,Disponivel,26.99,https://www.mambo.com.br/cafe-soluvel-tradicional-3-coracoes-vidro-100g/p,3 Corações,100.0,g,,peso,ate_100g,26.99,134.95,
Mambo,16780,Café Torrado e Moído Intenso Torras Gourmet L'or 250g,L'OR,Mercearia,Disponivel,30.49,https://www.mambo.com.br/cafe-torrado-e-moido-intenso-torras-gourmet-l-or-250g/p,Lor,250.0,g,,peso,101g_250g,12.2,60.98,
Mambo,16781,Café Torrado e Moído Equilibrado Torras Gourmet L'or 250g,L'OR,Mercearia,Disponivel,30.49,https://www.mambo.com.br/cafe-torrado-e-moido-equilibrado-torras-gourmet-l-or-250g/p,Lor,250.0,g,,peso,101g_250g,12.2,60.98,
Mambo,16782,Café Solúvel em Pó Espresso L'or 40g,L'OR,Mercearia,Disponivel,11.98,https://www.mambo.com.br/cafe-soluvel-em-po-espresso-lor-40g/p,Lor,40.0,g,,peso,ate_100g,29.95,149.75,
Mambo,16934,Café Solúvel Cappuccino Chocolate Melitta 200g,Melitta,Mercearia,Disponivel,16.99,https://www.mambo.com.br/cafe-soluvel-cappuccino-chocolate-melitta-200g/p,Melitta,200.0,g,,peso,101g_250g,8.49,42.48,
Mambo,17000,Café Torrado e Moído Tradicional Fort 500g,Fort,Mercearia,Disponivel,28.99,https://www.mambo.com.br/cafe-tradicional-fort-500g/p,Fort,500.0,g,,peso,251g_500g,5.8,28.99,
Mambo,17533,Cápsula de Café Soprano Bravo 50g com 10 Unidades,Bravo Café,Mercearia,Disponivel,23.98,https://www.mambo.com.br/cafe-soprano-bravo-50g-com-10-capsulas/p,Bravo Café,50.0,g,10.0,peso,ate_100g,47.96,239.8,2.4
Mambo,17534,Café Torrado e Moído Extraforte Café Brasileiro 500g,Café Brasileiro,Mercearia,Disponivel,28.99,https://www.mambo.com.br/cafe-torrado-e-moido-extraforte-cafe-brasileiro-pacote-500g/p,Café Brasileiro,500.0,g,,peso,251g_500g,5.8,28.99,
Mambo,17618,Café Solúvel com Leite Nescafé Lata 330g,Nestlé,Mercearia,Disponivel,28.49,https://www.mambo.com.br/cafe-soluvel-com-leite-nescafe-lata-330g/p,Nestlé,330.0,g,,peso,251g_500g,8.63,43.17,
Mambo,17733,Café em Grãos Orgânico Santa Monica 250g,Santa Mônica,Mercearia,Disponivel,55.98,https://www.mambo.com.br/cafe-em-graos-organico-santa-monica-250g/p,Santa Mônica,250.0,g,,peso,101g_250g,22.39,111.96,
Mambo,17787,Cápsula de Café Portinari Tres 3 Corações 80g com 10 Unidades,3 Corações,Mercearia,Disponivel,17.98,https://www.mambo.com.br/capsula-de-cafe-portinari-tres-3-coracoes-80g-com-10-unidades/p,3 Corações,80.0,g,10.0,peso,ate_100g,22.48,112.38,1.8
Mambo,17788,Cápsula de Café Notas Frutadas Portinari 3 Corações com 10 Unidades,3 Corações,Mercearia,Disponivel,17.98,https://www.mambo.com.br/capsula-de-cafe-portinari-notas-frutadas-3-coracoes-10-unid/p,3 Corações,,,10.0,unidades,sem_peso,,,1.8
Mambo,17790,Café Torrado e Moído Portinari Café 1942 3 Corações 250g,3 Corações,Mercearia,Disponivel,25.99,https://www.mambo.com.br/cafe-torrado-e-moido-portinari-cafe-1942-3-coracoes-250g/p,3 Corações,250.0,g,,peso,101g_250g,10.4,51.98,
Mambo,17791,Café Torrado e Moído Portinari Peneirando Café 1957 3 Corações 250g,3 Corações,Mercearia,Disponivel,25.99,https://www.mambo.com.br/cafe-torrado-e-moido-portinari-peneirando-cafe-1957-3-coracoes-250g/p,3 Corações,250.0,g,,peso,101g_250g,10.4,51.98,
Mambo,17792,Café Torrado e Moído Portinari Meninos Soltando Pipas 1947 3 Corações 250g,3 Corações,Mercearia,Disponivel,25.99,https://www.mambo.com.br/cafe-torrado-e-moido-portinari-meninos-soltando-pipas-1947-3-coracoes-250g/p,3 Corações,250.0,g,,peso,101g_250g,10.4,51.98,
Mambo,18527,Café em Grãos Gourmet Expresso 3 Corações 1kg,3 Corações,Mercearia,Disponivel,119.9,https://www.mambo.com.br/cafe-em-graos-gourmet-expresso-3-coracoes-1kg/p,3 Corações,1000.0,kg,,peso,501g_1kg,11.99,59.95,
Mambo,18528,Cápsula de Café Chocolate com Avelã Baggio 50g com 10 Unidades,Baggio,Mercearia,Disponivel,34.49,https://www.mambo.com.br/capsula-de-cafe-chocolate-com-avela-baggio-50g-10-unidades/p,Baggio,50.0,g,10.0,peso,ate_100g,68.98,344.9,3.45
Mambo,18529,Café Torrado e Moído Torra Média Bravo 250g,Bravo Café,Mercearia,Disponivel,22.99,https://www.mambo.com.br/cafe-torrado-e-moido-torra-media-bravo-250g/p,Bravo Café,250.0,g,,peso,101g_250g,9.2,45.98,
Mambo,18530,Café Torrado e Moído Tenor Torra Média Bravo 500g,Bravo Café,Mercearia,Disponivel,39.9,https://www.mambo.com.br/cafe-torrado-e-moido-tenor-torra-media-bravo-500g/p,Bravo Café,500.0,g,,peso,251g_500g,7.98,39.9,
Mambo,18531,Cápsula de Café Maestro Bravo 50g com 10 Unidades,Bravo Café,Mercearia,Disponivel,24.49,https://www.mambo.com.br/capsula-de-cafe-maestro-bravo-50g-10-unidades/p,Bravo Café,50.0,g,10.0,peso,ate_100g,48.98,244.9,2.45
Mambo,18532,Café Torrado e Moído Tradicional Brasileiro 500g,Brasileiro,Mercearia,Disponivel,28.99,https://www.mambo.com.br/cafe-torrado-e-moido-tradicional-brasileiro-500g/p,Brasileiro,500.0,g,,peso,251g_500g,5.8,28.99,
Mambo,18985,Café Torrado e Moído Chocolate com Avelã Baggio Aromas 250g,Baggio,Mercearia,Disponivel,46.49,https://www.mambo.com.br/cafe-torrado-e-moido-chocolate-com-avela-baggio-aromas-250g/p,Baggio,250.0,g,,peso,101g_250g,18.6,92.98,
Mambo,18987,Cápsula de Café Ristretto Baggio 50g com 10 Unidades,Baggio,Mercearia,Disponivel,34.49,https://www.mambo.com.br/capsula-de-cafe-ristretto-baggio-50g-10-unidades/p,Baggio,50.0,g,10.0,peso,ate_100g,68.98,344.9,3.45
Mambo,19749,Café Solúvel em Pó Intensidade 6 Nescafé Gold Espresso Lata 100g Café Solúvel em Pó Gold Espresso Suave Nescafé Lata 100g,Nescafé,Mercearia,Disponivel,43.98,https://www.mambo.com.br/cafe-soluvel-em-po-gold-espresso-suave-nescafe-lata-100g/p,Nescafé,100.0,g,,peso,ate_100g,43.98,219.9,
Mambo,19750,Café Solúvel Gold Espresso Intensidade 8 Nescafé 100g,Nescafé,Mercearia,Disponivel,43.98,https://www.mambo.com.br/cafe-gold-equilibra-nescafe-lata-100g/p,Nescafé,100.0,g,,peso,ate_100g,43.98,219.9,
Mambo,19751,Café Solúvel Intensidade 9 Nescafé Gold Espresso Lata 100g Café Solúvel Gold Espresso Intenso Nescafé Lata 100g,Nescafé,Mercearia,Disponivel,43.98,https://www.mambo.com.br/cafe-soluvel-gold-espresso-intenso-nescafe-lata-100g/p,Nescafé,100.0,g,,peso,ate_100g,43.98,219.9,
Mambo,19838,Café Torrado e Moído Italiano Costa Rica Compagnia Dell Arabica Corsini 25Og,Caffè Corsini,Mercearia,Disponivel,64.98,https://www.mambo.com.br/cafe-torrado-e-moido-italiano-costa-rica-compagnia-dell-arabica-corsini-25og/p,Caffè Corsini,,,,sem_quantidade,sem_peso,,,
Mambo,19839,Café Torrado e Moído Italiano Índia Compagnia Dell Arabica Corsini 25Og,Caffè Corsini,Mercearia,Disponivel,68.98,https://www.mambo.com.br/cafe-torrado-e-moido-italiano-india-compagnia-dell-arabica-corsini-25og/p,Caffè Corsini,,,,sem_quantidade,sem_peso,,,
Mambo,19840,Café Torrado e Moído Italiano Colômbia Compagnia Dell Arabica Corsini 25Og,Caffè Corsini,Mercearia,Disponivel,65.98,https://www.mambo.com.br/cafe-torrado-e-moido-italiano-colombia-compagnia-dell-arabica-corsini-25og/p,Caffè Corsini,,,,sem_quantidade,sem_peso,,,
Mambo,19841,Café Torrado e Moído Italiano Kenya Compagnia Dell Arabica Corsini 25Og,Caffè Corsini,Mercearia,Disponivel,65.49,https://www.mambo.com.br/cafe-torrado-e-moido-italiano-kenya-compagnia-dell-arabica-corsini-25og/p,Caffè Corsini,,,,sem_quantidade,sem_peso,,,
Mambo,19908,Café Torrado e Moído Drip Classico Coffee++ 100g,Coffee ++,Mercearia,Disponivel,32.98,https://www.mambo.com.br/cafe-torrado-e-moido-drip-classico-coffee---100g/p,Coffee ++,100.0,g,,peso,ate_100g,32.98,164.9,
Mambo,19909,Café Torrado e Moído Drip Arara Coffee++ 100g,Coffee ++,Mercearia,Disponivel,32.98,https://www.mambo.com.br/cafe-torrado-e-moido-drip-arara-coffee-100g/p,Coffee ++,100.0,g,,peso,ate_100g,32.98,164.9,
Mambo,19910,Café Torrado e Moído Drip Chapada De Minas Coffee++ 100g,Coffee ++,Mercearia,Disponivel,32.98,https://www.mambo.com.br/cafe-torrado-e-moido-drip-chapada-de-minas-coffee-100g/p,Coffee ++,100.0,g,,peso,ate_100g,32.98,164.9,
Mambo,19911,Cápsula de Café Clássico Coffee++ 50g com 10 Unidades,Coffee ++,Mercearia,Disponivel,22.9,https://www.mambo.com.br/capsula-de-cafe-classico-coffee-50g-10-unidades/p,Coffee ++,50.0,g,10.0,peso,ate_100g,45.8,229.0,2.29
Mambo,19912,Cápsula de Café Arara Coffee++ 50g com 10 Unidades,Coffee ++,Mercearia,Disponivel,22.9,https://www.mambo.com.br/capsula-de-cafe-arara-coffee-50g-10-unidades/p,Coffee ++,50.0,g,10.0,peso,ate_100g,45.8,229.0,2.29
Mambo,19913,Cápsula de Café Sul de Minas Coffee++ 50g com 10 Unidades,Coffee ++,Mercearia,Disponivel,22.9,https://www.mambo.com.br/capsula-de-cafe-mantiqueira-de-minas-coffee-50g-10-unidades/p,Coffee ++,50.0,g,10.0,peso,ate_100g,45.8,229.0,2.29
Mambo,19914,Cápsula de Café Cerrado Mineiro Coffee++ 50g com 10 Unidades,Coffee ++,Mercearia,Disponivel,22.9,https://www.mambo.com.br/capsula-de-cafe-cerrado-mineiro-coffee-50g-10-unidades/p,Coffee ++,50.0,g,10.0,peso,ate_100g,45.8,229.0,2.29
Mambo,19915,Cápsula de Café Chapada de Minas Coffee++ 50g com 10 Unidades,Coffee ++,Mercearia,Disponivel,22.9,https://www.mambo.com.br/capsula-de-cafe-chapada-de-minas-coffee-50g-10-unidades/p,Coffee ++,50.0,g,10.0,peso,ate_100g,45.8,229.0,2.29
Mambo,19916,Café Torrado e Moído Arara Coffee++ 250g,Coffee ++,Mercearia,Disponivel,43.49,https://www.mambo.com.br/cafe-torrado-e-moido-arara-coffee-250g/p,Coffee ++,250.0,g,,peso,101g_250g,17.4,86.98,
Mambo,19958,Café Torrado e Moído Clássico Coffee++ 250g,Coffee ++,Mercearia,Disponivel,43.49,https://www.mambo.com.br/cafe-torrado-e-moido-classico-coffee-250g/p,Coffee ++,250.0,g,,peso,101g_250g,17.4,86.98,
Mambo,19959,Café Torrado e Moído Sul de Minas Coffee++ 250g,Coffee ++,Mercearia,Disponivel,43.49,https://www.mambo.com.br/cafe-torrado-e-moido-mantiqueira-de-minas-coffee-250g/p,Coffee ++,250.0,g,,peso,101g_250g,17.4,86.98,
Mambo,19960,Café Torrado e Moído Chapada de Minas Coffee++ 250g,Coffee ++,Mercearia,Disponivel,43.98,https://www.mambo.com.br/cafe-torrado-e-moido-chapada-de-minas-coffee-250g/p,Coffee ++,250.0,g,,peso,101g_250g,17.59,87.96,
Mambo,20043,Café Torrado e Moído Torra Média House Blend Starbucks 250g,Starbucks,Mercearia,Disponivel,48.98,https://www.mambo.com.br/cafe-torrado-e-moido-torra-media-house-blend-starbucks-250g/p,Starbucks,250.0,g,,peso,101g_250g,19.59,97.96,
Mambo,20126,Café em Grãos Italiano Colombia Compagnia Dell Arabica Corsini 250g,Caffè Corsini,Mercearia,Disponivel,65.98,https://www.mambo.com.br/cafe-em-graos-italiano-colombia-compagnia-dell-arabica-corsini-250g/p,Caffè Corsini,250.0,g,,peso,101g_250g,26.39,131.96,
Mambo,20127,Café com Leite Solúvel 3 Corações Lata 300g,3 Corações,Mercearia,Disponivel,19.98,https://www.mambo.com.br/cafe-com-leite-soluvel-3-coracoes-lata-300g/p,3 Corações,300.0,g,,peso,251g_500g,6.66,33.3,
Mambo,20348,Cápsula de Café Caseiro Intenso Dolce Gusto & Nescafé 90g com 10 Unidades,Nescafé,Mercearia,Disponivel,17.9,https://www.mambo.com.br/capsula-de-cafe-caseiro-intenso-dolce-gusto---nescafe-90g-com-10-unidades/p,Nescafé,90.0,g,10.0,peso,ate_100g,19.89,99.44,1.79
Mambo,20349,Cápsula de Café Espresso Intenso Dolce Gusto & Nescafé 80g com 10 Unidades,Nescafé,Mercearia,Disponivel,17.9,https://www.mambo.com.br/capsula-de-cafe-espresso-intenso-dolce-gusto---nescafe-80g-com-10-unidades/p,Nescafé,80.0,g,10.0,peso,ate_100g,22.37,111.87,1.79
Mambo,20350,Cápsula de Café Au Lait Dolce Gusto & Nescafé 100g com 10 Unidades,Nescafé,Mercearia,Disponivel,21.9,https://www.mambo.com.br/capsula-de-cafe-au-lait-dolce-gusto---nescafe-100g-com-10-unidades/p,Nescafé,100.0,g,10.0,peso,ate_100g,21.9,109.5,2.19
Mambo,20351,Cápsula de Café Lungo Dolce Gusto & Nescafé com 10 Unidades,Nescafé,Mercearia,Disponivel,29.98,https://www.mambo.com.br/cafe-lungo-dolce-gusto-nescafe-10-capsulas/p,Nescafé,,,10.0,unidades,sem_peso,,,3.0
Mambo,20352,"Cápsula de Café Latte Macchiato Dolce Gusto & Nescafé 112,5g com 10 Unidades",Nescafé,Mercearia,Disponivel,17.9,https://www.mambo.com.br/capsula-de-cafe-latte-macchiato-dolce-gusto---nescafe-112-5g-com-10-unidades/p,Nescafé,112.5,g,10.0,peso,101g_250g,15.91,79.56,1.79
Mambo,20353,Cápsula de Café Espresso Dolce Gusto & Nescafé 60g com 10 Unidades,Nescafé,Mercearia,Disponivel,17.9,https://www.mambo.com.br/capsula-de-cafe-espresso-dolce-gusto---nescafe-60g-com-10-unidades/p,Nescafé,60.0,g,10.0,peso,ate_100g,29.83,149.17,1.79
Mambo,20354,Cápsula de Café Matinal Dolce Gusto & Nescafé 80g com 10 Unidades,Nescafé,Mercearia,Disponivel,17.9,https://www.mambo.com.br/capsula-de-cafe-matinal-dolce-gusto---nescafe-80g-com-10-unidades/p,Nescafé,80.0,g,10.0,peso,ate_100g,22.37,111.87,1.79
Mambo,20355,Cápsula de Café Caseiro Dolce Gusto & Nescafé 80g com 10 Unidades,Nescafé,Mercearia,Disponivel,17.9,https://www.mambo.com.br/capsula-de-cafe-caseiro-dolce-gusto---nescafe-80g-com-10-unidades/p,Nescafé,80.0,g,10.0,peso,ate_100g,22.37,111.87,1.79
Mambo,20471,Creme Brulee Italle Caps C10 75g,Italle,Mercearia,Disponivel,18.99,https://www.mambo.com.br/creme-brulee-italle-caps-c10-75g-/p,Italle,75.0,g,,peso,ate_100g,25.32,126.6,
Mambo,20519,Cápsula de Café Especial Geisha Intensidade 7 Coffee++ 50g com 10 Unidades,Coffee ++,Mercearia,Disponivel,22.9,https://www.mambo.com.br/capsula-de-cafe-especial-geisha-intensidade-7-coffee---50g-com-10-unidades/p,Coffee ++,50.0,g,10.0,peso,ate_100g,45.8,229.0,2.29
Mambo,20520,Café em Grãos Especial Geisha Coffee++ 250g,Coffee ++,Mercearia,Disponivel,44.99,https://www.mambo.com.br/cafe-torrado-em-graos-especial-geisha-coffee-mais-250g/p,Coffee ++,250.0,g,,peso,101g_250g,18.0,89.98,
Mambo,20529,Cápsula de Café Cerrado Mineiro 3 Corações com 10 Unidades,3 Corações,Mercearia,Disponivel,16.98,https://www.mambo.com.br/capsula-de-cafe-cerrado-mineiro-compativel-com-nespresso-3-coracoes-10-unid/p,3 Corações,,,10.0,unidades,sem_peso,,,1.7
Mambo,20530,Cápsula de Café Intenso 3 Corações com 10 Unidades,3 Corações,Mercearia,Disponivel,16.98,https://www.mambo.com.br/capsula-de-cafe-intenso-compativel-com-nespresso-3-coracoes-10-unid/p,3 Corações,,,10.0,unidades,sem_peso,,,1.7
Mambo,20576,Café Torrado e Moído Colina Juan Valdez 250g,Juan Valdez,Mercearia,Disponivel,53.98,https://www.mambo.com.br/cafe-torrado-e-moido-colina-juan-valdez-250g/p,Juan Valdez,250.0,g,,peso,101g_250g,21.59,107.96,
Mambo,20582,Café Solúvel Liofilizado De Avelã Juan Valdez 95g,Juan Valdez,Mercearia,Disponivel,100.98,https://www.mambo.com.br/cafe-soluvel-liofilizado-de-avela-juan-valdez-95g/p,Juan Valdez,95.0,g,,peso,ate_100g,106.29,531.47,
Mambo,20584,Café Solúvel Liofilizado Vanicanela Juan Valdez 95g,Juan Valdez,Mercearia,Disponivel,99.98,https://www.mambo.com.br/cafe-soluvel-liofilizado-vanicanela-juan-valdez-95g/p,Juan Valdez,95.0,g,,peso,ate_100g,105.24,526.21,
Mambo,20585,Café Liofilizado Clássico Juan Valdez 95g,Juan Valdez,Mercearia,Disponivel,103.98,https://www.mambo.com.br/cafe-liofilizado-classico-juan-valdez-95g/p,Juan Valdez,95.0,g,,peso,ate_100g,109.45,547.26,
Mambo,20588,Café Solúvel Liofilizado Chocolate Juan Valdez 95g,Juan Valdez,Mercearia,Disponivel,99.98,https://www.mambo.com.br/cafe-soluvel-liofilizado-chocolate-juan-valdez-95g/p,Juan Valdez,95.0,g,,peso,ate_100g,105.24,526.21,
Mambo,20945,Cápsula de Café Cappuccino Doce de Leite Dolce Gusto & Nescafé 170g com 10 Unidades,Nescafé,Mercearia,Disponivel,33.98,https://www.mambo.com.br/capsula-de-cafe-cappuccino-doce-de-leite-dolce-gusto---nescafe-170g-com-10-unidades/p,Nescafé,170.0,g,10.0,peso,101g_250g,19.99,99.94,3.4
Mambo,20947,Cápsula de Café Frappê Dolce Gusto & Nescafé 135g com 10 Unidades,Nescafé,Mercearia,Disponivel,21.9,https://www.mambo.com.br/capsula-de-cafe-frappe-dolce-gusto-nescafe-135g-10-unidades/p,Nescafé,135.0,g,10.0,peso,101g_250g,16.22,81.11,2.19
Mambo,20953,Cápsula de Café Cappuccino Dolce Gusto & Nescafé 117g com 10 Unidades,Nescafé,Mercearia,Disponivel,17.9,https://www.mambo.com.br/capsula-de-cafe-cappuccino-dolce-gusto---nescafe-117g-com-10-unidades/p,Nescafé,117.0,g,10.0,peso,101g_250g,15.3,76.5,1.79
Mambo,20962,Cápsula de Café Vanilla Dolce Gusto & Nescafé 110g com 10 Unidades,Nestlé,Mercearia,Disponivel,17.9,https://www.mambo.com.br/capsula-de-cafe-vanilla-dolce-gusto---nescafe-110g-com-10-unidades/p,Nestlé,110.0,g,10.0,peso,101g_250g,16.27,81.36,1.79
Mambo,21008,Cápsula de Café Mochaccino Canela Dolce Gusto & Nescafé 172g com 10 Unidades,Nestlé,Mercearia,Disponivel,17.9,https://www.mambo.com.br/cafe-mochaccino-canela-dolce-gusto-nescafe-10-capsulas/p,Nestlé,172.0,g,10.0,peso,101g_250g,10.41,52.03,1.79
Mambo,21348,Café Solúvel Original Extra Forte Nescafé Sachê 40g,Nescafé,Mercearia,Disponivel,9.69,https://www.mambo.com.br/cafe-soluvel-original-nescafe-40g/p,Nescafé,40.0,g,,peso,ate_100g,24.22,121.12,
Mambo,21359,Café Solúvel Tradição Forte Nescafé Sachê 40g,Nescafé,Mercearia,Disponivel,9.69,https://www.mambo.com.br/cafe-soluvel-tradicional-nescafe-40g/p,Nescafé,40.0,g,,peso,ate_100g,24.22,121.12,
Mambo,21382,Café Solúvel Cafeteria Pilão 40g,Pilão,Mercearia,Disponivel,12.98,https://www.mambo.com.br/cafe-soluvel-cafeteria-pilao-40g/p,Pilão,40.0,g,,peso,ate_100g,32.45,162.25,
Mambo,21386,Café Solúvel Liofilizado Classique L'or Sachê 40g,L'OR,Mercearia,Disponivel,11.98,https://www.mambo.com.br/cafe-soluvel-liofilizado-classique-l-or-sache-40g/p,Lor,40.0,g,,peso,ate_100g,29.95,149.75,
Mambo,21387,Café Solúvel Intense Sachê L'Or 40g,L'OR,Mercearia,Disponivel,11.98,https://www.mambo.com.br/cafe-soluvel-intense-sache-lor-40g/p,Lor,40.0,g,,peso,ate_100g,29.95,149.75,
Mambo,21388,Café Solúvel Liofilizado Classique L'or Vidro 84g,L'OR,Mercearia,Disponivel,28.98,https://www.mambo.com.br/cafe-soluvel-liofilizado-classique-l-or-vidro-84g/p,Lor,84.0,g,,peso,ate_100g,34.5,172.5,
Mambo,21394,Café em Grãos Super Crema Coffee++ 1kg,Coffee ++,Mercearia,Disponivel,154.98,https://www.mambo.com.br/cafe-super-crema-graos-coffee----1kg/p,Coffee ++,1000.0,kg,,peso,501g_1kg,15.5,77.49,
Mambo,21397,Cápsula de Café Super Crema Gãos Coffee++ 60g com 10 Unidades,Coffee ++,Mercearia,Disponivel,22.9,https://www.mambo.com.br/capsula-de-cafe-super-crema-gaos-coffee-60g-10-unidades/p,Coffee ++,60.0,g,10.0,peso,ate_100g,38.17,190.83,2.29
Mambo,21398,Café em Grãos Arara Coffee++ 250g,Coffee ++,Mercearia,Disponivel,29.9,https://www.mambo.com.br/cafe-em-graos-arara-coffee-mais-mais-250g/p,Coffee ++,250.0,g,,peso,101g_250g,11.96,59.8,
Mambo,21413,Café Solúvel Matinal Sachê Nescafé 40g,Nescafé,Mercearia,Disponivel,9.69,https://www.mambo.com.br/cafe-soluvel-matinal-sache-nescafe-40g/p,Nescafé,40.0,g,,peso,ate_100g,24.22,121.12,
Mambo,21454,Cápsula de Café Avelã Dolce Gusto & Nescafé 170g com 10 Unidades,Nescafé,Mercearia,Disponivel,17.9,https://www.mambo.com.br/cafe-dolce-gusto-de-avela-nescafe-10-capsulas/p,Nescafé,170.0,g,10.0,peso,101g_250g,10.53,52.65,1.79
Mambo,21559,Café em Grãos Cafeteria Pilão 500g,Pilão,Mercearia,Disponivel,88.98,https://www.mambo.com.br/cafe-em-graos-cafeteria-pilao-500g/p,Pilão,500.0,g,,peso,251g_500g,17.8,88.98,
Mambo,21578,Café Torrado e Moído Individual Tradicional Drip Coffee 3 Corações Sachê 10g,3 Corações,Mercearia,Disponivel,3.79,https://www.mambo.com.br/cafe-torrado-e-moido-individual-tradicional-drip-coffee-3-coracoes-sache-10g/p,3 Corações,10.0,g,,peso,ate_100g,37.9,189.5,
Mambo,21650,Cápsula de Café Espresso Gourmet Dark Roast 3 Corações com 10 Unidades,3 Corações,Mercearia,Disponivel,17.98,https://www.mambo.com.br/capsula-de-cafe-espresso-gourmet-dark-roast-3-coracoes-10-unid/p,3 Corações,,,10.0,unidades,sem_peso,,,1.8
Mambo,21652,Café Solúvel Liofilizado 3 Corações Portinari Vidro 100g,3 Corações,Mercearia,Disponivel,27.99,https://www.mambo.com.br/cafe-soluvel-liofilizado-3-coracoes-portinari-vidro-100g/p,3 Corações,100.0,g,,peso,ate_100g,27.99,139.95,
Mambo,21654,Café Solúvel Cappuccino com Canela 3 Corações Sachê 20g,3 Corações,Mercearia,Disponivel,3.79,https://www.mambo.com.br/cafe-soluvel-cappuccino-com-canela-3-coracoes-sache-20g/p,3 Corações,20.0,g,,peso,ate_100g,18.95,94.75,
Mambo,21655,Café Solúvel Cappuccino de Baunilha 3 Corações Sachê 20g,3 Corações,Mercearia,Disponivel,3.79,https://www.mambo.com.br/cafe-soluvel-cappuccino-de-baunilha-3-coracoes-sache-20g/p,3 Corações,20.0,g,,peso,ate_100g,18.95,94.75,
Mambo,21656,Café Solúvel com Leite 3 Corações Sachê 20g,3 Corações,Mercearia,Disponivel,4.29,https://www.mambo.com.br/cafe-soluvel-com-leite-3-coracoes-sache-20g/p,3 Corações,20.0,g,,peso,ate_100g,21.45,107.25,
Mambo,21657,Café Solúvel Cappuccino Classic 3 Corações Sachê 20g,3 Corações,Mercearia,Disponivel,4.29,https://www.mambo.com.br/cafe-soluvel-cappuccino-classic-3-coracoes-sache-20g/p,3 Corações,20.0,g,,peso,ate_100g,21.45,107.25,
Mambo,21681,Cápsula de Café Extremo Pilão 52g com 10 Unidades,Pilão,Mercearia,Disponivel,25.49,https://www.mambo.com.br/capsula-de-cafe-extremo-pilao-52g-10-unidades/p,Pilão,52.0,g,10.0,peso,ate_100g,49.02,245.1,2.55
Mambo,21682,Café Solúvel Liofilizado Sul da Bahia L'or Vidro 84g,L'OR,Mercearia,Disponivel,28.49,https://www.mambo.com.br/cafe-soluvel-liofilizado-sul-da-bahia-l-or-vidro-84g/p,Lor,84.0,g,,peso,ate_100g,33.92,169.58,
Mambo,21683,Café Solúvel Cafeteria Pilão 70g,Pilão,Mercearia,Disponivel,30.98,https://www.mambo.com.br/cafe-soluvel-cafeteria-pilao-70g/p,Pilão,70.0,g,,peso,ate_100g,44.26,221.29,
Mambo,21684,Café Solúvel Liofilizado Montanhas Capixabas L'or Vidro 84g,L'OR,Mercearia,Disponivel,28.49,https://www.mambo.com.br/cafe-soluvel-liofilizado-montanhas-capixabas-l-or-vidro-84g/p,Lor,84.0,g,,peso,ate_100g,33.92,169.58,
Mambo,21685,Café Solúvel Liofilizado Intense L'Or Vidro 84g,L'OR,Mercearia,Disponivel,28.98,https://www.mambo.com.br/cafe-soluvel-liofilizado-intense-l-or-vidro-84g/p,Lor,84.0,g,,peso,ate_100g,34.5,172.5,
Mambo,21686,Café Solúvel Pilão Sachê 40g,Pilão,Mercearia,Disponivel,10.98,https://www.mambo.com.br/cafe-soluvel-pilao-sache-40g/p,Pilão,40.0,g,,peso,ate_100g,27.45,137.25,
Mambo,21749,Café Solúvel Intensidade 9 Nescafé Gold Sachê 40g,Nescafé,Mercearia,Disponivel,14.49,https://www.mambo.com.br/cafe-soluvel-intensidade-9-nescafe-gold-sache-40g/p,Nescafé,40.0,g,,peso,ate_100g,36.22,181.12,
Mambo,21750,Café Solúvel Suave Gold Intensidade 6 Sachet Nescafé 40g,Nescafé,Mercearia,Disponivel,14.49,https://www.mambo.com.br/cafe-soluvel-suave-gold-intensidade-6-sachet-nescafe-40g/p,Nescafé,40.0,g,,peso,ate_100g,36.22,181.12,
Mambo,21816,Cápsula de Achocolatado Nescau Nescafé & Dolce Gusto com 10 Unidades,Nescafé,Mercearia,Disponivel,21.9,https://www.mambo.com.br/achocolatado-em-capsula-nescau-nescafe-dolce-gusto-com-10-capsulas/p,Nescafé,,,10.0,unidades,sem_peso,,,2.19
Mambo,21824,Café Solúvel Descafeinado Nescafé 40g,Nescafé,Mercearia,Disponivel,20.98,https://www.mambo.com.br/cafe-soluvel-nescafe-descafeinado-40g/p,Nescafé,40.0,g,,peso,ate_100g,52.45,262.25,
Mambo,21984,Café em Grãos Clássico Coffee++ 250g,Coffee ++,Mercearia,Disponivel,29.9,https://www.mambo.com.br/cafe-coffee-grao-classico-250g/p,Coffee ++,250.0,g,,peso,101g_250g,11.96,59.8,
Mambo,22239,Café Torrado e Moído Intensidade Máxima Forza 3 Corações 250g,3 Corações,Mercearia,Disponivel,25.99,https://www.mambo.com.br/cafe-torrado-e-moido-intensidade-maxima-forza-3-coracoes-250g/p,3 Corações,250.0,g,,peso,101g_250g,10.4,51.98,
Mambo,22339,Café em Grãos Cerrado Mineiro Coffee++ 250g,Coffee ++,Mercearia,Disponivel,29.9,https://www.mambo.com.br/cafe-cerrado-mineiro-graos--250g/p,Coffee ++,250.0,g,,peso,101g_250g,11.96,59.8,
Mambo,22340,Café em Grãos Chapada de Minas Coffee++ 250g,Coffee ++,Mercearia,Disponivel,29.9,https://www.mambo.com.br/cafe-chapada-de-minas-graos-250g/p,Coffee ++,250.0,g,,peso,101g_250g,11.96,59.8,
Mambo,22341,Café em Grãos Sul de Minas Coffee++ 250g,Coffee ++,Mercearia,Disponivel,29.9,https://www.mambo.com.br/cafe-sul-de-minas-graos-250g/p,Coffee ++,250.0,g,,peso,101g_250g,11.96,59.8,
Mambo,22343,Café Torrado e Moído Cerrado Mineiro Coffee++ 250g,Coffee ++,Mercearia,Disponivel,43.49,https://www.mambo.com.br/cafe-torrado-e-moido-cerrado-mineiro-coffee---250g/p,Coffee ++,250.0,g,,peso,101g_250g,17.4,86.98,
Mambo,22344,Café Torrado e Moído Gourmet Torra Italiana Santa Monica 500g,Santa Mônica,Mercearia,Disponivel,57.49,https://www.mambo.com.br/cafe-torrado-e-moido-gourmet-torra-italiana-santa-monica-500g/p,Santa Monica,500.0,g,,peso,251g_500g,11.5,57.49,
Mambo,22348,Cappuccino Clássico Santa Monica 200g,Santa Mônica,Mercearia,Disponivel,33.49,https://www.mambo.com.br/cappuccino-classico-santa-monica-200g/p,Santa Monica,200.0,g,,peso,101g_250g,16.74,83.72,
Mambo,22355,Cappuccino Lovers Cookies 'n' Cream 3 Corações Pote 200g,3 Corações,Mercearia,Disponivel,23.98,https://www.mambo.com.br/cappuccino-lovers-cookies--n--cream-3-coracoes-pote-200g/p,3 Corações,200.0,g,,peso,101g_250g,11.99,59.95,
Mambo,22448,Café Torrado e Moído Italiano a Vácuo Cafeteria Pilão 500g,Pilão,Mercearia,Disponivel,47.98,https://www.mambo.com.br/cafe-torrado-e-moido-italiano-a-vacuo-cafeteria-pilao-500g/p,Pilão,500.0,g,,peso,251g_500g,9.6,47.98,
Mambo,22451,Capuccino 3 Corações Caramelo 200g,3 Corações,Mercearia,Disponivel,23.98,https://www.mambo.com.br/capuccino-3-coracoes-caramelo-200g/p,3 Corações,200.0,g,,peso,101g_250g,11.99,59.95,
Mambo,22843,Café Torrado e Moído Intenso Especial Orfeu 250g,Orfeu,Mercearia,Disponivel,42.49,https://www.mambo.com.br/cafe-torrado-e-moido-intenso-especial-orfeu-250g/p,Orfeu,250.0,g,,peso,101g_250g,17.0,84.98,
Mambo,22844,Café Torrado e Moído a Vacúo Extra Forte Café do Ponto 500g,Café do Ponto,Mercearia,Disponivel,55.98,https://www.mambo.com.br/cafe-torrado-e-moido-a-vacuo-extra-forte-cafe-do-ponto-500g/p,Café do Ponto,500.0,g,,peso,251g_500g,11.2,55.98,
Mambo,23396,Cápsula de Café Intenso Orgânico Native 50g com 10 Unidades,Native,Mercearia,Disponivel,29.98,https://www.mambo.com.br/capsula-de-cafe-intenso-organico-native-50g-com-10-unidades/p,Native,50.0,g,10.0,peso,ate_100g,59.96,299.8,3.0
Mambo,23798,Café Solúvel Tradicional 3 Corações Sache 40g,3 Corações,Mercearia,Disponivel,7.99,https://www.mambo.com.br/cafe-soluvel-tradicional-3-coracoes-sache-40g/p,3 Corações,40.0,g,,peso,ate_100g,19.98,99.88,
Mambo,23799,Café Solúvel Extra Forte Refil 3 Corações 40g,3 Corações,Mercearia,Disponivel,7.99,https://www.mambo.com.br/cafe-soluvel-extra-forte-refil-3-coracoes-40g/p,3 Corações,40.0,g,,peso,ate_100g,19.98,99.88,
Mambo,23909,Capsúla de Café Descafeinado Baggio 50g,Baggio,Mercearia,Disponivel,33.98,https://www.mambo.com.br/cafe-em-capsula-descafeinado-baggio-50g/p,Baggio,50.0,g,,peso,ate_100g,67.96,339.8,
Mambo,24315,Café Torrado e Moído Gourmet Sul de Minas União 250g,União,Mercearia,Disponivel,24.99,https://www.mambo.com.br/cafe-torrado-e-moido-gourmet-sul-de-minas-uniao-250g/p,União,250.0,g,,peso,101g_250g,10.0,49.98,
Mambo,24316,Café Torrado e Moído Gourmet Cerrado Mineiro União 250g,União,Mercearia,Disponivel,24.99,https://www.mambo.com.br/cafe-torrado-e-moido-gourmet-cerrado-mineiro-uniao-250g/p,União,250.0,g,,peso,101g_250g,10.0,49.98,
Mambo,24317,Café Torrado e Moído Gourmet Mogiana Paulista União 250g,União,Mercearia,Disponivel,24.99,https://www.mambo.com.br/cafe-torrado-e-moido-gourmet-mogiana-paulista-uniao-250g/p,União,250.0,g,,peso,101g_250g,10.0,49.98,
Mambo,24320,Café em Grãos Prima QualitÃ 500g,Prima Qualitá,Mercearia,Disponivel,100.98,https://www.mambo.com.br/cafe-em-graos-prima-qualita-500g/p,Prima Qualita,500.0,g,,peso,251g_500g,20.2,100.98,
Mambo,24336,Café Solúvel com Leite Vegano 3 Corações Lata 220g,3 Corações,Mercearia,Disponivel,34.98,https://www.mambo.com.br/cafe-soluvel-com-leite-vegano-3-coracoes-lata-220g/p,3 Corações,220.0,g,,peso,101g_250g,15.9,79.5,
Mambo,24337,Cápsula de Café Latte Vegetal Tres 3 Corações 110g com 10 Unidades,3 Corações,Mercearia,Disponivel,32.98,https://www.mambo.com.br/capsula-de-cafe-latte-vegetal-tres-3-coracoes-110g-com-10-unidades/p,3 Corações,110.0,g,10.0,peso,101g_250g,29.98,149.91,3.3
Mambo,24341,Café em Grãos Expresso Gourmet 3 Corações 500g,3 Corações,Mercearia,Disponivel,97.98,https://www.mambo.com.br/cafe-torrado-em-graos-expresso-gourmet-3-coracoes-500g/p,3 Corações,500.0,g,,peso,251g_500g,19.6,97.98,
Mambo,24345,Cápsula de Café Máximo Cafés Especiais 3 Corações 56g com 10 Unidades,3 Corações,Mercearia,Disponivel,16.98,https://www.mambo.com.br/capsula-de-cafe-maximo-cafes-especiais-3-coracoes-56g-10-unidades/p,3 Corações,56.0,g,10.0,peso,ate_100g,30.32,151.61,1.7
Mambo,24346,Cápsula de Café Peru 3 Corações 56g com 10 Unidades,3 Corações,Mercearia,Disponivel,16.98,https://www.mambo.com.br/capsula-de-cafe-peru-3-coracoes-56g-10-unidades/p,3 Corações,56.0,g,10.0,peso,ate_100g,30.32,151.61,1.7
Mambo,24347,Cápsula de Café Cappuccino Vegano Tres 3 Corações 110g com 10 Unidades,3 Corações,Mercearia,Disponivel,31.98,https://www.mambo.com.br/capsula-de-cafe-cappuccino-vegano-tres-3-coracoes-110g-com-10-unidades/p,3 Corações,110.0,g,10.0,peso,101g_250g,29.07,145.36,3.2
Mambo,24361,Capsula de Café Espresso Star Wars Darth Vader 3 Corações 10 unidades,3 Corações,Mercearia,Disponivel,17.98,https://www.mambo.com.br/capsula-de-cafe-espresso-star-wars-darth-vader-3-coracoes-10-unidades/p,3 Corações,,,10.0,unidades,sem_peso,,,1.8
Mambo,24363,Café Solúvel Cappuccino Vegano 3 Corações Pote 140g,3 Corações,Mercearia,Disponivel,34.98,https://www.mambo.com.br/cafe-soluvel-cappuccino-vegano-3-coracoes-pote-140g/p,3 Corações,140.0,g,,peso,101g_250g,24.99,124.93,
Mambo,24402,Café Solúvel Tradicional Iguaçu Refil 40g,Iguaçu,Mercearia,Disponivel,8.69,https://www.mambo.com.br/cafe-soluvel-tradicional-iguacu-refil-40g/p,Iguaçu,40.0,g,,peso,ate_100g,21.72,108.62,
Mambo,24403,Café Solúvel Extra Forte Iguaçu Refil 40g,Iguaçu,Mercearia,Disponivel,8.69,https://www.mambo.com.br/cafe-soluvel-extra-forte-iguacu-refil-40g/p,Iguaçu,40.0,g,,peso,ate_100g,21.72,108.62,
Mambo,24481,Café Torrado e Moído Classico Roast Lata Illy 125g,Illy,Mercearia,Disponivel,19.98,https://www.mambo.com.br/cafe-torrado-e-moido-classico-roast-lata-illy-125g/p,Illy,125.0,g,,peso,101g_250g,15.98,79.92,
Mambo,24485,Café Torrado e Moído Intenso Illy 125g,Illy,Mercearia,Disponivel,19.98,https://www.mambo.com.br/cafe-torrado-e-moido-intenso-illy-125g/p,Illy,125.0,g,,peso,101g_250g,15.98,79.92,
Mambo,24525,Café Torrado e Moído Acauã Varietais Orfeu 250g,Orfeu,Mercearia,Disponivel,48.98,https://www.mambo.com.br/cafe-torrado-e-moido-acaua-varietais-orfeu-250g/p,Orfeu,250.0,g,,peso,101g_250g,19.59,97.96,
Mambo,24527,Café em Grãos Japy Varietais Orfeu 250g,Orfeu,Mercearia,Disponivel,48.98,https://www.mambo.com.br/cafe-em-graos-japy-varietais-orfeu-250g/p,Orfeu,250.0,g,,peso,101g_250g,19.59,97.96,
Mambo,24528,Cápsula de Café Arara Orfeu 50g com 10 Unidades,Orfeu,Mercearia,Disponivel,26.99,https://www.mambo.com.br/capsula-de-cafe-arara-orfeu-50g-10-unidades/p,Orfeu,50.0,g,10.0,peso,ate_100g,53.98,269.9,2.7
Mambo,24529,Café em Grãos Acauã Varietais Orfeu 250g,Orfeu,Mercearia,Disponivel,48.98,https://www.mambo.com.br/cafe-em-graos-acaua-varietais-orfeu-250g/p,Orfeu,250.0,g,,peso,101g_250g,19.59,97.96,
Mambo,24530,Cápsula de Café Japi Orfeu 50g com 10 Unidades,Orfeu,Mercearia,Disponivel,26.99,https://www.mambo.com.br/capsula-de-cafe-japi-orfeu-50g-10-unidades/p,Orfeu,50.0,g,10.0,peso,ate_100g,53.98,269.9,2.7
Mambo,24531,Café Torrado e Moído Japy Varietais Orfeu 250g,Orfeu,Mercearia,Disponivel,48.98,https://www.mambo.com.br/cafe-torrado-e-moido-japy-varietais-orfeu-250g/p,Orfeu,250.0,g,,peso,101g_250g,19.59,97.96,
Mambo,24532,Café em Grãos Arara Varietais Orfeu 250g,Orfeu,Mercearia,Disponivel,48.98,https://www.mambo.com.br/cafe-em-graos-arara-varietais-orfeu-250g/p,Orfeu,250.0,g,,peso,101g_250g,19.59,97.96,
Mambo,24533,Cápsula de Café Acauã Orfeu 50g com 10 Unidades,Orfeu,Mercearia,Disponivel,26.99,https://www.mambo.com.br/capsula-de-cafe-acaua-orfeu-50g-10-unidades/p,Orfeu,50.0,g,10.0,peso,ate_100g,53.98,269.9,2.7
Mambo,24549,Café Torrado e Moído Arara Varietais Orfeu 250g,Orfeu,Mercearia,Disponivel,49.98,https://www.mambo.com.br/cafe-torrado-e-moido-arara-varietais-orfeu-250g/p,Orfeu,250.0,g,,peso,101g_250g,19.99,99.96,
Mambo,24749,Cápsula de Café Farmers Origins Andes Nescafé 44g com 10 Unidades,Nescafé,Mercearia,Disponivel,26.98,https://www.mambo.com.br/capsula-de-cafe-farmers-origins-andes-nescafe-44g-com-10-unidades/p,Nescafé,44.0,g,10.0,peso,ate_100g,61.32,306.59,2.7
Mambo,24751,Cápsula de Café Cappuccino Starbucks 100g com 10 Unidades,Starbucks,Mercearia,Disponivel,32.98,https://www.mambo.com.br/capsula-de-cafe-cappuccino-starbucks-100g-10-unidades/p,Starbucks,100.0,g,10.0,peso,ate_100g,32.98,164.9,3.3
Mambo,24752,Cápsula de Café Espresso Colombia Starbucks com 10 Cápsulas,Starbucks,Mercearia,Disponivel,32.98,https://www.mambo.com.br/capsula-de-cafe-espresso-colombia-starbucks-com-10-capsulas/p,Starbucks,,,10.0,unidades,sem_peso,,,3.3
Mambo,24755,"Cápsula de Café Caramel Macchiato Starbucks 106,5g com 10 Unidades",Starbucks,Mercearia,Disponivel,32.98,https://www.mambo.com.br/capsula-de-cafe-caramel-macchiato-starbucks-106-5g-10-unidades/p,Starbucks,106.5,g,10.0,peso,101g_250g,30.97,154.84,3.3
Mambo,24756,Cápsula de Café Espresso Cerrado Mineiro Nescafé+Dolce Gusto 60g com 10 Unidades,Nescafé,Mercearia,Disponivel,21.9,https://www.mambo.com.br/capsula-de-cafe-espresso-cerrado-mineiro-nescafe-dolce-gusto-60g-10-unidades/p,Nescafé,60.0,g,10.0,peso,ate_100g,36.5,182.5,2.19
Mambo,24769,Café Solúvel Latte com Castanha-de-Caju A Tal da Castanha & 3 Corações 20g,3 Corações,Mercearia,Disponivel,5.59,https://www.mambo.com.br/cafe-soluvel-latte-com-castanha-de-caju-a-tal-da-castanha---3-coracoes-20g/p,3 Corações,20.0,g,,peso,ate_100g,27.95,139.75,
Mambo,24844,Café Torrado e Moído Individual Gourmet Dark Roast Drip Coffee 3 Corações Sachê 11g,3 Corações,Mercearia,Disponivel,3.79,https://www.mambo.com.br/cafe-torrado-e-moido-individual-gourmet-dark-roast-drip-coffee-3-coracoes-sache-11g/p,3 Corações,11.0,g,,peso,ate_100g,34.45,172.27,
Mambo,24928,Cápsula de Café Italiano Ristretto Carraro 55g com 10 Unidades,Carraro,Mercearia,Disponivel,24.98,https://www.mambo.com.br/capsula-de-cafe-italiano-ristretto-carraro-55g-com-10-unidades/p,Carraro,55.0,g,10.0,peso,ate_100g,45.42,227.09,2.5
Mambo,24929,Cápsula de Café Italiano Gran Crema Carraro 55g com 10 Unidades,Carraro,Mercearia,Disponivel,24.98,https://www.mambo.com.br/capsula-de-cafe-italiano-gran-crema-carraro-55g-com-10-unidades/p,Carraro,55.0,g,10.0,peso,ate_100g,45.42,227.09,2.5
Mambo,24930,Cápsula de Café Italiano Dolce Arabica Carraro 55g com 10 Unidade,Carraro,Mercearia,Disponivel,24.98,https://www.mambo.com.br/cafe-italiano-dolce-arabica-com-10-capsulas-carraro-55g/p,Carraro,55.0,g,10.0,peso,ate_100g,45.42,227.09,2.5
Mambo,24931,Cápsula de Café Italiano Intenso Carraro 55g com 10 Unidades,Carraro,Mercearia,Disponivel,24.98,https://www.mambo.com.br/capsula-de-cafe-italiano-intenso-carraro-55g-com-10-unidades/p,Carraro,55.0,g,10.0,peso,ate_100g,45.42,227.09,2.5
Mambo,24935,Cápsula de Café Pingado Dolce Gusto & Nescafé 140g com 10 Unidades,Nescafé,Mercearia,Disponivel,17.9,https://www.mambo.com.br/capsula-de-cafe-pingado-dolce-gusto---nescafe-140g-com-10-unidades/p,Nescafé,140.0,g,10.0,peso,101g_250g,12.79,63.93,1.79
Mambo,25003,Cafe Soluvel com Leite Descafeinado Sem Lactose 3 Coracoes Lata 200g,3 Corações,Mercearia,Disponivel,28.98,https://www.mambo.com.br/cafe-soluvel-com-leite-descafeinado-sem-lactose-3-coracoes-lata-200g/p,3 Corações,200.0,g,,peso,101g_250g,14.49,72.45,
Mambo,25018,Cápsula de Café Alpino Tradicional Nescafé Dolce Gusto 178g com 10 Unidades,Nescafé,Mercearia,Disponivel,21.9,https://www.mambo.com.br/capsula-de-cafe-alpino-tradicional-nescafe-dolce-gusto-178g-com-10-unidades-/p,Nescafé,178.0,g,10.0,peso,101g_250g,12.3,61.52,2.19
Mambo,25079,Café Torrado e Moído Gourmet Ultimo L'or 250g,L'OR,Mercearia,Disponivel,30.49,https://www.mambo.com.br/cafe-torrado-e-moido-gourmet-ultimo-lor-250g/p,Lor,250.0,g,,peso,101g_250g,12.2,60.98,
Mambo,25080,Café Torrado e Moído Gourmet Origens Mogiana L'or 250g,L'OR,Mercearia,Disponivel,43.98,https://www.mambo.com.br/cafe-torrado-e-moido-gourmet-origens-mogiana-lor-250g-/p,Lor,250.0,g,,peso,101g_250g,17.59,87.96,
Mambo,25081,Café Torrado e Moído Gourmet Sul Minas L'or 250g,L'OR,Mercearia,Disponivel,43.98,https://www.mambo.com.br/cafe-torrado-e-moido-gourmet-sul-minas-lor-250g-/p,Lor,250.0,g,,peso,101g_250g,17.59,87.96,
Mambo,25082,Café Torrado e Moído Gourmet Cerrado L'or 250g,L'OR,Mercearia,Disponivel,43.98,https://www.mambo.com.br/cafe-torrado-e-moido-gourmet-cerrado-lor-250g-/p,Lor,250.0,g,,peso,101g_250g,17.59,87.96,
Mambo,25084,Kit Cápsula de Café + Caneca Nespresso & Starbucks Pack com 40 Unidades Kit Cápsula de Café + Caneca Nespresso & Starbucks Caixa com 40 Unidades,Starbucks,Mercearia,Disponivel,127.49,https://www.mambo.com.br/kit-capsula-de-cafe---caneca-nespresso---starbucks-caixa-com-40-unidades/p,Starbucks,,,40.0,unidades,sem_peso,,,3.19
Mambo,25090,Cápsula de Café Cappuccino Moça Brigadeiro Dolce Gusto & Nescafé 180g com 10 Unidades,Nescafé,Mercearia,Disponivel,21.9,https://www.mambo.com.br/capsula-de-cafe-cappuccino-moca-brigadeiro-dolce-gusto---nescafe-180g-com-10-unidades/p,Nescafé,180.0,g,10.0,peso,101g_250g,12.17,60.83,2.19
Mambo,25091,Cápsula de Achocolatado KitKat Dolce Gusto & Nescafé170g com 10 Cápsulas,Nescafé,Mercearia,Disponivel,21.9,https://www.mambo.com.br/capsula-de-achocolatado-kitkat-dolce-gusto---nescafe170g-com-10-capsulas/p,Nescafé,170.0,g,10.0,peso,101g_250g,12.88,64.41,2.19
Mambo,281425,Café Solúvel Cappuccino Doce de Leite Melitta 200g,Melitta,Mercearia,Disponivel,16.99,https://www.mambo.com.br/cafe-soluvel-cappuccino-doce-de-leite-melitta-200g/p,Melitta,200.0,g,,peso,101g_250g,8.49,42.48,
Mambo,281426,Cápsula de Café Audacce Melitta 53g com 10 Unidades,Melitta,Mercearia,Disponivel,18.99,https://www.mambo.com.br/capsula-de-cafe-audacce-melitta-53g-10-unidades/p,Melitta,53.0,g,10.0,peso,ate_100g,35.83,179.15,1.9
Mambo,281427,Cápsula de Café Descafeinado Intenso Melitta 53g com 10 Unidades,Melitta,Mercearia,Disponivel,18.99,https://www.mambo.com.br/cafe-em-capsula-descafeinado-intenso-melitta-53g-com-10-unidades/p,Melitta,53.0,g,10.0,peso,ate_100g,35.83,179.15,1.9
Mambo,281429,Cápsula de Café Marcato Melitta 53g com 10 Unidades,Melitta,Mercearia,Disponivel,18.99,https://www.mambo.com.br/capsula-de-cafe-marcato-melitta-53g-10-unidades/p,Melitta,53.0,g,10.0,peso,ate_100g,35.83,179.15,1.9
Mambo,281430,Café Solúvel Extraforte Melitta 40g,Melitta,Mercearia,Disponivel,10.98,https://www.mambo.com.br/cafe-soluvel-extraforte-melitta-40g/p,Melitta,40.0,g,,peso,ate_100g,27.45,137.25,
Mambo,281431,Café Solúvel Tradicional Melitta 40g,Melitta,Mercearia,Disponivel,10.98,https://www.mambo.com.br/cafe-soluvel-tradicional-melitta-40g/p,Melitta,40.0,g,,peso,ate_100g,27.45,137.25,
Mambo,281433,Cápsula de Café Ristretto Melitta 53g com 10 Unidades,Melitta,Mercearia,Disponivel,18.99,https://www.mambo.com.br/capsula-de-cafe-ristretto-melitta-53g-10-unidades/p,Melitta,53.0,g,10.0,peso,ate_100g,35.83,179.15,1.9
Mambo,281442,Cápsula de Café Compatível com Nespresso Nescafé Farmers Origins Colombia 44g com 10 Unidades,Nescafé,Mercearia,Disponivel,26.98,https://www.mambo.com.br/-capsula-de-cafe-compativel-com-nespresso-nescafe-farmers-origins-colombia-44g-com-10-unidades-/p,Nescafé,44.0,g,10.0,peso,ate_100g,61.32,306.59,2.7
Mambo,281443,Cápsula de Café Compatível com Nespresso Nescafé Farmers Origins Índia 44g com 10 Unidades,Nescafé,Mercearia,Disponivel,26.98,https://www.mambo.com.br/capsula-de-cafe-compativel-com-nespresso-nescafe-farmers-origins-india-44g-com-10-unidades/p,Nescafé,44.0,g,10.0,peso,ate_100g,61.32,306.59,2.7
Mambo,281444,Cápsula de Café Compatível com Nespresso Nescafé Farmers Origins Brasil 44g com 10 Unidades,Nescafé,Mercearia,Disponivel,26.98,https://www.mambo.com.br/capsula-de-cafe-compativel-com-nespresso-nescafe-farmers-origins-brasil-44g-com-10-unidades/p,Nescafé,44.0,g,10.0,peso,ate_100g,61.32,306.59,2.7
Mambo,281445,Cápsula de Café Farmers Origins México Nescafé 44g com 10 Unidades,Nescafé,Mercearia,Disponivel,26.98,https://www.mambo.com.br/capsula-de-cafe-farmers-origins-mexico-nescafe-44g-com-10-unidades/p,Nescafé,44.0,g,10.0,peso,ate_100g,61.32,306.59,2.7
Mambo,281465,Café Solúvel Descafeinado Melitta 40g,Melitta,Mercearia,Disponivel,18.98,https://www.mambo.com.br/cafe-soluvel-descafeinado-melitta-40g-/p,Melitta,40.0,g,,peso,ate_100g,47.45,237.25,
Mambo,281492,Café em Grãos Spresso Melitta 500g,Melitta,Mercearia,Disponivel,80.98,https://www.mambo.com.br/cafe-em-graos-spresso-melitta-500g/p,Melitta,500.0,g,,peso,251g_500g,16.2,80.98,
Mambo,281535,Café Torrado e Moído Frutas Secas Rituais 3 Corações 250g,3 Corações,Mercearia,Disponivel,33.99,https://www.mambo.com.br/cafe-torrado-e-moido-frutas-secas-rituais-3-coracoes-250g-/p,3 Corações,250.0,g,,peso,101g_250g,13.6,67.98,
Mambo,281536,Café Torrado e Moído Exótico Rituais 3 Corações 250g,3 Corações,Mercearia,Disponivel,33.99,https://www.mambo.com.br/cafe-torrado-e-moido-exotico-rituais-3-coracoes-250g/p,3 Corações,250.0,g,,peso,101g_250g,13.6,67.98,
Mambo,281537,Café Torrado e Moído Chocolate Rituais 3 Corações 250g,3 Corações,Mercearia,Disponivel,33.99,https://www.mambo.com.br/cafe-torrado-e-moido-chocolate-rituais-3-coracoes-250g-/p,3 Corações,250.0,g,,peso,101g_250g,13.6,67.98,
Mambo,281538,Café Torrado e Moído Frutas Vermelhas Rituais 3 Corações 250g,3 Corações,Mercearia,Disponivel,33.99,https://www.mambo.com.br/cafe-torrado-e-moido-frutas-vermelhas-rituais-3-coracoes-250g/p,3 Corações,250.0,g,,peso,101g_250g,13.6,67.98,
Mambo,281587,Café Torrado e Moído Individual Portinari Drip Coffee 3 Corações Sachê 11g,3 Corações,Mercearia,Disponivel,4.59,https://www.mambo.com.br/cafe-torrado-e-moido-individual-portinari-drip-coffee-3-coracoes-sache-11g/p,3 Corações,11.0,g,,peso,ate_100g,41.73,208.64,
Mambo,281658,Café Solúvel Cappuccino Tradicional Nescafé Lata 180g,Nescafé,Mercearia,Disponivel,24.49,https://www.mambo.com.br/cappuccino-de-chocolate-nescafe-180g-/p,Nescafé,180.0,g,,peso,101g_250g,13.61,68.03,
Mambo,281679,"Cápsula de Café Mujeres Cafeteras Juan Valdez 44,8g com 8 Unidades",Juan Valdez,Mercearia,Disponivel,43.49,https://www.mambo.com.br/cafe-em-capsula-mujeres-cafeteras-juan-valdez-44-8g/p,Juan Valdez,44.8,g,8.0,peso,ate_100g,97.08,485.38,5.44
Mambo,281680,"Cápsula de Café Paisaje Cultural Juan Valdez 44,8g com 8 Unidades",Juan Valdez,Mercearia,Disponivel,43.49,https://www.mambo.com.br/capsula-de-cafe-paisaje-cultural-juan-valdez-44-8g-8-unidades/p,Juan Valdez,44.8,g,8.0,peso,ate_100g,97.08,485.38,5.44
Mambo,281681,Café Torrado e Moído Premium Bialetti 250g,Bialetti,Mercearia,Disponivel,49.49,https://www.mambo.com.br/cafe-torrado-e-moido-premium-bialetti-250g-/p,Bialetti,250.0,g,,peso,101g_250g,19.8,98.98,
Mambo,281701,Café Torrado e Moído Perfetto Moka Bialetti 250g,Bialetti,Mercearia,Disponivel,48.98,https://www.mambo.com.br/cafe-torrado-e-moido-perfetto-moka-bialetti-250g/p,Bialetti,250.0,g,,peso,101g_250g,19.59,97.96,
Mambo,281721,Cápsula de Café Caparaó Coffee++ 50g com 10 Unidades,Coffee ++,Mercearia,Disponivel,22.9,https://www.mambo.com.br/capsula-de-cafe-caparao-coffee-50g-10-unidades/p,Coffee ++,50.0,g,10.0,peso,ate_100g,45.8,229.0,2.29
Mambo,281727,Café em Grãos Rituais Frutas Vermelhas 3 Corações 250g,3 Corações,Mercearia,Disponivel,33.99,https://www.mambo.com.br/cafe-torrado-em-graos-rituais-frutas-vermelhas-3-coracoes-250g/p,3 Corações,250.0,g,,peso,101g_250g,13.6,67.98,
Mambo,281728,Café em Grãos Rituais Frutas Secas 3 Corações 250g,3 Corações,Mercearia,Disponivel,33.99,https://www.mambo.com.br/cafe-torrado-em-graos-rituais-frutas-secas-3-coracoes-250g/p,3 Corações,250.0,g,,peso,101g_250g,13.6,67.98,
Mambo,281729,Café em Grãos Rituais Exótico 3 Corações 250g,3 Corações,Mercearia,Disponivel,33.99,https://www.mambo.com.br/cafe-torrado-em-graos-rituais-exotico-3-coracoes-250g/p,3 Corações,250.0,g,,peso,101g_250g,13.6,67.98,
Mambo,281730,Café em Grãos Rituais Chocolate 3 Corações 250g,3 Corações,Mercearia,Disponivel,33.99,https://www.mambo.com.br/cafe-torrado-em-graos-rituais-chocolate-3-coracoes-250g/p,3 Corações,250.0,g,,peso,101g_250g,13.6,67.98,
Mambo,281748,Café Solúvel Granulado Descafeinado 3 Corações Refil 40g,3 Corações,Mercearia,Disponivel,28.98,https://www.mambo.com.br/cafe-soluvel-granulado-descafeinado-3-coracoes-refil-40g/p,3 Corações,40.0,g,,peso,ate_100g,72.45,362.25,
Mambo,281767,Café Torrado e Moído Caparaó Coffee++ 250g,Coffee ++,Mercearia,Disponivel,43.98,https://www.mambo.com.br/cafe-torrado-e-moido-caparao-coffee-mais-mais-250g/p,Coffee ++,250.0,g,,peso,101g_250g,17.59,87.96,
Mambo,281800,Café em Grãos Torrado Gourmet Luvizotto 1kg,Luvizotto,Mercearia,Disponivel,194.98,https://www.mambo.com.br/cafe-em-graos-torrado-gourmet-luvizotto-1kg/p,Luvizotto,1000.0,kg,,peso,501g_1kg,19.5,97.49,
Mambo,281801,Cápsula de Café Descafeinado 3 Corações 56g com 10 Unidades,3 Corações,Mercearia,Disponivel,16.98,https://www.mambo.com.br/cafe-em-capsula-descafeinado-3-coracoes-56g-com-10-unidades/p,3 Corações,56.0,g,10.0,peso,ate_100g,30.32,151.61,1.7
Mambo,281802,Café Torrado e Moído Gourmet Luvizotto 500g,Luvizotto,Mercearia,Disponivel,98.49,https://www.mambo.com.br/cafe-torrado-e-moido-gourmet-luvizotto-500g/p,Luvizotto,500.0,g,,peso,251g_500g,19.7,98.49,
Mambo,281833,Café em Grãos Caparaó Coffee++ 250g,Coffee ++,Mercearia,Disponivel,29.9,https://www.mambo.com.br/cafe-torrado-em-graos-caparao-coffee-mais-mais-250g/p,Coffee ++,250.0,g,,peso,101g_250g,11.96,59.8,
Mambo,281845,Café Torrado e Moído Gourmet Ituano 250g,Ituano,Mercearia,Disponivel,27.98,https://www.mambo.com.br/cafe-torrado-e-moido-gourmet-ituano-250g/p,Ituano,250.0,g,,peso,101g_250g,11.19,55.96,
Mambo,281858,Cápsulas de Cappuccino Napolitano 3 Corações 110g com 10 Unidades,3 Corações,Mercearia,Disponivel,17.98,https://www.mambo.com.br/capsulas-de-cappuccino-napolitano-3-coracoes-110g-com-10-unidades/p,3 Corações,110.0,g,10.0,peso,101g_250g,16.35,81.73,1.8
Mambo,282027,Cápsula de Café Matas de Minas Luvizotto 50g com 10 Unidades,Luvizotto,Mercearia,Disponivel,36.98,https://www.mambo.com.br/capsula-de-cafe-matas-de-minas-luvizotto-50g-com-10-unidades/p,Luvizotto,50.0,g,10.0,peso,ate_100g,73.96,369.8,3.7
Mambo,282174,"Cápsula de Café Iperespresso Intenso Illy 120,6g com 18 Unidades",Illy,Mercearia,Disponivel,59.98,https://www.mambo.com.br/capsula-de-cafe-iperespresso-intenso-illy-120-6g-18-unidades/p,Illy,120.6,g,18.0,peso,101g_250g,49.73,248.67,3.33
Mambo,282175,"Cápsula de Café Iperespresso Clássico Illy 120,6g com 18 Unidades",Illy,Mercearia,Disponivel,59.98,https://www.mambo.com.br/capsula-de-cafe-iperespresso-classico-illy-120-6g-18-unidades/p,Illy,120.6,g,18.0,peso,101g_250g,49.73,248.67,3.33
Mambo,282176,"Cápsula de Café Iperespresso Descafeinado Illy 120,6g com 18 Unidades",Illy,Mercearia,Disponivel,59.98,https://www.mambo.com.br/cafe-em-capsulas-iperespresso-descafeinado-illy-1206g-com-18-unidades/p,Illy,120.6,g,18.0,peso,101g_250g,49.73,248.67,3.33
Mambo,282185,Café Torrado e Moído Etiópia Illy Lata 125g,Illy,Mercearia,Disponivel,19.98,https://www.mambo.com.br/cafe-torrado-e-moido-etiopia-illy-lata-125g/p,Illy,125.0,g,,peso,101g_250g,15.98,79.92,
Mambo,282210,Cápsula de Café com Leite Italle 75g com 10 Unidades,Italle,Mercearia,Disponivel,15.99,https://www.mambo.com.br/capsula-de-cafe-com-leite-italle-75g-com-10-unidades/p,Italle,75.0,g,10.0,peso,ate_100g,21.32,106.6,1.6
Mambo,282474,Cápsula de Café Gourmet Napoli Italle 50g com 10 Unidades,Italle,Mercearia,Disponivel,13.99,https://www.mambo.com.br/capsula-de-cafe-gourmet-napoli-italle-50g-com-10-unidades/p,Italle,50.0,g,10.0,peso,ate_100g,27.98,139.9,1.4
Mambo,282528,Café Gourmet em Cápsulas Torra Italiana Santa Monica 52g com 10 Unidades,Santa Mônica,Mercearia,Disponivel,31.98,https://www.mambo.com.br/cafe-gourmet-em-capsulas-torra-italiana-santa-monica-52g-com-10-unidades/p,Santa Monica,52.0,g,10.0,peso,ate_100g,61.5,307.5,3.2
Mambo,283185,Café em Grãos Gourmet Torra Italiana Santa Monica 1kg,Santa Mônica,Mercearia,Disponivel,159.98,https://www.mambo.com.br/cafe-gourmet-em-graos-torra-italiana-santa-monica-1kg/p,Santa Monica,1000.0,kg,,peso,501g_1kg,16.0,79.99,
Mambo,283653,Café Solúvel Ultimo L'or 84g,L'OR,Mercearia,Disponivel,28.98,https://www.mambo.com.br/cafe-soluvel-ultimo-lor-84g/p,Lor,84.0,g,,peso,ate_100g,34.5,172.5,
Mambo,283655,Cápsula de Café Passione Rossa L'or 52g com 10 Unidades,L'OR,Mercearia,Disponivel,30.49,https://www.mambo.com.br/capsula-de-cafe-passione-rossa-lor-52g-com-10-unidades-/p,Lor,52.0,g,10.0,peso,ate_100g,58.63,293.17,3.05
Mambo,283661,Cápsula de Café Espresso Brasil L'or 52g com 10 Unidades,L'OR,Mercearia,Disponivel,30.98,https://www.mambo.com.br/capsula-de-cafe-espresso-brasil-lor-52g-com-10-unidades/p,Lor,52.0,g,10.0,peso,ate_100g,59.58,297.88,3.1
Mambo,283855,Cápsula de Café Colômbia Compagnia Dell' Arabica Caffè Corsini 52g com 10 Unidades,Caffè Corsini,Mercearia,Disponivel,38.49,https://www.mambo.com.br/capsula-de-cafe-colombia-compagnia-dellarabica-caffe-corsini-52g-com-10-unidades/p,Caffè Corsini,52.0,g,10.0,peso,ate_100g,74.02,370.1,3.85
Mambo,283856,Cápsula de Café Costa Rica Compagnia Dell' Arabica Caffè Corsini 52g com 10 Unidades,Caffè Corsini,Mercearia,Disponivel,38.49,https://www.mambo.com.br/capsula-de-cafe-costa-rica-compagnia-dellarabica-caffe-corsini-52g-com-10-unidades/p,Caffè Corsini,52.0,g,10.0,peso,ate_100g,74.02,370.1,3.85
Mambo,283857,Cápsula de Café Índia Compagnia Dell' Arabica Caffè Corsini 52g com 10 Unidades,Caffè Corsini,Mercearia,Disponivel,38.49,https://www.mambo.com.br/capsula-de-cafe-india-compagnia-dellarabica-caffe-corsini-52g-com-10-unidades/p,Caffè Corsini,52.0,g,10.0,peso,ate_100g,74.02,370.1,3.85
Mambo,283858,Cápsula de Café Kenya Compagnia Dell' Arabica Caffè Corsini 52g com 10 Unidades,Caffè Corsini,Mercearia,Disponivel,38.49,https://www.mambo.com.br/capsula-de-cafe-kenya-compagnia-dellarabica-caffe-corsini-52g-com-10-unidades/p,Caffè Corsini,52.0,g,10.0,peso,ate_100g,74.02,370.1,3.85
Mambo,283923,Cápsula de Café Clássico Baggio 70g com 10 Unidades,Baggio,Mercearia,Disponivel,33.98,https://www.mambo.com.br/capsula-de-cafe-classico-baggio-70g-com-10-unidades/p,Baggio,70.0,g,10.0,peso,ate_100g,48.54,242.71,3.4
Mambo,283924,Cápsula de Café Aromas Caramelo Baggio 70g com 10 Unidades,Baggio,Mercearia,Disponivel,33.98,https://www.mambo.com.br/capsula-de-cafe-aromas-caramelo-baggio-70g-com-10-unidades/p,Baggio,70.0,g,10.0,peso,ate_100g,48.54,242.71,3.4
Mambo,283925,Cápsula de Café Aromas Chocolate Trufado Baggio 70g com 10 Unidades,Baggio,Mercearia,Disponivel,33.98,https://www.mambo.com.br/capsula-de-cafe-aromas-chocolate-trufado-baggio-70g-com-10-unidades/p,Baggio,70.0,g,10.0,peso,ate_100g,48.54,242.71,3.4
Mambo,283926,Cápsula de Café Aromas Chocolate com Avelã Baggio 70g com 10 Unidades,Baggio,Mercearia,Disponivel,33.98,https://www.mambo.com.br/capsula-de-cafe-aromas-chocolate-com-avela-baggio-70g-com-10-unidades/p,Baggio,70.0,g,10.0,peso,ate_100g,48.54,242.71,3.4
Mambo,284199,Cápsula de Café Lungo Chapada Diamantina Dolce Gusto & Nescafé 60g com 10 Unidades,Nescafé,Mercearia,Disponivel,17.9,https://www.mambo.com.br/capsula-de-cafe-lungo-chapada-diamantina-dolce-gusto-e-nescafe-60g-com-10-unidades/p,Nescafé,60.0,g,10.0,peso,ate_100g,29.83,149.17,1.79
Mambo,284228,Cápsula de Café Espresso Avelã L'or 52g com 10 Unidades,L'OR,Mercearia,Disponivel,30.98,https://www.mambo.com.br/capsula-de-cafe-espresso-avela-lor-52g-com-10-unidades/p,Lor,52.0,g,10.0,peso,ate_100g,59.58,297.88,3.1
Mambo,284235,Cápsula de Café Notas Trufadas Gold Dolce Gusto & Nescafé 60g com 10 Unidades,Nescafé,Mercearia,Disponivel,21.9,https://www.mambo.com.br/capsula-de-cafe-notas-trufadas-gold-dolce-gusto-e-nescafe-60g-com-10-unidades/p,Nescafé,60.0,g,10.0,peso,ate_100g,36.5,182.5,2.19
Mambo,284236,Cápsula de Café Espresso Serras do Alto Paranaíba Dolce Gusto & Nescafé 60g com 10 Unidades,Nescafé,Mercearia,Disponivel,21.9,https://www.mambo.com.br/capsula-de-cafe-espresso-serras-do-alto-paranaiba-dolce-gusto-e-nescafe-60g-com-10-unidades/p,Nescafé,60.0,g,10.0,peso,ate_100g,36.5,182.5,2.19
Mambo,284240,Cápsula de Café Mochaccino Lajotinha Kopenhagen & Dolce Gusto 170g com 10 Unidades Cápsula de Café Mochaccino Lajotinha Dolce Gusto & Nescafé 170g com 10 Unidades,Nescafé,Mercearia,Disponivel,21.9,https://www.mambo.com.br/capsula-de-cafe-mochaccino-lajotinha-dolce-gusto-e-nescafe-170g-com-10-unidades/p,Nescafé,170.0,g,10.0,peso,101g_250g,12.88,64.41,2.19
Mambo,284241,"Cápsula de Achocolatado Língua de Gato Kopenhagen Nescafé & Dolce Gusto 162,5g com 10 Unidades Cápsula de Achocolatado Língua de Gato Nescafé 162,5g com 10 Unidades",Nescafé,Mercearia,Disponivel,21.9,https://www.mambo.com.br/capsula-de-achocolatado-lingua-de-gato-dolce-gusto-e-nescafe-1625g-com-10-unidades/p,Nescafé,162.5,g,10.0,peso,101g_250g,13.48,67.38,2.19
Mambo,284270,Cápsula de Café Torra Média Gold Dolce Gusto & Nescafé 80g com 10 Unidades,Nescafé,Mercearia,Disponivel,21.9,https://www.mambo.com.br/capsula-de-cafe-torra-media-gold-dolce-gusto-e-nescafe-80g-com-10-unidades/p,Nescafé,80.0,g,10.0,peso,ate_100g,27.38,136.88,2.19
Mambo,284315,Café Torrado e Moído Maestro Torra Média Bravo Café 250g,Bravo Café,Mercearia,Disponivel,22.99,https://www.mambo.com.br/cafe-torrado-e-moido-maestro-torra-media-bravo-cafe-250g/p,Bravo Café,250.0,g,,peso,101g_250g,9.2,45.98,
Mambo,284342,Café em Grãos Gourmet Forza Espresso L'or 500g,L'OR,Mercearia,Disponivel,88.49,https://www.mambo.com.br/cafe-em-graos-gourmet-forza-espresso-lor-500g/p,Lor,500.0,g,,peso,251g_500g,17.7,88.49,
Mambo,284345,Café Torrado e Moído Intenso Torra Média Coffee++ 250g,Coffee ++,Mercearia,Disponivel,43.49,https://www.mambo.com.br/cafe-torrado-e-moido-intenso-torra-media-coffee-250g/p,Coffee ++,250.0,g,,peso,101g_250g,17.4,86.98,
Mambo,284346,Cápsula de Achocolatado Alpino Intense Dolce Gusto & Nescafé 180g com 10 Cápsulas,Nescafé,Mercearia,Disponivel,21.9,https://www.mambo.com.br/capsula-de-achocolatado-alpino-intense-dolce-gusto-e-nescafe-180g-com-10-capsulas/p,Nescafé,180.0,g,10.0,peso,101g_250g,12.17,60.83,2.19
Mambo,284550,Café Torrado e Moído Torra Média Clara Varietais Catucaí Orfeu 250g,Orfeu,Mercearia,Disponivel,48.98,https://www.mambo.com.br/cafe-torrado-e-moido-torra-media-clara-varietais-catucai-orfeu-250g/p,Orfeu,250.0,g,,peso,101g_250g,19.59,97.96,
Mambo,284551,Cápsula de Café Forte Orfeu 50g com 10 Unidades,Orfeu,Mercearia,Disponivel,26.99,https://www.mambo.com.br/capsula-de-cafe-forte-orfeu-50g-com-10-unidades/p,Orfeu,50.0,g,10.0,peso,ate_100g,53.98,269.9,2.7
Mambo,284552,Café em Grãos Torra Média Clara Varietais Catucaí Orfeu 250g,Orfeu,Mercearia,Disponivel,48.98,https://www.mambo.com.br/cafe-em-graos-torra-media-clara-varietais-catucai-orfeu-250g/p,Orfeu,250.0,g,,peso,101g_250g,19.59,97.96,
Mambo,284554,Cápsula de Café Catucaí Varietais Orfeu 50g com 10 Unidades,Orfeu,Mercearia,Disponivel,26.99,https://www.mambo.com.br/capsula-de-cafe-catucai-varietais-orfeu-50g-com-10-unidades/p,Orfeu,50.0,g,10.0,peso,ate_100g,53.98,269.9,2.7
Mambo,284572,Café Torrado e Moído Premium Estrada Real 3 Corações 500g,3 Corações,Mercearia,Disponivel,33.99,https://www.mambo.com.br/cafe-torrado-e-moido-premium-estrada-real-3-coracoes-500g/p,3 Corações,500.0,g,,peso,251g_500g,6.8,33.99,
Mambo,284579,Café Torrado e Moído Regiões Brasileiras Terras Capixabas Melitta 250g,Melitta,Mercearia,Disponivel,24.99,https://www.mambo.com.br/cafe-torrado-e-moido-regioes-brasileiras-terras-capixabas-melitta-250g/p,Melitta,250.0,g,,peso,101g_250g,10.0,49.98,
Mambo,284585,Cápsula de Café Cappuccino Paçoca Três Corações 110g com 10 Unidades,3 Corações,Mercearia,Disponivel,17.98,https://www.mambo.com.br/capsula-de-cafe-cappuccino-pacoca-tres-coracoes-110g-com-10-unidades/p,3 Corações,110.0,g,10.0,peso,101g_250g,16.35,81.73,1.8
Mambo,284608,Cápsula de Café Amaro União 52g com 10 Unidades,União,Mercearia,Disponivel,16.99,https://www.mambo.com.br/capsula-de-cafe-amaro-uniao-52g-com-10-unidades/p,União,52.0,g,10.0,peso,ate_100g,32.67,163.37,1.7
Mambo,284609,Cápsula de Café Ristretto União 52g com 10 Unidades,União,Mercearia,Disponivel,16.99,https://www.mambo.com.br/capsula-de-cafe-ristretto-uniao-52g-com-10-unidades/p,União,52.0,g,10.0,peso,ate_100g,32.67,163.37,1.7
Mambo,284610,Cápsula de Café Classico União 52g com 10 Unidades,União,Mercearia,Disponivel,16.99,https://www.mambo.com.br/capsula-de-cafe-classico-uniao-52g-com-10-unidades/p,União,52.0,g,10.0,peso,ate_100g,32.67,163.37,1.7
Mambo,284611,Cápsula de Café Velluto União 52g com 10 Unidades,União,Mercearia,Disponivel,16.99,https://www.mambo.com.br/capsula-de-cafe-velluto-uniao-52g-com-10-unidades/p,União,52.0,g,10.0,peso,ate_100g,32.67,163.37,1.7
Mambo,284612,Cápsula de Café Ristretto Descafeinado União 52g com 10 Unidades,União,Mercearia,Disponivel,16.99,https://www.mambo.com.br/capsula-de-cafe-ristretto-descafeinado-uniao-52g-com-10-unidades/p,União,52.0,g,10.0,peso,ate_100g,32.67,163.37,1.7
Mambo,284621,Café Torrado e Moído Tradicional Café Brasileiro 500g,Café Brasileiro,Mercearia,Disponivel,28.99,https://www.mambo.com.br/cafe-torrado-e-moido-tradicional-cafe-brasileiro-500g/p,Café Brasileiro,500.0,g,,peso,251g_500g,5.8,28.99,
Mambo,284622,Café Torrado e Moído Extra Forte Café Brasileiro 500g,Café Brasileiro,Mercearia,Disponivel,28.99,https://www.mambo.com.br/cafe-torrado-e-moido-extra-forte-cafe-brasileiro-500g/p,Café Brasileiro,500.0,g,,peso,251g_500g,5.8,28.99,
Mambo,284631,Café Torrado e Moído Gourmet Ã Vácuo Café Toledo 250g,Café Toledo,Mercearia,Disponivel,36.99,https://www.mambo.com.br/cafe-torrado-e-moido-gourmet-a-vacuo-cafe-toledo-250g/p,Café Toledo,250.0,g,,peso,101g_250g,14.8,73.98,
Mambo,284752,Cápsula de Cappuccino com Cacau Kopenhagen & Nescafé 135g com 10 Unidades,Nescafé,Mercearia,Disponivel,29.49,https://www.mambo.com.br/capsula-de-cappuccino-com-cacau-kopenhagen-e-nescafe-135g-com-10-unidades/p,Nescafé,135.0,g,10.0,peso,101g_250g,21.84,109.22,2.95
Mambo,284762,Cápsula de Café Espresso Kopenhagen & Nescafé 60g com 10 Unidades,Nescafé,Mercearia,Disponivel,21.9,https://www.mambo.com.br/capsula-de-cafe-espresso-kopenhagen-e-nescafe-60g-com-10-unidades/p,Nescafé,60.0,g,10.0,peso,ate_100g,36.5,182.5,2.19
Mambo,284826,Café em Grãos Intenso Especial Super Crema Coffee++ 250g,Coffee ++,Mercearia,Disponivel,29.9,https://www.mambo.com.br/cafe-em-graos-intenso-especial-super-crema-coffee-250g/p,Coffee ++,250.0,g,,peso,101g_250g,11.96,59.8,
Mambo,284827,Café em Grãos Especial Solos Vulcânicos Coffee++ 250g,Coffee ++,Mercearia,Disponivel,29.9,https://www.mambo.com.br/cafe-em-graos-especial-solos-vulcanicos-coffee-250g/p,Coffee ++,250.0,g,,peso,101g_250g,11.96,59.8,
Mambo,284828,Café Torrado e Moído Especial Solos Vulcânicos Coffee++ 250g,Coffee ++,Mercearia,Disponivel,43.49,https://www.mambo.com.br/cafe-torrado-e-moido-especial-solos-vulcanicos-coffee-250g/p,Coffee ++,250.0,g,,peso,101g_250g,17.4,86.98,
Mambo,284886,"Cappuccino Solúvel Pistache e Chocolate L'or 19,5g",L'OR,Mercearia,Disponivel,3.59,https://www.mambo.com.br/cappuccino-soluvel-pistache-e-chocolate-lor-195g/p,Lor,19.5,g,,peso,ate_100g,18.41,92.05,
Mambo,284974,Café Torrado e Moído Chapada Diamantina Origens do Brasil Nescafé 250g,Nescafé,Mercearia,Disponivel,41.49,https://www.mambo.com.br/cafe-torrado-e-moido-chapada-diamantina-origens-do-brasil-nescafe-250g/p,Nescafé,250.0,g,,peso,101g_250g,16.6,82.98,
Mambo,284977,"Cápsula de Café Espresso Colombia Nescafé 79,2g com 18 Unidades",Nescafé,Mercearia,Disponivel,45.98,https://www.mambo.com.br/capsula-de-cafe-espresso-colombia-nescafe-792g-com-18-unidades/p,Nescafé,79.2,g,18.0,peso,ate_100g,58.06,290.28,2.55
Mambo,284978,"Cápsula de Café Espresso Índia Nescafé 79,2g com 18 Unidades",Nescafé,Mercearia,Disponivel,45.98,https://www.mambo.com.br/capsula-de-cafe-espresso-india-nescafe-792g-com-18-unidades/p,Nescafé,79.2,g,18.0,peso,ate_100g,58.06,290.28,2.55
Mambo,284979,"Cápsula de Café Lungo Brasil Nescafé 79,2g com 18 Unidades",Nescafé,Mercearia,Disponivel,45.98,https://www.mambo.com.br/capsula-de-cafe-lungo-brasil-nescafe-792g-com-18-unidades/p,Nescafé,79.2,g,18.0,peso,ate_100g,58.06,290.28,2.55
Mambo,284980,"Cápsula de Café Ristretto Áfricas Nescafé 79,2g com 18 Unidades",Nescafé,Mercearia,Disponivel,45.98,https://www.mambo.com.br/capsula-de-cafe-ristretto-africas-nescafe-792g-com-18-unidades/p,Nescafé,79.2,g,18.0,peso,ate_100g,58.06,290.28,2.55
Mambo,284996,Cápsula de Achocolatado Chococino Classic Nestlé & Dolce Gusto 155g com 10 Unidades,Bauducco,Mercearia,Disponivel,21.9,https://www.mambo.com.br/capsula-de-achocolatado-chococino-classic-nestle-dolce-gusto-155g-com-10-unidades/p,Bauducco,155.0,g,10.0,peso,101g_250g,14.13,70.65,2.19
Mambo,285030,Cápsula de Café Cafeteria Brasil Pilão 52g com 10 Unidades,Pilão,Mercearia,Disponivel,25.49,https://www.mambo.com.br/capsula-de-cafe-cafeteria-brasil-pilao-52g-com-10-unidades/p,Pilão,52.0,g,10.0,peso,ate_100g,49.02,245.1,2.55
Mambo,285034,Cápsula de Café Cafeteria Colômbia Pilão 52g com 10 Unidades,Pilão,Mercearia,Disponivel,25.49,https://www.mambo.com.br/capsula-de-cafe-cafeteria-colombia-pilao-52g-com-10-unidades/p,Pilão,52.0,g,10.0,peso,ate_100g,49.02,245.1,2.55
Mambo,285035,Cápsula de Café Expresso Clássico Cafeteria Especialidades Pilão 52g com 10 Unidades,Pilão,Mercearia,Disponivel,25.49,https://www.mambo.com.br/capsula-de-cafe-expresso-classico-cafeteria-especialidades-pilao-52g-com-10-unidades/p,Pilão,52.0,g,10.0,peso,ate_100g,49.02,245.1,2.55
Mambo,285036,Cápsula de Café Expresso Intenso Cafeteria Especialidades Pilão 52g com 10 Unidades,Pilão,Mercearia,Disponivel,25.49,https://www.mambo.com.br/capsula-de-cafe-expresso-intenso-cafeteria-especialidades-pilao-52g-com-10-unidades/p,Pilão,52.0,g,10.0,peso,ate_100g,49.02,245.1,2.55
Mambo,285075,Cápsula de Café Espresso Ristretto L'or 104g com 20 Unidades,L'OR,Mercearia,Disponivel,52.49,https://www.mambo.com.br/capsula-de-cafe-espresso-ristretto-lor-104g-com-20-unidades/p,Lor,104.0,g,20.0,peso,101g_250g,50.47,252.36,2.62
Mambo,285093,"Cappuccino Solúvel Baunilha L'or Sachê 20,3g",L'OR,Mercearia,Disponivel,3.59,https://www.mambo.com.br/cappuccino-soluvel-baunilha-lor-sache-203g/p,Lor,20.3,g,,peso,ate_100g,17.68,88.42,
Mambo,285094,"Cappuccino Solúvel Caramelo L'or Sachê 20,3g",L'OR,Mercearia,Disponivel,3.59,https://www.mambo.com.br/cappuccino-soluvel-caramelo-lor-sache-203g/p,Lor,20.3,g,,peso,ate_100g,17.68,88.42,
Mambo,285294,"Cappuccino Solúvel Chocolate L'or Sachê 19,6g",L'OR,Mercearia,Disponivel,3.59,https://www.mambo.com.br/cappuccino-soluvel-chocolate-lor-sache-196g/p,Lor,19.6,g,,peso,ate_100g,18.32,91.58,
Mambo,285526,Café Solúvel Intenso 9 Nescafé Gold Vidro 100g,Gold,Mercearia,Disponivel,46.98,https://www.mambo.com.br/cafe-soluvel-intenso-9-nescafe-gold-vidro-100g/p,Gold,100.0,g,,peso,ate_100g,46.98,234.9,
Mambo,285527,Café Solúvel Torra Média Intensidade 5 Nescafé Gold 40g,Gold,Mercearia,Disponivel,14.49,https://www.mambo.com.br/cafe-soluvel-torra-media-intensidade-5-nescafe-gold-40g/p,Gold,40.0,g,,peso,ate_100g,36.22,181.12,
Mambo,285528,Café Solúvel Torra Média Intensidade 7 Nescafé Gold 40g,Gold,Mercearia,Disponivel,14.49,https://www.mambo.com.br/cafe-soluvel-torra-media-intensidade-7-nescafe-gold-40g/p,Gold,40.0,g,,peso,ate_100g,36.22,181.12,
Mambo,285531,"Cápsula de Café Iperespresso Lungo Illy 111,6g com 18 Unidades",Illy,Mercearia,Disponivel,59.98,https://www.mambo.com.br/capsula-de-cafe-iperespresso-lungo-illy-1116g-com-18-unidades/p,Illy,111.6,g,18.0,peso,101g_250g,53.75,268.73,3.33
Mambo,285669,Cápsula de Café Lungo Classico Illy 57g com 10 Unidades,Illy,Mercearia,Disponivel,24.99,https://www.mambo.com.br/capsula-de-cafe-lungo-classico-illy-57g-com-10-unidades/p,Illy,57.0,g,10.0,peso,ate_100g,43.84,219.21,2.5
Mambo,285678,Café em Grãos Espresso Premium Bravo Café 500g,Bravo Café,Mercearia,Disponivel,41.79,https://www.mambo.com.br/cafe-em-graos-espresso-premium-bravo-cafe-500g/p,Bravo Café,500.0,g,,peso,251g_500g,8.36,41.79,
Mambo,286069,Café Torrado e Moído Gourmet Torra da Rainha Bridgerton Melitta 250g,Melitta,Mercearia,Disponivel,24.99,https://www.mambo.com.br/cafe-torrado-e-moido-gourmet-torra-da-rainha-bridgerton-melitta-250g/p,Melitta,250.0,g,,peso,101g_250g,10.0,49.98,
Mambo,286095,Café Torrado e Moído Gourmet Espírito Santo 3 Corações 250g,3 Corações,Mercearia,Disponivel,25.99,https://www.mambo.com.br/cafe-torrado-e-moido-gourmet-espirito-santo-3-coracoes-250g/p,3 Corações,250.0,g,,peso,101g_250g,10.4,51.98,
Mambo,286095,Café Torrado e Moído Gourmet Espírito Santo 3 Corações 250g,3 Corações,Mercearia,Disponivel,25.99,https://www.mambo.com.br/cafe-torrado-e-moido-gourmet-espirito-santo-3-coracoes-250g/p,3 Corações,250.0,g,,peso,101g_250g,10.4,51.98,
Mambo,286149,Cápsula de Café Compatível Nespresso Descafeinado Illy Caixa 57g com 10 Unidades,Illy,Mercearia,Disponivel,66.49,https://www.mambo.com.br/capsula-de-cafe-compativel-nespresso-descafeinado-illy-caixa-57g-com-10-unidades/p,Illy,57.0,g,10.0,peso,ate_100g,116.65,583.25,6.65
Mambo,286152,Café Solúvel Nescafé Ice 40g,Nescafé,Mercearia,Disponivel,12.49,https://www.mambo.com.br/cafe-soluvel-nescafe-ice-40g/p,Nescafé,40.0,g,,peso,ate_100g,31.22,156.12,
Mambo,286155,Café Torrado e Moído Evolutto Premium 500g,Evolutto,Mercearia,Disponivel,36.98,https://www.mambo.com.br/cafe-torrado-e-moido-evolutto-premium-500g/p,Evolutto,500.0,g,,peso,251g_500g,7.4,36.98,
Mambo,286160,Café Torrado e Moído Aroma de Baunilha Baggio 250g,Baggio,Mercearia,Disponivel,46.49,https://www.mambo.com.br/cafe-torrado-e-moido-aroma-de-baunilha-baggio-250g/p,Baggio,250.0,g,,peso,101g_250g,18.6,92.98,
Mambo,286165,Café Torrado e Moído Mantiqueira de Minas Café Brasileiro Gourmet 250g,Café Brasileiro,Mercearia,Disponivel,25.99,https://www.mambo.com.br/cafe-torrado-e-moido-mantiqueira-de-minas-cafe-brasileiro-gourmet-250g/p,Café Brasileiro,250.0,g,,peso,101g_250g,10.4,51.98,
Mambo,286166,Café Torrado e Moído Mogiana Paulista Café Brasileiro Gourmet 250g,Café Brasileiro,Mercearia,Disponivel,25.99,https://www.mambo.com.br/cafe-torrado-e-moido-mogiana-paulista-cafe-brasileiro-gourmet-250g/p,Café Brasileiro,250.0,g,,peso,101g_250g,10.4,51.98,
Mambo,286167,Café Torrado e Moído Caparaó Café Brasileiro Gourmet 250g,Café Brasileiro,Mercearia,Disponivel,25.99,https://www.mambo.com.br/cafe-torrado-e-moido-caparao-cafe-brasileiro-gourmet-250g/p,Café Brasileiro,250.0,g,,peso,101g_250g,10.4,51.98,
Mambo,286198,Café Cremoso Nescafé Lata 150g,Nescafé,Mercearia,Disponivel,27.98,https://www.mambo.com.br/cafe-cremoso-nescafe-lata-150g/p,Nescafé,150.0,g,,peso,101g_250g,18.65,93.27,
St Marche,20026827,Cápsulas de Café Illy Descafeinado 18 Unidades,Illy,Café,Disponivel,71.29,https://marche.com.br/collections/mercearia/products/capsulas-de-cafe-illy-descafeinado-18-unidades?store_id=66677604431,Illy,,,18.0,unidades,sem_peso,,,3.96
St Marche,20060012,Café L'or Torrado e Moído Equilibrado Torras Gourmet Sachê 250g,L'OR,Café,Disponivel,30.49,https://marche.com.br/collections/mercearia/products/cafe-lor-eliquilibrado-torrado-moido-250g?store_id=66677604431,Lor,250.0,g,,peso,101g_250g,12.2,60.98,
St Marche,20055865,Cápsula de Café ORFEU Intenso Dolce Gusto 90g,Orfeu,Café,Disponivel,32.49,https://marche.com.br/collections/mercearia/products/capsula-de-cafe-orfeu-intenso-dolce-gusto-90g?store_id=66677604431,Orfeu,90.0,g,,peso,ate_100g,36.1,180.5,
St Marche,20031287,Café em Cápsula L'or Torrado e Moído Lungo Espresso 52g 10 Unidades,L'OR,Café,Disponivel,30.99,https://marche.com.br/collections/mercearia/products/capsulas-cafe-lor-estremo-10-unidades?store_id=66677604431,Lor,52.0,g,10.0,peso,ate_100g,59.6,297.98,3.1
St Marche,20063958,Cápsulas de Café Baobá Especial Intenso 10 Unidades,Baobá,Café,Disponivel,35.69,https://marche.com.br/collections/mercearia/products/capsulas-de-cafe-baoba-especial-intenso-10-unidades?store_id=66677604431,Baobá,,,10.0,unidades,sem_peso,,,3.57
St Marche,20078211,Cápsulas de Café Orfeu Nespresso Catucaí 10 Unidades,St. Marche,Café,Disponivel,29.99,https://marche.com.br/collections/mercearia/products/capsulas-de-cafe-orfeu-nespresso-catucai-10-unidades?store_id=66677604431,St. Marche,,,10.0,unidades,sem_peso,,,3.0
St Marche,20063957,Cápsulas de Café Baobá Especial Clássico 10 Unidades,Baobá,Café,Disponivel,35.69,https://marche.com.br/collections/mercearia/products/capsulas-de-cafe-baoba-especial-classico-10-unidades?store_id=66677604431,Baobá,,,10.0,unidades,sem_peso,,,3.57
St Marche,20075803,Café 3 Corações Torrado e Moído Rituais Frutas Vermelhas 250g,3 Corações,Café,Disponivel,40.99,https://marche.com.br/collections/mercearia/products/cafe-3-coracoes-torrado-e-moido-rituais-frutas-vermelhas-250g?store_id=66677604431,3 Corações,250.0,g,,peso,101g_250g,16.4,81.98,
St Marche,20078208,Cápsulas de Café Orfeu Nespresso Forte 20 Unidades,St. Marche,Café,Disponivel,53.9,https://marche.com.br/collections/mercearia/products/capsulas-de-cafe-orfeu-nespresso-forte-20-unidades?store_id=66677604431,St. Marche,,,20.0,unidades,sem_peso,,,2.7
St Marche,20078165,Cápsulas de Café Nescafé Classic Creamer Com 10 Unidades,St. Marche,Café,Disponivel,29.59,https://marche.com.br/collections/mercearia/products/capsulas-de-cafe-nescafe-classic-creamer-com-10-unidades?store_id=66677604431,St. Marche,,,10.0,unidades,sem_peso,,,2.96
St Marche,20073925,Café Tenor Bravo Café Torrado em Grãos 500g,Bravo Café,Café,Disponivel,47.9,https://marche.com.br/collections/mercearia/products/cafe-tenor-bravo-cafe-torrado-em-graos-500g?store_id=66677604431,Bravo Café,500.0,g,,peso,251g_500g,9.58,47.9,
St Marche,20031444,Café em Cápsula Pilão Torrado e Moído Lungo Intenso 52g 10 Unidades,Pilão,Café,Disponivel,24.99,https://marche.com.br/collections/mercearia/products/cafe-espresso-pilao-capsulas-de-aluminio-lungo-08-com-10-unidades?store_id=66677604431,Pilão,52.0,g,10.0,peso,ate_100g,48.06,240.29,2.5
St Marche,20062439,Café em Cápsula L'or Espresso Baunilha Caixa 52g 10 Unidades,L'OR,Café,Disponivel,30.99,https://marche.com.br/collections/mercearia/products/capsula-de-cafe-lor-espresso-vanilla-com-10-unidades?store_id=66677604431,Lor,52.0,g,10.0,peso,ate_100g,59.6,297.98,3.1
St Marche,20078066,Café Solúvel L'or Último 84g,St. Marche,Café,Disponivel,30.99,https://marche.com.br/collections/mercearia/products/cafe-soluvel-lor-ultimo-84g?store_id=66677604431,St. Marche,84.0,g,,peso,ate_100g,36.89,184.46,
St Marche,20063558,Café 3 Corações Portinari Florais 250g,3 Corações,Café,Disponivel,36.98,https://marche.com.br/collections/mercearia/products/cafe-3-coracoes-portinari-florais-250g?store_id=66677604431,3 Corações,250.0,g,,peso,101g_250g,14.79,73.96,
St Marche,20073896,"Cappuccino Lor Baunilha Sachê 20,3g",L'OR,Café,Disponivel,2.99,https://marche.com.br/collections/mercearia/products/cappuccino-lor-baunilha-8-unidades-162-4g?store_id=66677604431,Lor,20.3,g,,peso,ate_100g,14.73,73.65,
St Marche,20078064,Café Solúvel L'or Último Sachê 84g,St. Marche,Café,Disponivel,13.9,https://marche.com.br/collections/mercearia/products/cafe-soluvel-lor-ultimo-sache-84g?store_id=66677604431,St. Marche,84.0,g,,peso,ate_100g,16.55,82.74,
St Marche,20064856,Cápsula Café Baggio Dolce Gusto Chocolate Avelã 85g,Baggio,Café,Disponivel,25.89,https://marche.com.br/collections/mercearia/products/capsula-cafe-baggio-dolce-gusto-chocolate-avela-85g?store_id=66677604431,Baggio,85.0,g,,peso,ate_100g,30.46,152.29,
St Marche,20078060,Cápsulas de Café L'or Arábica Avelã 10 Unidades,St. Marche,Café,Disponivel,30.99,https://marche.com.br/collections/mercearia/products/capsulas-de-cafe-lor-arabica-avela-10-unidades?store_id=66677604431,St. Marche,,,10.0,unidades,sem_peso,,,3.1
St Marche,20044349,Café Torrado e Moído Abre Fecha Forte e Encorpado 252º Graus PILÃO 500g,Pilão,Café,Disponivel,36.99,https://marche.com.br/collections/mercearia/products/cafe-torrado-e-moido-abre-fecha-forte-e-encorpado-252%C2%BA-graus-pilao-500g?store_id=66677604431,Pilão,500.0,g,,peso,251g_500g,7.4,36.99,
St Marche,20031442,Café em Cápsulas Pilão Torrado e moído Tradicional 52g 10 Unidades,Pilão,Café,Disponivel,24.99,https://marche.com.br/collections/mercearia/products/capsulas-de-aluminio-espresso-7-pilao-52g?store_id=66677604431,Pilão,52.0,g,10.0,peso,ate_100g,48.06,240.29,2.5
St Marche,20065847,Café Casa Brasil Gourmet Moído 250g,Casa Brasil,Café,Disponivel,33.99,https://marche.com.br/collections/mercearia/products/cafe-casa-brasil-gourmet-moido-250g?store_id=66677604431,Casa Brasil,250.0,g,,peso,101g_250g,13.6,67.98,
St Marche,20023766,Cápsulas de Café ORFEU Orgânico com 10 Unidades 50g,Orfeu,Café,Disponivel,36.99,https://marche.com.br/collections/mercearia/products/capsulas-de-cafe-orfeu-organico-com-10-unidades-50g?store_id=66677604431,Orfeu,50.0,g,10.0,peso,ate_100g,73.98,369.9,3.7
St Marche,20064855,Cápsula Café Baggio Dolce Gusto Chocolate Trufado 85g,Baggio,Café,Disponivel,25.89,https://marche.com.br/collections/mercearia/products/capsula-cafe-baggio-dolce-gusto-chocolate-trufado-85g?store_id=66677604431,Baggio,85.0,g,,peso,ate_100g,30.46,152.29,
St Marche,20063953,Café Baobá Especial Intenso Grãos 250g,Baobá,Café,Disponivel,50.39,https://marche.com.br/collections/mercearia/products/cafe-baoba-especial-intenso-graos-250g?store_id=66677604431,Baobá,250.0,g,,peso,101g_250g,20.16,100.78,
St Marche,20044197,Cápsula Café BRAVO Maestro Com 10 Unidades 50g,Bravo Café,Café,Disponivel,21.9,https://marche.com.br/collections/mercearia/products/capsula-cafe-bravo-maestro-com-10-unidades-50g?store_id=66677604431,Bravo Café,50.0,g,10.0,peso,ate_100g,43.8,219.0,2.19
St Marche,20071843,Cápsulas de Café Lor Espresso de Chocolate com 10 Unidades 52g,L'OR,Café,Disponivel,30.99,https://marche.com.br/collections/mercearia/products/capsulas-de-cafe-lor-espresso-de-chocolate-com-10-unidades-52g?store_id=66677604431,Lor,52.0,g,10.0,peso,ate_100g,59.6,297.98,3.1
St Marche,20075804,Café 3 Corações Torrado e Moído Rituais Chocolate 250g,3 Corações,Café,Disponivel,40.99,https://marche.com.br/collections/mercearia/products/cafe-3-coracoes-torrado-e-moido-rituais-chocolate-250g?store_id=66677604431,3 Corações,250.0,g,,peso,101g_250g,16.4,81.98,
St Marche,20008169,Café Solúvel NESCAFÉ Tradição Forte 100g,Nescafé,Café,Disponivel,33.99,https://marche.com.br/collections/mercearia/products/cafe-soluvel-nescafe-tradicao-forte-100g?store_id=66677604431,Nescafé,100.0,g,,peso,ate_100g,33.99,169.95,
St Marche,20041375,Café em Cápsula Torrado e Moído STARBUCKS Caffè Verona Caixa 55g 10 Unidades,Starbucks,Café,Disponivel,32.99,https://marche.com.br/collections/mercearia/products/cafe-em-capsula-torrado-e-moido-starbucks-caffe-verona-caixa-55g-10-unidades?store_id=66677604431,Starbucks,55.0,g,10.0,peso,ate_100g,59.98,299.91,3.3
St Marche,20069746,Café Torrado e Moído 3 Corações Forza Intensidade Máxima Premium 250g,3 Corações,Café,Disponivel,33.98,https://marche.com.br/collections/mercearia/products/cafe-torrado-e-moido-3-coracoes-forza-intensidade-maxima-premium-250g?store_id=66677604431,3 Corações,250.0,g,,peso,101g_250g,13.59,67.96,
St Marche,20065846,Café Casa Brasil Tradicional 500g,Casa Brasil,Café,Disponivel,39.9,https://marche.com.br/collections/mercearia/products/cafe-casa-brasil-tradicional-500g?store_id=66677604431,Casa Brasil,500.0,g,,peso,251g_500g,7.98,39.9,
St Marche,20031143,Café Torrado e Moído Drip Coffe FAZENDA PESSEGUEIRO 100g,Café Fazenda Pessegueiro,Café,Disponivel,44.39,https://marche.com.br/collections/mercearia/products/cafe-torrado-e-moido-drip-coffe-fazenda-pessegueiro-100g?store_id=66677604431,Café Fazenda Pessegueiro,100.0,g,,peso,ate_100g,44.39,221.95,
St Marche,20025202,Cápsulas de Café Tenor BRAVO Com 10 Unidades,Bravo Café,Café,Disponivel,21.9,https://marche.com.br/collections/mercearia/products/capsulas-de-cafe-tenor-bravo-com-10-unidades?store_id=66677604431,Bravo Café,,,10.0,unidades,sem_peso,,,2.19
St Marche,20059134,Café BRAVO Tenor Torrado Moído 250g,Bravo Café,Café,Disponivel,28.49,https://marche.com.br/collections/mercearia/products/cafe-bravo-tenor-torrado-moido-250g?store_id=66677604431,Bravo Café,250.0,g,,peso,101g_250g,11.4,56.98,
St Marche,20081001,Café Bravo Coletanea Arábica 250g,St. Marche,Café,Disponivel,26.9,https://marche.com.br/collections/mercearia/products/cafe-bravo-coletanea-arabica-250g?store_id=66677604431,St. Marche,250.0,g,,peso,101g_250g,10.76,53.8,
St Marche,20014348,Cápsulas Café L'OR Ristretto Decaffeinato 10 Unidades,L'OR,Café,Disponivel,30.99,https://marche.com.br/collections/mercearia/products/capsulas-cafe-lor-ristretto-decaffeinato-10-unidades?store_id=66677604431,Lor,,,10.0,unidades,sem_peso,,,3.1
St Marche,20065848,Café Casa Brasil Gourmet em Grãos 500g,Casa Brasil,Café,Disponivel,69.8,https://marche.com.br/collections/mercearia/products/cafe-casa-brasil-gourmet-em-graos-500g?store_id=66677604431,Casa Brasil,500.0,g,,peso,251g_500g,13.96,69.8,
St Marche,20029941,Café Gourmet 3 CORAÇÕES em Pó Torrado e Moído Vácuo 250g,3 Corações,Café,Disponivel,33.79,https://marche.com.br/collections/mercearia/products/cafe-gourmet-3-coracoes-em-po-torrado-e-moido-vacuo-250g?store_id=66677604431,3 Corações,250.0,g,,peso,101g_250g,13.52,67.58,
St Marche,20064639,Cápsula Dolce Gusto Espresso Com 10 Unidades 60g,Dolce Gusto,Café,Disponivel,25.99,https://marche.com.br/collections/mercearia/products/capsula-dolce-gusto-espresso-com-10-unidades-60g?store_id=66677604431,Dolce Gusto,60.0,g,10.0,peso,ate_100g,43.32,216.58,2.6
St Marche,20077879,Cápsulas de Café União Clássico 10 Unidades,St. Marche,Café,Disponivel,28.49,https://marche.com.br/collections/mercearia/products/capsulas-de-cafe-uniao-classico-10-unidades?store_id=66677604431,St. Marche,,,10.0,unidades,sem_peso,,,2.85
St Marche,20049890,Café L'OR Torrado e Moído Cerrado Mineiro Pouch 250g,L'OR,Café,Disponivel,43.99,https://marche.com.br/collections/mercearia/products/cafe-lor-torrado-e-moido-cerrado-mineiro-pouch-250g?store_id=66677604431,Lor,250.0,g,,peso,101g_250g,17.6,87.98,
St Marche,20030342,Café Tradicional PILÃO 250g,Pilão,Café,Disponivel,23.9,https://marche.com.br/collections/mercearia/products/cafe-tradicional-pilao-250g?store_id=66677604431,Pilão,250.0,g,,peso,101g_250g,9.56,47.8,
St Marche,20044347,Café Torrado e Moído 252º Graus Vácuo PILÃO 500g,Pilão,Café,Disponivel,36.99,https://marche.com.br/collections/mercearia/products/cafe-torrado-e-moido-252%C2%BA-graus-vacuo-pilao-500g?store_id=66677604431,Pilão,500.0,g,,peso,251g_500g,7.4,36.99,
St Marche,20077878,Cápsulas de Café União Amaro 10 Unidades,St. Marche,Café,Disponivel,28.49,https://marche.com.br/collections/mercearia/products/capsulas-de-cafe-uniao-amaro-10-unidades?store_id=66677604431,St. Marche,,,10.0,unidades,sem_peso,,,2.85
St Marche,20077202,Café Lor Último Torrado e Moído 250g,L'OR,Café,Disponivel,33.9,https://marche.com.br/collections/mercearia/products/cafe-lor-ultimo-torrado-e-moido-250g?store_id=66677604431,Lor,250.0,g,,peso,101g_250g,13.56,67.8,
St Marche,20064642,Cápsula Dolce Gusto Mocha Canela Com 10 Unidades 172g,Dolce Gusto,Café,Disponivel,25.99,https://marche.com.br/collections/mercearia/products/capsula-dolce-gusto-mocha-canela-com-10-unidades-172g?store_id=66677604431,Dolce Gusto,172.0,g,10.0,peso,101g_250g,15.11,75.55,2.6
St Marche,20061037,Café BRAVO Premium Torrado e Moído 500g,Bravo Café,Café,Disponivel,31.9,https://marche.com.br/collections/mercearia/products/cafe-bravo-premium-torrado-e-moido-500g?store_id=66677604431,Bravo Café,500.0,g,,peso,251g_500g,6.38,31.9,
St Marche,20031445,Café em Cápsulas Pilão Torrado e moído Fortíssimo 52g 10 Unidades,Pilão,Café,Disponivel,24.99,https://marche.com.br/collections/mercearia/products/capsulas-de-aluminio-espresso-10-pilao-52g?store_id=66677604431,Pilão,52.0,g,10.0,peso,ate_100g,48.06,240.29,2.5
St Marche,20063959,Cápsulas de Café Baobá Especial Premium 10 Unidades,Baobá,Café,Disponivel,35.69,https://marche.com.br/collections/mercearia/products/capsulas-de-cafe-baoba-especial-premium-10-unidades?store_id=66677604431,Baobá,,,10.0,unidades,sem_peso,,,3.57
St Marche,20073962,Café Illy em Pó Moído Clássico Moka 250g,St. Marche,Café,Disponivel,59.9,https://marche.com.br/collections/mercearia/products/cafe-illy-em-po-moido-classico-moka-250g?store_id=66677604431,St. Marche,250.0,g,,peso,101g_250g,23.96,119.8,
St Marche,20073953,Café Illy Grão Arábica Nicaragua 250g,St. Marche,Café,Disponivel,51.9,https://marche.com.br/collections/mercearia/products/cafe-illy-grao-arabica-nicaragua-250g?store_id=66677604431,St. Marche,250.0,g,,peso,101g_250g,20.76,103.8,
St Marche,20081842,Café Latitude 13 Castas Torrado em Grãos 500g,St. Marche,Café,Disponivel,86.9,https://marche.com.br/collections/mercearia/products/cafe-latitude-13-castas-torrado-em-graos-500g?store_id=66677604431,St. Marche,500.0,g,,peso,251g_500g,17.38,86.9,
St Marche,20026109,Café Intenso a Vácuo PILÃO 500g,Pilão,Café,Disponivel,36.99,https://marche.com.br/collections/mercearia/products/cafe-intenso-a-vacuo-pilao-500g?store_id=66677604431,Pilão,500.0,g,,peso,251g_500g,7.4,36.99,
St Marche,20073303,Capsulas de Cappuccino Vegetal 3 Corações 11g,3 Corações,Café,Disponivel,26.9,https://marche.com.br/collections/mercearia/products/capsulas-de-cappuccino-vegetal-3-coracoes-11g?store_id=66677604431,3 Corações,11.0,g,,peso,ate_100g,244.55,1222.73,
St Marche,20069175,Café Solúvel Juan Valdez Descafeinado 95g,St. Marche,Café,Disponivel,84.9,https://marche.com.br/collections/mercearia/products/cafe-soluvel-juan-valdez-descafeinado-95g?store_id=66677604431,St. Marche,95.0,g,,peso,ate_100g,89.37,446.84,
St Marche,20029836,Café Gourmet em Grãos CAFÉ FAZENDA PESSEGUEIRO 500g,Café Fazenda Pessegueiro,Café,Disponivel,66.09,https://marche.com.br/collections/mercearia/products/cafe-gourmet-em-graos-cafe-fazenda-pessegueiro-500g?store_id=66677604431,Café Fazenda Pessegueiro,500.0,g,,peso,251g_500g,13.22,66.09,
St Marche,20062827,Café PILÃO Grãos Cafeteria 500g,St. Marche,Café,Disponivel,74.59,https://marche.com.br/collections/mercearia/products/cafe-pilao-graos-cafeteria-500g?store_id=66677604431,St. Marche,500.0,g,,peso,251g_500g,14.92,74.59,
St Marche,20063952,Café Baobá Especial Clássico Moído 250g,Baobá,Café,Disponivel,50.29,https://marche.com.br/collections/mercearia/products/cafe-baoba-especial-classico-moido-250g?store_id=66677604431,Baobá,250.0,g,,peso,101g_250g,20.12,100.58,
St Marche,20060721,Café BRAVO Maestro Torrado Moído 250g,Bravo Café,Café,Disponivel,28.49,https://marche.com.br/collections/mercearia/products/cafe-bravo-maestro-torrado-moido-250g?store_id=66677604431,Bravo Café,250.0,g,,peso,101g_250g,11.4,56.98,
St Marche,20065849,Cápsulas Café Casa Brasil Gourmet Intenso 7 50g,Casa Brasil,Café,Disponivel,38.99,https://marche.com.br/collections/mercearia/products/capsulas-cafe-casa-brasil-gourmet-intenso-7-50g?store_id=66677604431,Casa Brasil,50.0,g,,peso,ate_100g,77.98,389.9,
St Marche,20025203,Cápsulas de Café Barítono Intenso BRAVO Com 10 Unidades,Bravo Café,Café,Disponivel,21.9,https://marche.com.br/collections/mercearia/products/capsulas-de-cafe-baritono-intenso-bravo-com-10-unidades?store_id=66677604431,Bravo Café,,,10.0,unidades,sem_peso,,,2.19
St Marche,20025204,Cápsulas de Café Soprano BRAVO Com 10 Cápsulas,Bravo Café,Café,Disponivel,21.9,https://marche.com.br/collections/mercearia/products/capsulas-de-cafe-soprano-bravo-com-10-capsulas?store_id=66677604431,Bravo Café,,,10.0,unidades,sem_peso,,,2.19
St Marche,20049891,Café L'OR Torrado e Moído Mogiana Pouch 250g,L'OR,Café,Disponivel,43.99,https://marche.com.br/collections/mercearia/products/cafe-lor-torrado-e-moido-mogiana-pouch-250g?store_id=66677604431,Lor,250.0,g,,peso,101g_250g,17.6,87.98,
St Marche,20064858,Cápsula Café Baggio Dolce Gusto Caramel 85g,Baggio,Café,Disponivel,25.89,https://marche.com.br/collections/mercearia/products/capsula-cafe-baggio-dolce-gusto-caramel-85g?store_id=66677604431,Baggio,85.0,g,,peso,ate_100g,30.46,152.29,
St Marche,20078161,Cápsulas de Café Nescafé Gold Lungo Com 10 Unidades,St. Marche,Café,Disponivel,31.99,https://marche.com.br/collections/mercearia/products/capsulas-de-cafe-nescafe-gold-lungo-com-10-unidades?store_id=66677604431,St. Marche,,,10.0,unidades,sem_peso,,,3.2
St Marche,20058795,Cápsula de Café 3 CORAÇÕES Nespresso Mogiana Paulista 50g,3 Corações,Café,Disponivel,24.99,https://marche.com.br/collections/mercearia/products/capsula-de-cafe-3-coracoes-nespresso-mogiana-paulista-50g?store_id=66677604431,3 Corações,50.0,g,,peso,ate_100g,49.98,249.9,
St Marche,20041330,Café Torrado e Moído Verona STARBUCKS 250g,Starbucks,Café,Disponivel,48.99,https://marche.com.br/collections/mercearia/products/cafe-torrado-e-moido-verona-starbucks-250g?store_id=66677604431,Starbucks,250.0,g,,peso,101g_250g,19.6,97.98,
St Marche,20070400,Cápsulas de Café Orfeu Japy Compatíveis Nespresso com 10 Unidades 50g,Orfeu,Café,Disponivel,32.49,https://marche.com.br/collections/mercearia/products/capsulas-de-cafe-orfeu-japy-compativeis-nespresso-com-10-unidades-50g?store_id=66677604431,Orfeu,50.0,g,10.0,peso,ate_100g,64.98,324.9,3.25
St Marche,20047908,Cápsulas Café L'OR Guatemala 10 Unidades,L'OR,Café,Disponivel,30.99,https://marche.com.br/collections/mercearia/products/capsulas-cafe-lor-guatemala-10-unidades?store_id=66677604431,Lor,,,10.0,unidades,sem_peso,,,3.1
St Marche,20065850,Cápsulas Café Casa Brasil Intenso 9 50g,Casa Brasil,Café,Disponivel,38.99,https://marche.com.br/collections/mercearia/products/capsulas-cafe-casa-brasil-intenso-9-50g?store_id=66677604431,Casa Brasil,50.0,g,,peso,ate_100g,77.98,389.9,
St Marche,20026064,Café a Vácuo Torrado e Moído Tradicional CAFÉ DO PONTO 500g,Café do Ponto,Café,Disponivel,47.99,https://marche.com.br/collections/mercearia/products/cafe-a-vacuo-torrado-e-moido-tradicional-cafe-do-ponto-500g?store_id=66677604431,Café Do Ponto,500.0,g,,peso,251g_500g,9.6,47.99,
St Marche,20025173,"Cápsulas de Café Espresso Pleno, TRES, 3 CORAÇÕES 10 Cápsulas",3 Corações,Café,Disponivel,17.93,https://marche.com.br/collections/mercearia/products/capsulas-de-cafe-espresso-pleno-tres-3-coracoes-10-capsulas?store_id=66677604431,3 Corações,,,10.0,unidades,sem_peso,,,1.79
St Marche,20073464,"Cápsulas de Café Juan Valdez Paisaje 44,8g",Juan Valdez,Café,Disponivel,43.5,https://marche.com.br/collections/mercearia/products/capsulas-de-cafe-juan-valdez-paisaje-44-8g?store_id=66677604431,Juan Valdez,44.8,g,,peso,ate_100g,97.1,485.49,
St Marche,20069178,Café Solúvel Juan Valdez Vanicanela 95g,St. Marche,Café,Disponivel,84.9,https://marche.com.br/collections/mercearia/products/cafe-soluvel-juan-valdez-vanicanela-95g?store_id=66677604431,St. Marche,95.0,g,,peso,ate_100g,89.37,446.84,
St Marche,20073465,"Cápsula de Café Juan Valdez Mujeres 44,8g",Juan Valdez,Café,Disponivel,43.5,https://marche.com.br/collections/mercearia/products/capsula-de-cafe-juan-valdez-mujeres-44-8g?store_id=66677604431,Juan Valdez,44.8,g,,peso,ate_100g,97.1,485.49,
St Marche,20073952,Café Illy Grão Arábica Índia 250g,St. Marche,Café,Disponivel,51.9,https://marche.com.br/collections/mercearia/products/cafe-illy-grao-arabica-india-250g?store_id=66677604431,St. Marche,250.0,g,,peso,101g_250g,20.76,103.8,
St Marche,20069179,Café Solúvel Juan Valdez Avelã 95g,St. Marche,Café,Disponivel,84.9,https://marche.com.br/collections/mercearia/products/cafe-soluvel-juan-valdez-avela-95g?store_id=66677604431,St. Marche,95.0,g,,peso,ate_100g,89.37,446.84,
St Marche,20072098,Café Solúvel Nescafé Com Leite 300g,Nescafé,Café,Disponivel,28.49,https://marche.com.br/collections/mercearia/products/cafe-soluvel-nescafe-com-leite-300g?store_id=66677604431,Nescafé,300.0,g,,peso,251g_500g,9.5,47.48,
St Marche,20078213,Café Orfeu Torrado e Moído Catucaí 250g,St. Marche,Café,Disponivel,43.9,https://marche.com.br/collections/mercearia/products/cafe-orfeu-torrado-e-moido-catucai-250g?store_id=66677604431,St. Marche,250.0,g,,peso,101g_250g,17.56,87.8,
St Marche,20025175,Cápsula de Café Filtrado Gourmet 3 CORAÇÕES 10 Cápsulas,3 Corações,Café,Disponivel,26.9,https://marche.com.br/collections/mercearia/products/capsula-de-cafe-filtrado-gourmet-3-coracoes-10-capsulas?store_id=66677604431,3 Corações,,,10.0,unidades,sem_peso,,,2.69
St Marche,20045593,Cápsulas Café L'OR ÌNDIA 10 Unidades,L'OR,Café,Disponivel,30.99,https://marche.com.br/collections/mercearia/products/capsulas-cafe-lor-india-10-unidades?store_id=66677604431,Lor,,,10.0,unidades,sem_peso,,,3.1
St Marche,20081820,Cápsulas Café Pilão 100% Arábica Brasil 52g,St. Marche,Café,Disponivel,24.99,https://marche.com.br/collections/mercearia/products/caps-cafe-pilao-100-arab-brasil-52g?store_id=66677604431,St. Marche,52.0,g,,peso,ate_100g,48.06,240.29,
St Marche,20031290,Cápsulas Café L'OR Ristretto 10 Unidades,L'OR,Café,Disponivel,30.99,https://marche.com.br/collections/mercearia/products/capsulas-cafe-lor-ristretto-10-unidades?store_id=66677604431,Lor,,,10.0,unidades,sem_peso,,,3.1
St Marche,20063954,Café Baobá Especial Intenso Moído 250g,Baobá,Café,Disponivel,50.29,https://marche.com.br/collections/mercearia/products/cafe-baoba-especial-intenso-moido-250g?store_id=66677604431,Baobá,250.0,g,,peso,101g_250g,20.12,100.58,
St Marche,20080914,"Cappuccino Lor Chocolate e Pistache 19,5g",St. Marche,Café,Disponivel,2.99,https://marche.com.br/collections/mercearia/products/cappuccino-lor-chocolate-e-pistache-19-5g?store_id=66677604431,St. Marche,19.5,g,,peso,ate_100g,15.33,76.67,
St Marche,20062378,Cappucino Nescafé Dois Frades 180g,St. Marche,Café,Disponivel,24.49,https://marche.com.br/collections/mercearia/products/cappucino-nescafe-dois-frades-180g?store_id=66677604431,St. Marche,180.0,g,,peso,101g_250g,13.61,68.03,
St Marche,20031047,Café Expresso Gourmet Torrado em Grão 3 CORAÇÕES 1 kg,3 Corações,Café,Disponivel,163.49,https://marche.com.br/collections/mercearia/products/cafe-expresso-gourmet-torrado-em-grao-3-coracoes-1-kg?store_id=66677604431,3 Corações,1000.0,kg,,peso,501g_1kg,16.35,81.74,
St Marche,20053847,Cápsulas de Café BAGGIO Amêndoas Torradas Com 10 Cápsulas,Baggio,Café,Disponivel,29.49,https://marche.com.br/collections/mercearia/products/capsulas-de-cafe-baggio-amendoas-torradas-com-10-capsulas?store_id=66677604431,Baggio,,,10.0,unidades,sem_peso,,,2.95
St Marche,20069177,Café Solúvel Juan Valdez Chocolate 95g,St. Marche,Café,Disponivel,84.9,https://marche.com.br/collections/mercearia/products/cafe-soluvel-juan-valdez-chocolate-95g?store_id=66677604431,St. Marche,95.0,g,,peso,ate_100g,89.37,446.84,
St Marche,20031049,Cápsula de Café Espresso Ameno 3 CORAÇÕES 10 Cápsulas,3 Corações,Café,Disponivel,17.93,https://marche.com.br/collections/mercearia/products/capsula-de-cafe-espresso-ameno-3-coracoes-10-capsulas?store_id=66677604431,3 Corações,,,10.0,unidades,sem_peso,,,1.79
St Marche,20070140,Café Torrado e Moído Tradicional União 500g,União,Café,Disponivel,36.9,https://marche.com.br/collections/mercearia/products/cafe-torrado-e-moido-tradicional-uniao-500g?store_id=66677604431,União,500.0,g,,peso,251g_500g,7.38,36.9,
St Marche,20049893,Café Torrado e Moído a Vácuo Espresso PILÃO Cafeteria Pacote 500g,Pilão,Café,Disponivel,43.9,https://marche.com.br/collections/mercearia/products/cafe-torrado-e-moido-a-vacuo-espresso-pilao-cafeteria-pacote-500g?store_id=66677604431,Pilão,500.0,g,,peso,251g_500g,8.78,43.9,
St Marche,20077880,Cápsulas de Café União Velluto 10 Unidades,St. Marche,Café,Disponivel,28.49,https://marche.com.br/collections/mercearia/products/capsulas-de-cafe-uniao-velluto-10-unidades?store_id=66677604431,St. Marche,,,10.0,unidades,sem_peso,,,2.85
St Marche,20060014,Café LOR Intenso Torrado Moído 250g,L'OR,Café,Disponivel,30.49,https://marche.com.br/collections/mercearia/products/cafe-lor-intenso-torrado-moido-250g?store_id=66677604431,Lor,250.0,g,,peso,101g_250g,12.2,60.98,
St Marche,20076311,Cápsulas de Café Villa Piva Especial Com 10 Unidades,Villa Piva,Café,Disponivel,40.19,https://marche.com.br/collections/mercearia/products/capsulas-de-cafe-villa-piva-especial-com-10-unidades?store_id=66677604431,Villa Piva,,,10.0,unidades,sem_peso,,,4.02
St Marche,20069975,Café Solúvel em Pó Nescafé Espresso Intenso Gold Sachê 40g,Nescafé,Café,Disponivel,14.49,https://marche.com.br/collections/mercearia/products/cafe-soluvel-em-po-nescafe-espresso-intenso-gold-sache-40g?store_id=66677604431,Nescafé,40.0,g,,peso,ate_100g,36.22,181.12,
St Marche,20070401,Cápsulas Orfeu Nespresso Arara com 10 Unidades 50g,Orfeu,Café,Disponivel,32.49,https://marche.com.br/collections/mercearia/products/capsulas-orfeu-nespresso-arara-com-10-unidades-50g?store_id=66677604431,Orfeu,50.0,g,10.0,peso,ate_100g,64.98,324.9,3.25
St Marche,20061021,Café UNIÃO Tradicional Almofada 500g,União,Café,Disponivel,36.99,https://marche.com.br/collections/mercearia/products/cafe-uniao-tradicional-almofada-500g?store_id=66677604431,União,500.0,g,,peso,251g_500g,7.4,36.99,
St Marche,20014164,"Cápsula de Café Espresso Rituais Florada Microlotes, TRES, 3 CORAÇÕES 10 Unidades",3 Corações,Café,Disponivel,26.9,https://marche.com.br/collections/mercearia/products/capsula-de-cafe-espresso-rituais-florada-microlotes-tres-3-coracoes-10-unidades?store_id=66677604431,Tres,,,10.0,unidades,sem_peso,,,2.69
St Marche,20045343,Cápsula de Cappuccino Com Avelã 3 CORAÇÕES 10 Cápsulas,3 Corações,Café,Disponivel,26.9,https://marche.com.br/collections/mercearia/products/capsula-de-cappuccino-com-avela-3-coracoes-10-capsulas?store_id=66677604431,3 Corações,,,10.0,unidades,sem_peso,,,2.69
St Marche,20030937,Cápsulas de Cappuccino Classic 3 CORAÇÕES 10 Cápsulas,3 Corações,Café,Disponivel,17.93,https://marche.com.br/collections/mercearia/products/capsulas-de-cappuccino-classic-3-coracoes-10-capsulas?store_id=66677604431,3 Corações,,,10.0,unidades,sem_peso,,,1.79
St Marche,20075805,Café 3 Corações Grãos Rituais Frutas Secas 250g,3 Corações,Café,Disponivel,47.89,https://marche.com.br/collections/mercearia/products/cafe-3-coracoes-graos-rituais-frutas-secas-250g?store_id=66677604431,3 Corações,250.0,g,,peso,101g_250g,19.16,95.78,
St Marche,20049892,Café L'OR Torrado e Moído Sul de Minas Pouch 250g,L'OR,Café,Disponivel,43.99,https://marche.com.br/collections/mercearia/products/cafe-lor-torrado-e-moido-sul-de-minas-pouch-250g?store_id=66677604431,Lor,250.0,g,,peso,101g_250g,17.6,87.98,
St Marche,20055867,Cápsula de Café ORFEU Orgânico Dolce Gusto 90g,St. Marche,Café,Disponivel,32.49,https://marche.com.br/collections/mercearia/products/capsula-de-cafe-orfeu-organico-dolce-gusto-90g?store_id=66677604431,St. Marche,90.0,g,,peso,ate_100g,36.1,180.5,
St Marche,20082791,Café Nescafé Solúvel Gold Intenso 100g,St. Marche,Café,Disponivel,36.9,https://marche.com.br/collections/mercearia/products/cafe-nescafe-gold-intenso-100g?store_id=66677604431,St. Marche,100.0,g,,peso,ate_100g,36.9,184.5,
St Marche,20073302,Capsulas de Café com Leite Vegetal 3 Corações 11g,3 Corações,Café,Disponivel,26.9,https://marche.com.br/collections/mercearia/products/capsulas-de-cafe-com-leite-vegetal-3-coracoes-11g?store_id=66677604431,3 Corações,11.0,g,,peso,ate_100g,244.55,1222.73,
St Marche,20077882,Cápsulas de Café União Ristretto 10 Unidades,St. Marche,Café,Disponivel,28.49,https://marche.com.br/collections/mercearia/products/capsulas-de-cafe-uniao-ristretto-10-unidades?store_id=66677604431,St. Marche,,,10.0,unidades,sem_peso,,,2.85
St Marche,20008045,"Cápsula de Café Espresso Chapada Diamantina Safra Especial, TRES, 3 Corações 10 unidades",3 Corações,Café,Disponivel,17.93,https://marche.com.br/collections/mercearia/products/capsula-de-cafe-espresso-chapada-diamantina-safra-especial-tres-3-coracoes-10-unidades?store_id=66677604431,3 Corações,,,10.0,unidades,sem_peso,,,1.79
St Marche,20073300,Capsulas de Café Star Wars Darth Vader 3 Corações 8g,3 Corações,Café,Disponivel,26.9,https://marche.com.br/collections/mercearia/products/capsulas-de-cafe-star-wars-darth-vader-3-coracoes-8g?store_id=66677604431,3 Corações,8.0,g,,peso,ate_100g,336.25,1681.25,
St Marche,20062826,Café Solúvel L'or Liofilizado Montanhas Capixabas 84g,L'OR,Café,Disponivel,37.99,https://marche.com.br/collections/mercearia/products/cafe-soluvel-lor-montanhas-capixabas-84g?store_id=66677604431,Lor,84.0,g,,peso,ate_100g,45.23,226.13,
St Marche,20073298,Café Expresso 3 Corações Grãos Gourmet 500g,3 Corações,Café,Disponivel,82.29,https://marche.com.br/collections/mercearia/products/cafe-expresso-3-coracoes-graos-gourmet-500g?store_id=66677604431,3 Corações,500.0,g,,peso,251g_500g,16.46,82.29,
St Marche,20062825,Café Solúvel L'or Liofilizado Sul da Bahia 84g,L'OR,Café,Disponivel,37.99,https://marche.com.br/collections/mercearia/products/cafe-soluvel-lor-sul-da-bahia-84g?store_id=66677604431,Lor,84.0,g,,peso,ate_100g,45.23,226.13,
St Marche,20002932,Cappuccino de Chocolate 3 CORAÇÕES 200g,3 Corações,Café,Disponivel,23.98,https://marche.com.br/collections/mercearia/products/cappuccino-de-chocolate-3-coracoes-200g?store_id=66677604431,3 Corações,200.0,g,,peso,101g_250g,11.99,59.95,
St Marche,20083742,Capsulas Café Starbucks Espresso 55g,St. Marche,Café,Disponivel,27.9,https://marche.com.br/collections/mercearia/products/caps-cafe-starbucks-espresso-55g?store_id=66677604431,St. Marche,55.0,g,,peso,ate_100g,50.73,253.64,
St Marche,20078166,Cápsulas Nescafé Alpino e Galak Com 16 Unidades,St. Marche,Café,Disponivel,31.99,https://marche.com.br/collections/mercearia/products/capsulas-nescafe-alpino-e-galak-com-16-unidades?store_id=66677604431,St. Marche,,,16.0,unidades,sem_peso,,,2.0
St Marche,20081838,Café Latitude 13 Clássico Torrado e Moído 250g,St. Marche,Café,Disponivel,40.59,https://marche.com.br/collections/mercearia/products/cafe-latitude-13-classico-torrado-e-moido-250g?store_id=66677604431,St. Marche,250.0,g,,peso,101g_250g,16.24,81.18,
St Marche,20064857,Cápsula Café Baggio Dolce Gusto Clássico 85g,Baggio,Café,Disponivel,25.89,https://marche.com.br/collections/mercearia/products/capsula-cafe-baggio-dolce-gusto-classico-85g?store_id=66677604431,Baggio,85.0,g,,peso,ate_100g,30.46,152.29,
St Marche,20073306,Café Latte Vegetal 3 Corações 220g,3 Corações,Café,Disponivel,27.99,https://marche.com.br/collections/mercearia/products/cafe-latte-vegetal-3-coracoes-220g?store_id=66677604431,3 Corações,220.0,g,,peso,101g_250g,12.72,63.61,
St Marche,20018605,Cápsula de Café Illy Clássico Com 18 Unidades,Illy,Café,Disponivel,69.9,https://marche.com.br/collections/mercearia/products/capsula-de-cafe-illy-classico-com-18-unidades?store_id=66677604431,Illy,,,18.0,unidades,sem_peso,,,3.88
St Marche,20083640,Café Cafellow Sachê Sensual 10 Unidades,St. Marche,Café,Disponivel,49.9,https://marche.com.br/collections/mercearia/products/cafe-cafellow-sache-sensual-10un?store_id=66677604431,St. Marche,,,10.0,unidades,sem_peso,,,4.99
St Marche,20058796,Cápsula de Café 3 CORAÇÕES Nespresso Orgânico 50g,3 Corações,Café,Disponivel,24.99,https://marche.com.br/collections/mercearia/products/capsula-de-cafe-3-coracoes-nespresso-organico-50g?store_id=66677604431,3 Corações,50.0,g,,peso,ate_100g,49.98,249.9,
St Marche,20075968,Café em Grãos Juan Valdez Volcan 250g,Juan Valdez,Café,Disponivel,49.9,https://marche.com.br/collections/mercearia/products/cafe-em-graos-juan-valdez-volcan-250g?store_id=66677604431,Juan Valdez,250.0,g,,peso,101g_250g,19.96,99.8,
St Marche,20008951,Cápsula de Café Intenso BAGGIO Com 10 Cápsulas,Baggio,Café,Disponivel,29.49,https://marche.com.br/collections/mercearia/products/capsula-de-cafe-intenso-baggio-com-10-capsulas?store_id=66677604431,Baggio,,,10.0,unidades,sem_peso,,,2.95
St Marche,20078478,Cápsulas de Café Nescafé Brazil 18 Unidades,St. Marche,Café,Disponivel,43.19,https://marche.com.br/collections/mercearia/products/capsulas-de-cafe-nescafe-brazil-18-unidades?store_id=66677604431,St. Marche,,,18.0,unidades,sem_peso,,,2.4
St Marche,20049882,Café Torrado e Moído Coado a Vácuo PILÃO Cafeteria Pacote 500g,Pilão,Café,Disponivel,43.9,https://marche.com.br/collections/mercearia/products/cafe-torrado-e-moido-coado-a-vacuo-pilao-cafeteria-pacote-500g?store_id=66677604431,Pilão,500.0,g,,peso,251g_500g,8.78,43.9,
St Marche,20081819,Cápsulas Café Pilão 100% Arábica Colômbia 52g,St. Marche,Café,Disponivel,24.99,https://marche.com.br/collections/mercearia/products/caps-cafe-pilao-100-arab-colombia-52g?store_id=66677604431,St. Marche,52.0,g,,peso,ate_100g,48.06,240.29,
St Marche,20073920,Café Orfeu Torrado e Moído Acauã 250g,Orfeu,Café,Disponivel,48.99,https://marche.com.br/collections/mercearia/products/cafe-orfeu-torrado-e-moido-acaua-250g?store_id=66677604431,Orfeu,250.0,g,,peso,101g_250g,19.6,97.98,
St Marche,20078095,Cápsulas de Café Dolce Gusto Nescafé Alpino 10 Unidades,St. Marche,Café,Disponivel,31.99,https://marche.com.br/collections/mercearia/products/capsulas-de-cafe-dolce-gusto-nescafe-alpino-10-unidades?store_id=66677604431,St. Marche,,,10.0,unidades,sem_peso,,,3.2
St Marche,20077313,Cápsula de Cafe Illy Classic Descafeinado 10 Unidades,Illy,Café,Disponivel,30.99,https://marche.com.br/collections/mercearia/products/capsula-de-cafe-illy-classic-descafeinado-10-unidades?store_id=66677604431,Illy,,,10.0,unidades,sem_peso,,,3.1
St Marche,20062823,Café Solúvel PILÃO Cafeteria 40g,Pilão,Café,Disponivel,12.98,https://marche.com.br/collections/mercearia/products/cafe-soluvel-pilao-cafeteria-40g?store_id=66677604431,Pilão,40.0,g,,peso,ate_100g,32.45,162.25,
St Marche,20025171,Café 3 CORAÇÕES Cápsulas Espresso Vibrante Com 10 Cápsulas,3 Corações,Café,Disponivel,26.9,https://marche.com.br/collections/mercearia/products/cafe-3-coracoes-capsulas-espresso-vibrante-com-10-capsulas?store_id=66677604431,3 Corações,,,10.0,unidades,sem_peso,,,2.69
St Marche,20041381,Café Solúvel Nescafé Gold 100g,St. Marche,Café,Disponivel,31.69,https://marche.com.br/collections/mercearia/products/cafe-soluvel-nescafe-gold-100g?store_id=66677604431,St. Marche,100.0,g,,peso,ate_100g,31.69,158.45,
St Marche,20083743,Café Soluvel Nescafé Ice 40g,St. Marche,Café,Disponivel,9.99,https://marche.com.br/collections/mercearia/products/cafe-soluvel-nescafe-ice-40g?store_id=66677604431,St. Marche,40.0,g,,peso,ate_100g,24.98,124.88,
St Marche,20075801,Café 3 Corações Torrado e Moído Rituais Exótico 250g,3 Corações,Café,Disponivel,40.99,https://marche.com.br/collections/mercearia/products/cafe-3-coracoes-torrado-e-moido-rituais-exotico-250g?store_id=66677604431,3 Corações,250.0,g,,peso,101g_250g,16.4,81.98,
St Marche,20026921,Café Extra Forte Vácuo 3 CORAÇÕES 500g,3 Corações,Café,Disponivel,41.5,https://marche.com.br/collections/mercearia/products/cafe-extra-forte-vacuo-3-coracoes-500g?store_id=66677604431,3 Corações,500.0,g,,peso,251g_500g,8.3,41.5,
St Marche,20030344,Café Pilão Torrado E Moído Extra Forte Abre e Fecha 500g,Pilão,Café,Disponivel,36.99,https://marche.com.br/collections/mercearia/products/cafe-pilao-torrado-e-moido-extra-forte-abre-e-fecha-500g?store_id=66677604431,Pilão,500.0,g,,peso,251g_500g,7.4,36.99,
St Marche,20055864,Cápsula de Café ORFEU Clássico Dolce Gusto 90g,Orfeu,Café,Disponivel,32.49,https://marche.com.br/collections/mercearia/products/capsula-de-cafe-orfeu-classico-dolce-gusto-90g?store_id=66677604431,Orfeu,90.0,g,,peso,ate_100g,36.1,180.5,
St Marche,20078475,Cápsulas de Café Dolce Gusto Cappuccino 10 Unidades 135g,St. Marche,Café,Disponivel,31.99,https://marche.com.br/collections/mercearia/products/capsulas-de-cafe-dolce-gusto-cappuccino-10-unidades-135g?store_id=66677604431,St. Marche,135.0,g,10.0,peso,101g_250g,23.7,118.48,3.2
St Marche,20073960,Café Illy em Pó Moído Arábica Etiopia 125g,St. Marche,Café,Disponivel,24.9,https://marche.com.br/collections/mercearia/products/cafe-illy-em-po-moido-arabica-etiopia-125g?store_id=66677604431,St. Marche,125.0,g,,peso,101g_250g,19.92,99.6,
St Marche,20081623,Cápsula de Café Illy Clássico Lungo 10 Unidades,St. Marche,Café,Disponivel,29.9,https://marche.com.br/collections/mercearia/products/capsula-de-cafe-illy-classico-lungo-10-unidades?store_id=66677604431,St. Marche,,,10.0,unidades,sem_peso,,,2.99
St Marche,20046760,Cápsula De Café ORFEU Borbon Amargo 50g,Orfeu,Café,Disponivel,32.99,https://marche.com.br/collections/mercearia/products/capsula-de-cafe-orfeu-borbon-amargo-50g?store_id=66677604431,Orfeu,50.0,g,,peso,ate_100g,65.98,329.9,
St Marche,20064173,"Café Cápsula Illy Longo 120,6g",Illy,Café,Disponivel,72.49,https://marche.com.br/collections/mercearia/products/cafe-capsula-illy-longo-120-6g?store_id=66677604431,Illy,120.6,g,,peso,101g_250g,60.11,300.54,
St Marche,20075975,Cápsula de Café 3 Corações Especiais Colômbia Com 10 Unidades,3 Corações,Café,Disponivel,24.99,https://marche.com.br/collections/mercearia/products/capsula-de-cafe-3-coracoes-especiais-colombia-com-10-unidades?store_id=66677604431,3 Corações,,,10.0,unidades,sem_peso,,,2.5
St Marche,20029936,CAFÉ FAZENDA PESSEGUEIRO Torra Média Cápsulas com 10 Unidades,Café Fazenda Pessegueiro,Café,Disponivel,37.19,https://marche.com.br/collections/mercearia/products/cafe-fazenda-pessegueiro-torra-media-capsulas-com-10-unidades?store_id=66677604431,Café Fazenda Pessegueiro,,,10.0,unidades,sem_peso,,,3.72
St Marche,20073299,Capsulas de Café Star Wars Mestre Yoda 3 Corações 8g,3 Corações,Café,Disponivel,26.9,https://marche.com.br/collections/mercearia/products/capsulas-de-cafe-star-wars-mestre-yoda-3-coracoes-8g?store_id=66677604431,3 Corações,8.0,g,,peso,ate_100g,336.25,1681.25,
St Marche,20061022,Café UNIÃO Extraforte Almofada 500g,União,Café,Disponivel,36.99,https://marche.com.br/collections/mercearia/products/cafe-uniao-extraforte-almofada-500g?store_id=66677604431,União,500.0,g,,peso,251g_500g,7.4,36.99,
St Marche,20062375,Cappucino NESCAFÉ Tradicional 180g,Nescafé,Café,Disponivel,24.49,https://marche.com.br/collections/mercearia/products/cappucino-nescafe-tradicional-180g?store_id=66677604431,Nescafé,180.0,g,,peso,101g_250g,13.61,68.03,
St Marche,20054952,Café PILÃO Cafeteira Italiano Vácuo 500g,Pilão,Café,Disponivel,43.9,https://marche.com.br/collections/mercearia/products/cafe-pilao-cafeteira-italiano-vacuo-500g?store_id=66677604431,Pilão,500.0,g,,peso,251g_500g,8.78,43.9,
St Marche,20073895,"Cappuccino Lor Chocolate Sachê 19,6g",L'OR,Café,Disponivel,2.99,https://marche.com.br/collections/mercearia/products/cappuccino-lor-chocolate-8-unidades-156-8g?store_id=66677604431,Lor,19.6,g,,peso,ate_100g,15.26,76.28,
St Marche,20083641,Café Cafellow Torrado Moído 250g,St. Marche,Café,Disponivel,23.9,https://marche.com.br/collections/mercearia/products/cafe-cafellow-torrado-moido-250g?store_id=66677604431,St. Marche,250.0,g,,peso,101g_250g,9.56,47.8,
St Marche,20078474,Cápsulas de Café Dolce Gusto Espresso 10 Unidades 60g,St. Marche,Café,Disponivel,31.99,https://marche.com.br/collections/mercearia/products/capsulas-de-cafe-dolce-gusto-espresso-10-unidades-60g?store_id=66677604431,St. Marche,60.0,g,10.0,peso,ate_100g,53.32,266.58,3.2
St Marche,20071621,Cápsula de Café Starbucks Colômbia com 10 Unidades 55g,Starbucks,Café,Disponivel,32.98,https://marche.com.br/collections/mercearia/products/capsula-de-cafe-starbucks-colombia-com-10-unidades-55g?store_id=66677604431,Starbucks,55.0,g,10.0,peso,ate_100g,59.96,299.82,3.3
St Marche,20070402,Cápsulas Orfeu Nespresso Acauã com 10 Unidades 50g,Orfeu,Café,Disponivel,32.49,https://marche.com.br/collections/mercearia/products/capsulas-orfeu-nespresso-acaua-com-10-unidades-50g?store_id=66677604431,Orfeu,50.0,g,10.0,peso,ate_100g,64.98,324.9,3.25
St Marche,20062824,Café Solúvel PILÃO Cafeteria Vidro 70g,Pilão,Café,Disponivel,30.98,https://marche.com.br/collections/mercearia/products/cafe-soluvel-pilao-cafeteria-vidro-70g?store_id=66677604431,Pilão,70.0,g,,peso,ate_100g,44.26,221.29,
St Marche,20078168,Café Nescafé Chapada Diamantina 250g,St. Marche,Café,Disponivel,37.59,https://marche.com.br/collections/mercearia/products/cafe-nescafe-chapada-diamantina-250g?store_id=66677604431,St. Marche,250.0,g,,peso,101g_250g,15.04,75.18,
St Marche,20081647,Cápsulas de Café Nescafé Mix com Caneca 40 unidades,St. Marche,Café,Disponivel,107.99,https://marche.com.br/collections/mercearia/products/capsulas-de-cafe-nescafe-mix-com-caneca-40-unidades?store_id=66677604431,St. Marche,,,40.0,unidades,sem_peso,,,2.7
St Marche,20078480,Cápsulas de Café Nescafé Africas 18 Unidades,St. Marche,Café,Disponivel,43.19,https://marche.com.br/collections/mercearia/products/capsulas-de-cafe-nescafe-africas-18-unidades?store_id=66677604431,St. Marche,,,18.0,unidades,sem_peso,,,2.4
St Marche,20076315,Cápsulas de Café Villa Piva Polinizado Com 10 Unidades,Villa Piva,Café,Disponivel,43.19,https://marche.com.br/collections/mercearia/products/capsulas-de-cafe-villa-piva-polinizado-com-10-unidades?store_id=66677604431,Villa Piva,,,10.0,unidades,sem_peso,,,4.32
St Marche,20081837,Café Latitude 13 Castas Torrado e Moído 250g,St. Marche,Café,Disponivel,40.99,https://marche.com.br/collections/mercearia/products/cafe-latitude-13-castas-torrado-e-moido-250g?store_id=66677604431,St. Marche,250.0,g,,peso,101g_250g,16.4,81.98,
St Marche,20075808,Café 3 Corações em Cápsulas Napolitano 8 Unidades,3 Corações,Café,Disponivel,26.9,https://marche.com.br/collections/mercearia/products/cafe-3-coracoes-em-capsulas-napolitano-8-unidades?store_id=66677604431,3 Corações,,,8.0,unidades,sem_peso,,,3.36
St Marche,20075961,Café 3 Corações Solúvel 1957 100g,3 Corações,Café,Disponivel,38.9,https://marche.com.br/collections/mercearia/products/cafe-3-coracoes-soluvel-1957-100g?store_id=66677604431,3 Corações,100.0,g,,peso,ate_100g,38.9,194.5,
St Marche,20073304,Cappuccino Vegetal 3 Corações 140g,3 Corações,Café,Disponivel,27.9,https://marche.com.br/collections/mercearia/products/cappuccino-vegetal-3-coracoes-140g?store_id=66677604431,3 Corações,140.0,g,,peso,101g_250g,19.93,99.64,
St Marche,20077881,Cápsulas de Café União Decaffeinato 10 Unidades,St. Marche,Café,Disponivel,28.49,https://marche.com.br/collections/mercearia/products/capsulas-de-cafe-uniao-decaffeinato-10-unidades?store_id=66677604431,St. Marche,,,10.0,unidades,sem_peso,,,2.85
St Marche,20073897,"Cappuccino Lor Caramelo Sachê 20,3g",L'OR,Café,Disponivel,2.99,https://marche.com.br/collections/mercearia/products/cappuccino-lor-caramelo-8-unidades-162-4g?store_id=66677604431,Lor,20.3,g,,peso,ate_100g,14.73,73.65,
St Marche,20030774,Café Bravo Tenor Em Grãos 1kg,St. Marche,Café,Disponivel,95.8,https://marche.com.br/collections/mercearia/products/cafe-bravo-tenor-grao-1kg?store_id=66677604431,St. Marche,1000.0,kg,,peso,501g_1kg,9.58,47.9,
St Marche,20058794,Cápsula de Café 3 CORAÇÕES Nespresso Cerrado Mineiro 50g,3 Corações,Café,Disponivel,24.99,https://marche.com.br/collections/mercearia/products/capsula-de-cafe-3-coracoes-nespresso-cerrado-mineiro-50g?store_id=66677604431,3 Corações,50.0,g,,peso,ate_100g,49.98,249.9,
St Marche,20073956,Café Illy em Pó Moído Intenso Moka 125g,Illy,Café,Disponivel,24.98,https://marche.com.br/collections/mercearia/products/cafe-illy-em-po-moido-intenso-moka-125g?store_id=66677604431,Illy,125.0,g,,peso,101g_250g,19.98,99.92,
St Marche,20025170,"Cápsula de Café Filtrado Tradicional, TRES, 3 CORAÇÕES 10 Unidades",3 Corações,Café,Disponivel,17.93,https://marche.com.br/collections/mercearia/products/capsula-de-cafe-filtrado-tradicional-tres-3-coracoes-10-unidades?store_id=66677604431,3 Corações,,,10.0,unidades,sem_peso,,,1.79
St Marche,20081843,Café Latitude 13 Chapada Diamantina Torrado e Moído 250g,St. Marche,Café,Disponivel,40.99,https://marche.com.br/collections/mercearia/products/cafe-latitude-13-chapada-diamantina-torrado-e-moido-250g?store_id=66677604431,St. Marche,250.0,g,,peso,101g_250g,16.4,81.98,
St Marche,20064637,Cápsula Dolce Gusto Cappuccino Doce de Leite Com 10 Unidades 170g,Dolce Gusto,Café,Disponivel,31.99,https://marche.com.br/collections/mercearia/products/capsula-dolce-gusto-cappuccino-doce-de-leite-com-10-unidades-170g?store_id=66677604431,Dolce Gusto,170.0,g,10.0,peso,101g_250g,18.82,94.09,3.2
St Marche,20075976,Cápsulas de Café 3 Corações Máximo Especiais Com 10 Unidades,3 Corações,Café,Disponivel,24.99,https://marche.com.br/collections/mercearia/products/capsulas-de-cafe-3-coracoes-maximo-especiais-com-10-unidades?store_id=66677604431,3 Corações,,,10.0,unidades,sem_peso,,,2.5
St Marche,20041379,Café Espresso Nespresso Pike Place STARBUCKS 53g,Starbucks,Café,Disponivel,32.99,https://marche.com.br/collections/mercearia/products/cafe-espresso-nespresso-pike-place-starbucks-53g?store_id=66677604431,Starbucks,53.0,g,,peso,ate_100g,62.25,311.23,
St Marche,20052198,Café em Cápsula Torrado e Moído Forte Espresso Illy Caixa 57g 10 Unidades,Illy,Café,Disponivel,29.9,https://marche.com.br/collections/mercearia/products/cafe-em-capsula-torrado-e-moido-forte-espresso-illy-caixa-57g-10-unidades?store_id=66677604431,Illy,57.0,g,10.0,peso,ate_100g,52.46,262.28,2.99
St Marche,20007784,Cápsula de Café Clássico BAGGIO Com 10 Cápsulas,Baggio,Café,Disponivel,29.49,https://marche.com.br/collections/mercearia/products/capsula-de-cafe-classico-baggio-com-10-capsulas?store_id=66677604431,Baggio,,,10.0,unidades,sem_peso,,,2.95
St Marche,20069976,Café Solúvel em Pó Espresso Suave Nescafé Gold Sachê 40g,Nescafé,Café,Disponivel,14.49,https://marche.com.br/collections/mercearia/products/cafe-soluvel-em-po-espresso-suave-nescafe-gold-sache-40g?store_id=66677604431,Nescafé,40.0,g,,peso,ate_100g,36.22,181.12,
St Marche,20081998,Café Bravo Premium Grãos 500g,St. Marche,Café,Disponivel,45.5,https://marche.com.br/collections/mercearia/products/cafe-bravo-premium-graos-500g?store_id=66677604431,St. Marche,500.0,g,,peso,251g_500g,9.1,45.5,
St Marche,20030938,Cápsulas de Café Com Leite Cappuccino 3 CORAÇÕES Com 10 Cápsulas,3 Corações,Café,Disponivel,26.9,https://marche.com.br/collections/mercearia/products/capsulas-de-cafe-com-leite-cappuccino-3-coracoes-com-10-capsulas?store_id=66677604431,3 Corações,,,10.0,unidades,sem_peso,,,2.69
St Marche,20083638,Café Cafellow Sachê Determinado 10 Unidades,St. Marche,Café,Disponivel,49.9,https://marche.com.br/collections/mercearia/products/cafe-cafellow-sache-determinado-10un?store_id=66677604431,St. Marche,,,10.0,unidades,sem_peso,,,4.99
St Marche,20031050,Cápsula de Café Espresso Atento 3 CORAÇÕES 10 Cápsulas,3 Corações,Café,Disponivel,26.9,https://marche.com.br/collections/mercearia/products/capsula-de-cafe-espresso-atento-3-coracoes-10-capsulas?store_id=66677604431,3 Corações,,,10.0,unidades,sem_peso,,,2.69
St Marche,20064641,Cápsula Dolce Gusto Lungo Com 10 Unidades 70g,Dolce Gusto,Café,Disponivel,25.99,https://marche.com.br/collections/mercearia/products/capsula-dolce-gusto-lungo-com-10-unidades-70g?store_id=66677604431,Dolce Gusto,70.0,g,10.0,peso,ate_100g,37.13,185.64,2.6
St Marche,20063561,Cápssulas 3 Corações Portinari Coado Com 8 Unidades,3 Corações,Café,Disponivel,26.9,https://marche.com.br/collections/mercearia/products/capssulas-3-coracoes-portinari-coado-com-8-unidades?store_id=66677604431,3 Corações,,,8.0,unidades,sem_peso,,,3.36
St Marche,20030773,Café Solúvel NESCAFÉ Original Extraforte 100g,Nescafé,Café,Disponivel,33.99,https://marche.com.br/collections/mercearia/products/cafe-soluvel-nescafe-original-extraforte-100g?store_id=66677604431,Nescafé,100.0,g,,peso,ate_100g,33.99,169.95,
St Marche,20076309,Café Villa Piva Torrado e Moído Especial 25g,Villa Piva,Café,Disponivel,38.69,https://marche.com.br/collections/mercearia/products/cafe-villa-piva-torrado-e-moido-especial-25g?store_id=66677604431,Villa Piva,25.0,g,,peso,ate_100g,154.76,773.8,
St Marche,20025174,"Cápsula de Café Espresso Decaf, TRES, 3 CORAÇÕES 10 unidades",3 Corações,Café,Disponivel,17.93,https://marche.com.br/collections/mercearia/products/capsula-de-cafe-espresso-decaf-tres-3-coracoes-10-unidades?store_id=66677604431,3 Corações,,,10.0,unidades,sem_peso,,,1.79
St Marche,20031288,Cápsulas Café L'OR Onyx 10 Unidades,L'OR,Café,Disponivel,30.99,https://marche.com.br/collections/mercearia/products/capsulas-cafe-lor-onyx-10-unidades?store_id=66677604431,Lor,,,10.0,unidades,sem_peso,,,3.1
St Marche,20025172,Café 3 CORAÇÕES Cápsulas Espresso Supremo Com 10 Cápsulas,3 Corações,Café,Disponivel,26.9,https://marche.com.br/collections/mercearia/products/cafe-3-coracoes-capsulas-espresso-supremo-com-10-capsulas?store_id=66677604431,3 Corações,,,10.0,unidades,sem_peso,,,2.69
St Marche,20078058,Cápsulas de Café Pilão Arábica Clássico Com 10 Unidades,St. Marche,Café,Disponivel,24.99,https://marche.com.br/collections/mercearia/products/capsulas-de-cafe-pilao-arabica-classico-com-10-unidades?store_id=66677604431,St. Marche,,,10.0,unidades,sem_peso,,,2.5
St Marche,20063560,Cápsulas 3 Corações Café Portinari Com 8 Unidades,3 Corações,Café,Disponivel,26.9,https://marche.com.br/collections/mercearia/products/capsulas-3-coracoes-cafe-portinari-com-8-unidades?store_id=66677604431,3 Corações,,,8.0,unidades,sem_peso,,,3.36
St Marche,20054993,Café em Cápsula L'or Torrado e Moído Espresso Último 52g 10 Unidades,L'OR,Café,Disponivel,30.99,https://marche.com.br/collections/mercearia/products/capsulas-lor-ultimo-intensity-com-10-capsulas?store_id=66677604431,Lor,52.0,g,10.0,peso,ate_100g,59.6,297.98,3.1
St Marche,20078209,Cápsulas de Café Orfeu Nespresso Forte 10 Unidades,St. Marche,Café,Disponivel,29.99,https://marche.com.br/collections/mercearia/products/capsulas-de-cafe-orfeu-nespresso-forte-10-unidades?store_id=66677604431,St. Marche,,,10.0,unidades,sem_peso,,,3.0
St Marche,20026068,Cappuccino Pote Classic 3 CORAÇÕES 200g,3 Corações,Café,Disponivel,23.98,https://marche.com.br/collections/mercearia/products/cappuccino-pote-classic-3-coracoes-200g?store_id=66677604431,3 Corações,200.0,g,,peso,101g_250g,11.99,59.95,
St Marche,20029596,Café Premium Vácuo 3 CORAÇÕES 500g,3 Corações,Café,Disponivel,45.49,https://marche.com.br/collections/mercearia/products/cafe-premium-vacuo-3-coracoes-500g?store_id=66677604431,3 Corações,500.0,g,,peso,251g_500g,9.1,45.49,
St Marche,20068533,Café Solúvel Lor Liofilizado Classique 84g,L'OR,Café,Disponivel,37.99,https://marche.com.br/collections/mercearia/products/cafe-soluvel-lor-liofilizado-classique-84g?store_id=66677604431,Lor,84.0,g,,peso,ate_100g,45.23,226.13,
St Marche,20061980,Café Torrado e Moído 3 CORAÇÕES Estrada Real Premium Pacote 500g,3 Corações,Café,Disponivel,45.49,https://marche.com.br/collections/mercearia/products/cafe-torrado-e-moido-3-coracoes-estrada-real-premium-pacote-500g?store_id=66677604431,3 Corações,500.0,g,,peso,251g_500g,9.1,45.49,
St Marche,20078163,Cápsulas Nescafé Kopenhagen Língua de Gato Com 10 Unidades,St. Marche,Café,Disponivel,31.99,https://marche.com.br/collections/mercearia/products/capsulas-nescafe-kopenhagen-lingua-de-gato-com-10-unidades?store_id=66677604431,St. Marche,,,10.0,unidades,sem_peso,,,3.2
St Marche,20047779,Cápsula de Café BAGGIO Chocolate Com Avelã Com 10 Cápsulas 50g,Baggio,Café,Disponivel,29.49,https://marche.com.br/collections/mercearia/products/capsula-de-cafe-baggio-chocolate-com-avela-com-10-capsulas-50g?store_id=66677604431,Baggio,50.0,g,10.0,peso,ate_100g,58.98,294.9,2.95
St Marche,20082793,Café Nescafé Gold Solúvel 5 Liofilizado 40g,St. Marche,Café,Disponivel,11.9,https://marche.com.br/collections/mercearia/products/cafe-nescafe-gold-inst-5-liofilizado-40g?store_id=66677604431,St. Marche,40.0,g,,peso,ate_100g,29.75,148.75,
St Marche,20061981,Café Torrado e Moído 3 CORAÇÕES Dark Roast Gourmet Pacote 250g,3 Corações,Café,Disponivel,35.99,https://marche.com.br/collections/mercearia/products/cafe-torrado-e-moido-3-coracoes-dark-roast-gourmet-pacote-250g?store_id=66677604431,3 Corações,250.0,g,,peso,101g_250g,14.4,71.98,
St Marche,20041429,Café Solúvel NESCAFÉ Matinal Suave 160g,Nescafé,Café,Disponivel,43.9,https://marche.com.br/collections/mercearia/products/cafe-soluvel-nescafe-matinal-suave-160g?store_id=66677604431,Nescafé,160.0,g,,peso,101g_250g,27.44,137.19,
St Marche,20080999,Café Bravo Premium Torrado e Moído Clara 500g,St. Marche,Café,Disponivel,31.9,https://marche.com.br/collections/mercearia/products/cafe-bravo-premium-torrado-e-moido-clara-500g?store_id=66677604431,St. Marche,500.0,g,,peso,251g_500g,6.38,31.9,
St Marche,20081000,Café Bravo Premium Torrado e Moído 250g,St. Marche,Café,Disponivel,26.9,https://marche.com.br/collections/mercearia/products/cafe-bravo-premium-torrado-e-moido-250g?store_id=66677604431,St. Marche,250.0,g,,peso,101g_250g,10.76,53.8,
St Marche,20023026,Cápsulas de Café ORFEU Clássico com 10 Unidades 50g,Orfeu,Café,Disponivel,32.99,https://marche.com.br/collections/mercearia/products/capsulas-de-cafe-orfeu-classico-com-10-unidades-50g?store_id=66677604431,Orfeu,50.0,g,10.0,peso,ate_100g,65.98,329.9,3.3
St Marche,20023082,Cápsulas de Café ORFEU Intenso com 10 Unidades 50g,Orfeu,Café,Disponivel,32.99,https://marche.com.br/collections/mercearia/products/capsulas-de-cafe-orfeu-intenso-com-10-unidades-50g?store_id=66677604431,Orfeu,50.0,g,10.0,peso,ate_100g,65.98,329.9,3.3
St Marche,20078162,Cápsulas de Café Nescafé Gold Expresso Com 10 Unidades,St. Marche,Café,Disponivel,31.99,https://marche.com.br/collections/mercearia/products/capsulas-de-cafe-nescafe-gold-expresso-com-10-unidades?store_id=66677604431,St. Marche,,,10.0,unidades,sem_peso,,,3.2
St Marche,20030343,Café Pilão Torrado E Moído Tradicional Abre&Fecha 500g,Pilão,Café,Disponivel,36.99,https://marche.com.br/collections/mercearia/products/cafe-pilao-torrado-e-moido-tradicional-abre-fecha-500g?store_id=66677604431,Pilão,500.0,g,,peso,251g_500g,7.4,36.99,
St Marche,20041376,Café em Cápsula Torrado e Moído STARBUCKS Blonde Espresso Roast Caixa 53g 10 Unidades,Starbucks,Café,Disponivel,32.99,https://marche.com.br/collections/mercearia/products/cafe-em-capsula-torrado-e-moido-starbucks-blonde-espresso-roast-caixa-53g-10-unidades?store_id=66677604431,Starbucks,53.0,g,10.0,peso,ate_100g,62.25,311.23,3.3
St Marche,20056764,Café Solúvel L'OR Espresso 40g,L'OR,Café,Disponivel,13.99,https://marche.com.br/collections/mercearia/products/cafe-soluvel-lor-espresso-40g?store_id=66677604431,Lor,40.0,g,,peso,ate_100g,34.98,174.88,
St Marche,20026266,Café a Vácuo Torrado e Moído Extra Forte PILÃO 500g,Pilão,Café,Disponivel,36.99,https://marche.com.br/collections/mercearia/products/cafe-a-vacuo-torrado-e-moido-extra-forte-pilao-500g?store_id=66677604431,Pilão,500.0,g,,peso,251g_500g,7.4,36.99,
St Marche,20041481,Cappuccino Zero Lactose Balance 3 CORAÇÕES 180g,3 Corações,Café,Disponivel,30.99,https://marche.com.br/collections/mercearia/products/cappuccino-zero-lactose-balance-3-coracoes-180g?store_id=66677604431,3 Corações,180.0,g,,peso,101g_250g,17.22,86.08,
St Marche,20050565,Cápsula HAVANA Cappuccino 3 Corações Com 10 Cápsulas,Havanna,Café,Disponivel,26.9,https://marche.com.br/collections/mercearia/products/capsula-havana-cappuccino-3-coracoes-com-10-capsulas?store_id=66677604431,Havanna,,,10.0,unidades,sem_peso,,,2.69
St Marche,20078059,Cápsulas de Café Pilão Arábica Intenso Com 10 Unidades,St. Marche,Café,Disponivel,24.99,https://marche.com.br/collections/mercearia/products/capsulas-de-cafe-pilao-arabica-intenso-com-10-unidades?store_id=66677604431,St. Marche,,,10.0,unidades,sem_peso,,,2.5
St Marche,20052197,Café em Cápsula Torrado e Moído Intenso Espresso Illy Caixa 57g 10 Unidades,Illy,Café,Disponivel,29.9,https://marche.com.br/collections/mercearia/products/cafe-em-capsula-torrado-e-moido-intenso-espresso-illy-caixa-57g-10-unidades?store_id=66677604431,Illy,57.0,g,10.0,peso,ate_100g,52.46,262.28,2.99
St Marche,20031448,Café em Cápsulas Pilão Torrado e moído Extraforte 104g 20 Unidades,Pilão,Café,Disponivel,52.49,https://marche.com.br/collections/mercearia/products/cafe-espresso-pilao-capsulas-de-aluminio-12-com-20-unidades?store_id=66677604431,Pilão,104.0,g,20.0,peso,101g_250g,50.47,252.36,2.62
St Marche,20064368,Cápsulas de Café Nescafé Brasil Original Com 10 Unidades 52g,Nescafé,Café,Disponivel,26.99,https://marche.com.br/collections/mercearia/products/capsulas-de-cafe-nescafe-brasil-original-com-10-unidades-52g?store_id=66677604431,Nescafé,52.0,g,10.0,peso,ate_100g,51.9,259.52,2.7
St Marche,20025998,Café Tradicional 3 CORAÇÕES 500g,3 Corações,Café,Disponivel,36.99,https://marche.com.br/collections/mercearia/products/cafe-tradicional-3-coracoes-500g?store_id=66677604431,3 Corações,500.0,g,,peso,251g_500g,7.4,36.99,
St Marche,20059127,Café BAGGIO Torrado e Moído Chocolate com Avelã 250g,Baggio,Café,Disponivel,42.49,https://marche.com.br/collections/mercearia/products/cafe-baggio-torrado-e-moido-chocolate-com-avela-250g?store_id=66677604431,Baggio,250.0,g,,peso,101g_250g,17.0,84.98,
St Marche,20075802,Cafe 3 Corações Torrado e Moído Rituais Frutas Secas 250g,3 Corações,Café,Disponivel,40.99,https://marche.com.br/collections/mercearia/products/cafe-3-coracoes-torrado-e-moido-rituais-frutas-secas-250g?store_id=66677604431,3 Corações,250.0,g,,peso,101g_250g,16.4,81.98,
St Marche,20062440,Cápsula de Café LOR Epresso de Caramelo Com 10 Unidades,L'OR,Café,Disponivel,30.99,https://marche.com.br/collections/mercearia/products/capsula-de-cafe-lor-epresso-de-caramelo-com-10-unidades?store_id=66677604431,Lor,,,10.0,unidades,sem_peso,,,3.1
St Marche,20029649,Café Torrado e Moído BRAVO Pacote 500g,Bravo Café,Café,Disponivel,41.9,https://marche.com.br/collections/mercearia/products/cafe-torrado-e-moido-bravo-pacote-500g?store_id=66677604431,Bravo Café,500.0,g,,peso,251g_500g,8.38,41.9,
St Marche,20064646,Cápsula Dolce Gusto Café Caseiro Com 10 Unidades 90g,Dolce Gusto,Café,Disponivel,25.99,https://marche.com.br/collections/mercearia/products/capsula-dolce-gusto-cafe-caseiro-com-10-unidades-90g?store_id=66677604431,Dolce Gusto,90.0,g,10.0,peso,ate_100g,28.88,144.39,2.6
St Marche,20075812,Café 3 Corações em Cápsulas Rituais Exótico 8 Unidades,3 Corações,Café,Disponivel,26.9,https://marche.com.br/collections/mercearia/products/cafe-3-coracoes-em-capsulas-rituais-exotico-8-unidades?store_id=66677604431,3 Corações,,,8.0,unidades,sem_peso,,,3.36
St Marche,20041328,Café Torrado e Moído House Blend Torra Média STARBUCKS 250g,Starbucks,Café,Disponivel,48.99,https://marche.com.br/collections/mercearia/products/cafe-torrado-e-moido-house-blend-torra-media-starbucks-250g?store_id=66677604431,Starbucks,250.0,g,,peso,101g_250g,19.6,97.98,
St Marche,20078164,Cápsulas Nescafé Kopenhagen Lajotinha Com 10 Unidades,St. Marche,Café,Disponivel,31.99,https://marche.com.br/collections/mercearia/products/capsulas-nescafe-kopenhagen-lajotinha-com-10-unidades?store_id=66677604431,St. Marche,,,10.0,unidades,sem_peso,,,3.2
St Marche,20026179,Café Torrado e Moído Tradicional MELITTA Caixa 500g,Melitta,Café,Disponivel,41.5,https://marche.com.br/collections/mercearia/products/cafe-torrado-e-moido-tradicional-melitta-caixa-500g?store_id=66677604431,Melitta,500.0,g,,peso,251g_500g,8.3,41.5,
St Marche,20063955,Café Baobá Especial Premium Grãos 250g,Baobá,Café,Disponivel,50.39,https://marche.com.br/collections/mercearia/products/cafe-baoba-especial-premium-graos-250g?store_id=66677604431,Baobá,250.0,g,,peso,101g_250g,20.16,100.78,
St Marche,20071625,Cápsula de Café Starbucks Capuccino com 10 Unidades 100g,Starbucks,Café,Disponivel,32.98,https://marche.com.br/collections/mercearia/products/capsula-de-cafe-starbucks-capuccino-com-10-unidades-100g?store_id=66677604431,Starbucks,100.0,g,10.0,peso,ate_100g,32.98,164.9,3.3
St Marche,20030936,Cápsula de Chocolatto 3 CORAÇÕES 10 Cápsulas,3 Corações,Café,Disponivel,26.9,https://marche.com.br/collections/mercearia/products/capsula-de-chocolatto-3-coracoes-10-capsulas?store_id=66677604431,3 Corações,,,10.0,unidades,sem_peso,,,2.69
St Marche,20041329,Café Torrado e Moído Pike Place Torra Média STARBUCKS 250g,Starbucks,Café,Disponivel,48.99,https://marche.com.br/collections/mercearia/products/cafe-torrado-e-moido-pike-place-torra-media-starbucks-250g?store_id=66677604431,Starbucks,250.0,g,,peso,101g_250g,19.6,97.98,
St Marche,20048915,Café Gourment Torrado e Moído Cerrado Mineiro 3 CORAÇÕES 250g,3 Corações,Café,Disponivel,35.99,https://marche.com.br/collections/mercearia/products/cafe-gourment-torrado-e-moido-cerrado-mineiro-3-coracoes-250g?store_id=66677604431,3 Corações,250.0,g,,peso,101g_250g,14.4,71.98,
St Marche,20071618,Cápsulas Dolce Gusto Pingado com 10 Unidades 140g,Dolce Gusto,Café,Disponivel,25.99,https://marche.com.br/collections/mercearia/products/capsulas-dolce-gusto-pingado-com-10-unidades-140g?store_id=66677604431,Dolce Gusto,140.0,g,10.0,peso,101g_250g,18.56,92.82,2.6
St Marche,20026079,Café a Vácuo Torrado e Moído Tradicional PILÃO 500g,Pilão,Café,Disponivel,36.99,https://marche.com.br/collections/mercearia/products/cafe-a-vacuo-torrado-e-moido-tradicional-pilao-500g?store_id=66677604431,Pilão,500.0,g,,peso,251g_500g,7.4,36.99,
St Marche,20041378,Café Espresso Nespresso Colombia STARBUCKS 57g,Starbucks,Café,Disponivel,32.99,https://marche.com.br/collections/mercearia/products/cafe-espresso-nespresso-colombia-starbucks-57g?store_id=66677604431,Starbucks,57.0,g,,peso,ate_100g,57.88,289.39,
St Marche,20057566,Cápsula de Café TRÊS CORAÇÕES Baileys Supremo Macchiato 11g,3 Corações,Café,Disponivel,26.9,https://marche.com.br/collections/mercearia/products/capsula-de-cafe-tres-coracoes-baileys-supremo-macchiato-11g?store_id=66677604431,3 Corações,11.0,g,,peso,ate_100g,244.55,1222.73,
St Marche,20064365,Cápsulas de Café Nescafé Índia Original Com 10 Unidades 53g,Nescafé,Café,Disponivel,26.99,https://marche.com.br/collections/mercearia/products/capsulas-de-cafe-nescafe-india-original-com-10-unidades-53g?store_id=66677604431,Nescafé,53.0,g,10.0,peso,ate_100g,50.92,254.62,2.7
St Marche,20063956,Café Baobá Especial Premium Moído 250g,Baobá,Café,Disponivel,50.29,https://marche.com.br/collections/mercearia/products/cafe-baoba-especial-premium-moido-250g?store_id=66677604431,Baobá,250.0,g,,peso,101g_250g,20.12,100.58,
St Marche,20014347,Cápsulas Café L'OR Colômbia 10 Unidades,L'OR,Café,Disponivel,30.99,https://marche.com.br/collections/mercearia/products/capsulas-cafe-lor-colombia-10-unidades?store_id=66677604431,Lor,,,10.0,unidades,sem_peso,,,3.1
St Marche,20060013,Café LOR Delicado Torrado Moído 250g,L'OR,Café,Disponivel,30.49,https://marche.com.br/collections/mercearia/products/cafe-lor-delicado-torrado-moido-250g?store_id=66677604431,Lor,250.0,g,,peso,101g_250g,12.2,60.98,
St Marche,20048916,Café Gourment Torrado e Moído Sul de Minas 3 CORAÇÕES 250g,3 Corações,Café,Disponivel,35.99,https://marche.com.br/collections/mercearia/products/cafe-gourment-torrado-e-moido-sul-de-minas-3-coracoes-250g?store_id=66677604431,3 Corações,250.0,g,,peso,101g_250g,14.4,71.98,
St Marche,20073307,Capsulas de Alumínio Café Descafeínado 5g,3 Corações,Café,Disponivel,24.99,https://marche.com.br/collections/mercearia/products/capsulas-de-aluminio-cafe-descafeinado-5g?store_id=66677604431,3 Corações,5.0,g,,peso,ate_100g,499.8,2499.0,
St Marche,20007890,Cápsulas Café L'OR Ristretto 20 Unidades,L'OR,Café,Disponivel,52.49,https://marche.com.br/collections/mercearia/products/capsulas-cafe-lor-ristretto-20-unidades?store_id=66677604431,Lor,,,20.0,unidades,sem_peso,,,2.62
St Marche,20031446,Café em Cápsula Pilão Torrado e Moído Espresso Extraforte 52g 10 Unidades,Pilão,Café,Disponivel,24.99,https://marche.com.br/collections/mercearia/products/capsulas-de-aluminio-espresso-12-pilao-52g?store_id=66677604431,Pilão,52.0,g,10.0,peso,ate_100g,48.06,240.29,2.5
St Marche,20053271,Café Torrado e Moído STARBUCKS Colômbia 250g,Starbucks,Café,Disponivel,48.99,https://marche.com.br/collections/mercearia/products/cafe-torrado-e-moido-starbucks-colombia-250g?store_id=66677604431,Starbucks,250.0,g,,peso,101g_250g,19.6,97.98,
St Marche,20008859,Cápsula de Café Chocolate Trufado BAGGIO Com 10 Cápsulas,Baggio,Café,Disponivel,29.49,https://marche.com.br/collections/mercearia/products/capsula-de-cafe-chocolate-trufado-baggio-com-10-capsulas?store_id=66677604431,Baggio,,,10.0,unidades,sem_peso,,,2.95
St Marche,20008165,Cappuccino 3 CORAÇÕES Light Solúvel Sachê Com 10 Unidades,3 Corações,Café,Disponivel,22.9,https://marche.com.br/collections/mercearia/products/cappuccino-3-coracoes-light-soluvel-sache-com-10-unidades?store_id=66677604431,3 Corações,,,10.0,unidades,sem_peso,,,2.29
St Marche,20058225,Kit Cáspsula de Café STARBUCK 4 Unidades Com Uma Caneca Grátis,Starbucks,Café,Disponivel,119.9,https://marche.com.br/collections/mercearia/products/kit-caspsula-de-cafe-starbuck-4-unidades-com-uma-caneca-gratis?store_id=66677604431,Starbucks,,,4.0,unidades,sem_peso,,,29.98
St Marche,20064651,"Cápsula Dolce Gusto Latte Mach Com 10 Unidades 112,5g",Dolce Gusto,Café,Disponivel,25.99,https://marche.com.br/collections/mercearia/products/capsula-dolce-gusto-latte-mach-com-10-unidades-112-5g?store_id=66677604431,Dolce Gusto,112.5,g,10.0,peso,101g_250g,23.1,115.51,2.6
St Marche,20030915,Café Espresso Grãos CAFÉ DO PONTO 1kg,Café do Ponto,Café,Disponivel,165.29,https://marche.com.br/collections/mercearia/products/cafe-espresso-graos-cafe-do-ponto-1kg?store_id=66677604431,Café do Ponto,1000.0,kg,,peso,501g_1kg,16.53,82.64,
St Marche,20064643,Cápsula Dolce Gusto Nescau Com 10 Unidades 170g,Dolce Gusto,Café,Disponivel,31.99,https://marche.com.br/collections/mercearia/products/capsula-dolce-gusto-nescau-com-10-unidades-170g?store_id=66677604431,Dolce Gusto,170.0,g,10.0,peso,101g_250g,18.82,94.09,3.2
St Marche,20068059,Café Solúvel Nescafé Tradição 40g,Nescafé,Café,Disponivel,10.09,https://marche.com.br/collections/mercearia/products/cafe-soluvel-nescafe-tradicao-40g?store_id=66677604431,Nescafé,40.0,g,,peso,ate_100g,25.22,126.12,
St Marche,20045354,Café Com Leite 3 CORAÇÕES Solúvel em Pó Com Cálcio Lata 300g,3 Corações,Café,Disponivel,26.49,https://marche.com.br/collections/mercearia/products/cafe-com-leite-3-coracoes-soluvel-em-po-com-calcio-lata-300g?store_id=66677604431,3 Corações,300.0,g,,peso,251g_500g,8.83,44.15,
St Marche,20064638,Cápsula Dolce Gusto Cappuccino Com 10 Unidades 117g,Dolce Gusto,Café,Disponivel,25.99,https://marche.com.br/collections/mercearia/products/capsula-dolce-gusto-cappuccino-com-10-unidades-117g?store_id=66677604431,Dolce Gusto,117.0,g,10.0,peso,101g_250g,22.21,111.07,2.6
St Marche,20078167,Cápsulas de Café Nescafé Africas Com 10 Unidades,St. Marche,Café,Disponivel,26.49,https://marche.com.br/collections/mercearia/products/capsulas-de-cafe-nescafe-africas-com-10-unidades?store_id=66677604431,St. Marche,,,10.0,unidades,sem_peso,,,2.65
St Marche,20044256,Café 3 CORAÇÕES Solúvel Liofilizado 100% Arábica Vidro 100g,3 Corações,Café,Disponivel,35.99,https://marche.com.br/collections/mercearia/products/cafe-3-coracoes-soluvel-liofilizado-100-arabica-vidro-100g?store_id=66677604431,3 Corações,100.0,g,,peso,ate_100g,35.99,179.95,
St Marche,20048094,Cápsulas de Café Intenso FAZENDA PESSEGUEIRO Com 10 Cápsulas,Café Fazenda Pessegueiro,Café,Disponivel,37.19,https://marche.com.br/collections/mercearia/products/capsulas-de-cafe-intenso-fazenda-pessegueiro-com-10-capsulas?store_id=66677604431,Café Fazenda Pessegueiro,,,10.0,unidades,sem_peso,,,3.72
St Marche,20026000,Café Pilão Torrado E Moído Tradicional Almofada 500g,Pilão,Café,Disponivel,36.99,https://marche.com.br/collections/mercearia/products/cafe-pilao-torrado-e-moido-tradicional-almofada-500g?store_id=66677604431,Pilão,500.0,g,,peso,251g_500g,7.4,36.99,
St Marche,20064640,Cápsula Dolce Gusto Espresso Intenso Com 10 Unidades 80g,Dolce Gusto,Café,Disponivel,25.99,https://marche.com.br/collections/mercearia/products/capsula-dolce-gusto-espresso-intenso-com-10-unidades-80g?store_id=66677604431,Dolce Gusto,80.0,g,10.0,peso,ate_100g,32.49,162.44,2.6
St Marche,20002027,Café a Vácuo Torrado e Moído Extra Forte CAFÉ DO PONTO 500g,Café do Ponto,Café,Disponivel,47.99,https://marche.com.br/collections/mercearia/products/cafe-a-vacuo-torrado-e-moido-extra-forte-cafe-do-ponto-500g?store_id=66677604431,Café Do Ponto,500.0,g,,peso,251g_500g,9.6,47.99,
St Marche,20031046,Café Descafeinado em Pó Torrado e Moído Vácuo 3 CORAÇÕES 250G,3 Corações,Café,Disponivel,33.49,https://marche.com.br/collections/mercearia/products/cafe-descafeinado-em-po-torrado-e-moido-vacuo-3-coracoes-250g?store_id=66677604431,3 Corações,250.0,g,,peso,101g_250g,13.4,66.98,
St Marche,20009237,Café a Vácuo Torrado e Moído tipo Exportação CAFÉ DO PONTO 500g,Café do Ponto,Café,Disponivel,47.99,https://marche.com.br/collections/mercearia/products/cafe-a-vacuo-torrado-e-moido-tipo-exportacao-cafe-do-ponto-500g?store_id=66677604431,Café Do Ponto,500.0,g,,peso,251g_500g,9.6,47.99,
St Marche,20029609,Café Torrado e Moído Fazenda PESSEGUEIRO 250g,Café Fazenda Pessegueiro,Café,Disponivel,32.99,https://marche.com.br/collections/mercearia/products/cafe-torrado-e-moido-fazenda-pessegueiro-250g?store_id=66677604431,Café Fazenda Pessegueiro,250.0,g,,peso,101g_250g,13.2,65.98,
St Marche,20026142,Café Torrado e Moído Tradicional Vácuo 3 CORAÇÕES 500g,3 Corações,Café,Disponivel,41.5,https://marche.com.br/collections/mercearia/products/cafe-torrado-e-moido-tradicional-vacuo-3-coracoes-500g?store_id=66677604431,3 Corações,500.0,g,,peso,251g_500g,8.3,41.5,
St Marche,20048914,Café Gourment Torrado e Moído Mogiana Paulista 3 CORAÇÕES 250g,3 Corações,Café,Disponivel,35.99,https://marche.com.br/collections/mercearia/products/cafe-gourment-torrado-e-moido-mogiana-paulista-3-coracoes-250g?store_id=66677604431,3 Corações,250.0,g,,peso,101g_250g,14.4,71.98,
St Marche,20045351,Café Solúvel Tradicional 3 CORAÇÕES 100g,3 Corações,Café,Disponivel,29.99,https://marche.com.br/collections/mercearia/products/cafe-soluvel-tradicional-3-coracoes-100g?store_id=66677604431,3 Corações,100.0,g,,peso,ate_100g,29.99,149.95,
St Marche,20067869,Cápsulas Café Pilão Expresso 52g com 10 Unidades,Pilão,Café,Disponivel,24.99,https://marche.com.br/collections/mercearia/products/capsulas-cafe-pilao-expresso-52g-com-10-unidades?store_id=66677604431,Pilão,52.0,g,10.0,peso,ate_100g,48.06,240.29,2.5
St Marche,20045282,Café BAGGIO Aromas Caramelo Torrado e Moído 250g,Baggio,Café,Disponivel,42.49,https://marche.com.br/collections/mercearia/products/cafe-baggio-aromas-caramelo-torrado-e-moido-250g?store_id=66677604431,Baggio,250.0,g,,peso,101g_250g,17.0,84.98,
St Marche,20064644,Cápsula Dolce Gusto Orgânico Com 10 Unidades 80g,Dolce Gusto,Café,Disponivel,31.99,https://marche.com.br/collections/mercearia/products/capsula-dolce-gusto-organico-com-10-unidades-80g?store_id=66677604431,Dolce Gusto,80.0,g,10.0,peso,ate_100g,39.99,199.94,3.2
St Marche,20029822,Café Torrado e Moído Descafeinado PILÃO 250g,Pilão,Café,Disponivel,34.49,https://marche.com.br/collections/mercearia/products/cafe-torrado-e-moido-descafeinado-pilao-250g?store_id=66677604431,Pilão,250.0,g,,peso,101g_250g,13.8,68.98,
St Marche,20050138,Cápsula de Café BAGGIO Vanilla Com 10 Cápsulas 50g,Baggio,Café,Disponivel,29.49,https://marche.com.br/collections/mercearia/products/capsula-de-cafe-baggio-vanilla-com-10-capsulas-50g?store_id=66677604431,Baggio,50.0,g,10.0,peso,ate_100g,58.98,294.9,2.95
St Marche,20030822,Cappuccino Pote Diet 3 CORAÇÕES 150g,3 Corações,Café,Disponivel,27.29,https://marche.com.br/collections/mercearia/products/cappuccino-pote-diet-3-coracoes-150g?store_id=66677604431,3 Corações,150.0,g,,peso,101g_250g,18.19,90.97,
St Marche,20045283,Café BAGGIO Aromas Chocolate Trufado Torrado e Moído 250g,Baggio,Café,Disponivel,42.49,https://marche.com.br/collections/mercearia/products/cafe-baggio-aromas-chocolate-trufado-torrado-e-moido-250g?store_id=66677604431,Baggio,250.0,g,,peso,101g_250g,17.0,84.98,
St Marche,20031292,Cápsulas Café L'OR Sontuoso 10 Unidades,L'OR,Café,Disponivel,30.99,https://marche.com.br/collections/mercearia/products/capsulas-cafe-lor-sontuoso-10-unidades?store_id=66677604431,Lor,,,10.0,unidades,sem_peso,,,3.1
St Marche,20052196,Café em Cápsula Torrado e Moído Clássico Espresso Illy Caixa 57g 10 Unidades,Illy,Café,Disponivel,29.9,https://marche.com.br/collections/mercearia/products/cafe-em-capsula-torrado-e-moido-classico-espresso-illy-caixa-57g-10-unidades?store_id=66677604431,Illy,57.0,g,10.0,peso,ate_100g,52.46,262.28,2.99
St Marche,20075977,Cápsulas de Café 3 Corações Especiais Peru Com 10 Unidades,3 Corações,Café,Disponivel,24.99,https://marche.com.br/collections/mercearia/products/capsulas-de-cafe-3-coracoes-especiais-peru-com-10-unidades?store_id=66677604431,3 Corações,,,10.0,unidades,sem_peso,,,2.5
St Marche,20026089,Café Torrado e Moído Extraforte MELITTA Caixa 500g,Melitta,Café,Disponivel,41.5,https://marche.com.br/collections/mercearia/products/cafe-torrado-e-moido-extraforte-melitta-caixa-500g?store_id=66677604431,Melitta,500.0,g,,peso,251g_500g,8.3,41.5,
St Marche,20025999,Café Extra Forte 3 CORAÇÕES 500g,3 Corações,Café,Disponivel,36.99,https://marche.com.br/collections/mercearia/products/cafe-extra-forte-3-coracoes-500g?store_id=66677604431,3 Corações,500.0,g,,peso,251g_500g,7.4,36.99,
St Marche,20007800,Cápsula de Café Aroma Caramelo BAGGIO Com 10 Cápsulas,Baggio,Café,Disponivel,29.49,https://marche.com.br/collections/mercearia/products/capsula-de-cafe-aroma-caramelo-baggio-com-10-capsulas?store_id=66677604431,Baggio,,,10.0,unidades,sem_peso,,,2.95
St Marche,20031286,Cápsulas Café L'OR Forza 10 Unidades,L'OR,Café,Disponivel,30.99,https://marche.com.br/collections/mercearia/products/capsulas-cafe-lor-forza-10-unidades?store_id=66677604431,Lor,,,10.0,unidades,sem_peso,,,3.1
St Marche,20078087,Cápsulas de Café Nescafé South Asia com 12 Unidades,St. Marche,Café,Disponivel,26.49,https://marche.com.br/collections/mercearia/products/capsulas-de-cafe-nescafe-south-asia-com-12-unidades?store_id=66677604431,St. Marche,,,12.0,unidades,sem_peso,,,2.21
St Marche,20058797,Cápsula de Café 3 CORAÇÕES Nespresso Intenso 50g,3 Corações,Café,Disponivel,24.99,https://marche.com.br/collections/mercearia/products/capsula-de-cafe-3-coracoes-nespresso-intenso-50g?store_id=66677604431,3 Corações,50.0,g,,peso,ate_100g,49.98,249.9,
St Marche,20074007,Cápsulas de Café Nescafé México 44g,Nescafé,Café,Disponivel,26.98,https://marche.com.br/collections/mercearia/products/capsulas-de-cafe-nescafe-mexico-44g?store_id=66677604431,Nescafé,44.0,g,,peso,ate_100g,61.32,306.59,
St Marche,20068060,Café Solúvel Nescafé Matinal Suave 40g,Nescafé,Café,Disponivel,9.69,https://marche.com.br/collections/mercearia/products/cafe-soluvel-nescafe-matinal-suave-40g?store_id=66677604431,Nescafé,40.0,g,,peso,ate_100g,24.22,121.12,
Paodeacucar,106498,Café Torrado e Moído Tradicional Café Brasileiro Pacote 500g,Café Brasileiro,Básico da despensa,Disponivel,7.79,https://www.paodeacucar.com/produto/62071/cafe-torrado-e-moido-tradicional-cafe-brasileiro-pacote-500g,Café Brasileiro,500.0,g,,peso,251g_500g,1.56,7.79,
Paodeacucar,250665,Café Torrado e Moído Tradicional Caboclo Pacote 500g,Caboclo,Básico da despensa,Disponivel,34.99,https://www.paodeacucar.com/produto/152018/cafe-torrado-e-moido-tradicional-caboclo-pacote-500g,Caboclo,500.0,g,,peso,251g_500g,7.0,34.99,
Paodeacucar,250702,Café Torrado e Moído Tradicional Pilão Pacote 250g,Pilão,,Disponivel,27.99,https://www.paodeacucar.com/produto/152472/cafe-torrado-e-moido-tradicional-pilao-pacote-250g,Pilão,250.0,g,,peso,101g_250g,11.2,55.98,
Paodeacucar,250719,Café Torrado e Moído Tradicional Pilão Pacote 500g,Pilão,Básico da despensa,Disponivel,27.49,https://www.paodeacucar.com/produto/152052/cafe-torrado-e-moido-tradicional-pilao-pacote-500g,Pilão,500.0,g,,peso,251g_500g,5.5,27.49,
Paodeacucar,281225,Café Torrado e Moído Extraforte 3 Corações Pacote 250g,3 Corações,Básico da despensa,Disponivel,22.99,https://www.paodeacucar.com/produto/203897/cafe-torrado-e-moido-extraforte-3-coracoes-pacote-250g,3 Corações,250.0,g,,peso,101g_250g,9.2,45.98,
Paodeacucar,373418,Café Torrado e Moído Tradicional Melitta Caixa 250g,Melitta,,Disponivel,21.99,https://www.paodeacucar.com/produto/123836/cafe-torrado-e-moido-tradicional-melitta-caixa-250g,Melitta,250.0,g,,peso,101g_250g,8.8,43.98,
Paodeacucar,573313,Café Torrado e Moído a Vácuo Descafeinado Pilão Pacote 250g,Pilão,Básico da despensa,Disponivel,32.99,https://www.paodeacucar.com/produto/38190/cafe-torrado-e-moido-a-vacuo-descafeinado-pilao-pacote-250g,Pilão,250.0,g,,peso,101g_250g,13.2,65.98,
Paodeacucar,573320,Café Torrado e Moído a Vácuo Exportação Café do Ponto Pacote 500g,Café do Ponto,,Disponivel,29.29,https://www.paodeacucar.com/produto/38599/cafe-torrado-e-moido-a-vacuo-exportacao-cafe-do-ponto-pacote-500g,Café do Ponto,500.0,g,,peso,251g_500g,5.86,29.29,
Paodeacucar,573351,Café Torrado e Moído a Vácuo Extraforte Café do Ponto Pacote 500g,Café do Ponto,Básico da despensa,Disponivel,28.59,https://www.paodeacucar.com/produto/37668/cafe-torrado-e-moido-a-vacuo-extraforte-cafe-do-ponto-pacote-500g,Café do Ponto,500.0,g,,peso,251g_500g,5.72,28.59,
Paodeacucar,573382,Café Torrado e Moído a Vácuo Tradicional Café do Ponto Pacote 500g,Café do Ponto,,Disponivel,28.59,https://www.paodeacucar.com/produto/38480/cafe-torrado-e-moido-a-vacuo-tradicional-cafe-do-ponto-pacote-500g,Café do Ponto,500.0,g,,peso,251g_500g,5.72,28.59,
Paodeacucar,573658,Café Torrado em Grãos Espresso Pilão Pouch 1kg,Pilão,Básico da despensa,Disponivel,103.94,https://www.paodeacucar.com/produto/44847/cafe-torrado-em-graos-espresso-pilao-pouch-1kg,Pilão,1000.0,kg,,peso,501g_1kg,10.39,51.97,
Paodeacucar,1003731,Café Torrado e Moído Extraforte Qualitá Pacote 500g,Qualitá,,Disponivel,34.99,https://www.paodeacucar.com/produto/245203/cafe-torrado-e-moido-extraforte-qualita-pacote-500g,Qualitá,500.0,g,,peso,251g_500g,7.0,34.99,
Paodeacucar,1014000,Café Torrado em Grãos Espresso Café do Ponto Pacote 1kg,Café do Ponto,Básico da despensa,Indisponivel,19.99,https://www.paodeacucar.com/produto/265226/cafe-torrado-em-graos-espresso-cafe-do-ponto-pacote-1kg,do Ponto,1000.0,kg,,peso,501g_1kg,2.0,9.99,
Paodeacucar,1042386,Café em Cápsula Torrado e Moído Filtrado Tradicional 3 Corações Caixa 75g 10 Unidades,3 Corações,Básico da despensa,Disponivel,26.99,https://www.paodeacucar.com/produto/302248/cafe-em-capsula-torrado-e-moido-filtrado-tradicional-3-coracoes-caixa-75g-10-unidades,3 Corações,75.0,g,10.0,peso,ate_100g,35.99,179.93,2.7
Paodeacucar,1042387,"Café em Cápsula Torrado e Moído Filtrado Tres Gourmet Caixa 10 Unidades 7,5g Cada",3 Corações,Básico da despensa,Disponivel,26.99,"https://www.paodeacucar.com/produto/302247/cafe-em-capsula-torrado-e-moido-filtrado-tres-gourmet-caixa-10-unidades-7,5g-cada",Três,75.0,g,10.0,peso,ate_100g,35.99,179.93,2.7
Paodeacucar,1042388,Café com Leite em Cápsula 3 Corações Caixa 10 Unidades 9g Cada,3 Corações,Básico da despensa,Indisponivel,,https://www.paodeacucar.com/produto/302328/cafe-com-leite-em-capsula-3-coracoes-caixa-10-unidades-9g-cada,3 Corações,90.0,g,10.0,peso,ate_100g,,,
Paodeacucar,1045900,Café Torrado e Moído a Vácuo Extraforte Caboclo Pacote 500g,Caboclo,,Disponivel,34.99,https://www.paodeacucar.com/produto/310193/cafe-torrado-e-moido-a-vacuo-extraforte-caboclo-pacote-500g,Caboclo,500.0,g,,peso,251g_500g,7.0,34.99,
Paodeacucar,1064390,Café Torrado e Moído Sul de Minas Café do Centro Gourmet Pacote 250g,Café do Centro,,Disponivel,33.99,https://www.paodeacucar.com/produto/313262/cafe-torrado-e-moido-sul-de-minas-cafe-do-centro-gourmet-pacote-250g,Café do Centro,250.0,g,,peso,101g_250g,13.6,67.98,
Paodeacucar,1064416,Café Torrado e Moído Mogiana Café do Centro Gourmet Pacote 250g,Café do Centro,,Disponivel,33.99,https://www.paodeacucar.com/produto/313260/cafe-torrado-e-moido-mogiana-cafe-do-centro-gourmet-pacote-250g,Café do Centro,250.0,g,,peso,101g_250g,13.6,67.98,
Paodeacucar,1075263,Café em Cápsula Torrado e Moído Clássico Orfeu Caixa 50g 10 Unidades,Orfeu,Básico da despensa,Disponivel,33.99,https://www.paodeacucar.com/produto/321984/cafe-em-capsula-torrado-e-moido-classico-orfeu-caixa-50g-10-unidades,Orfeu,50.0,g,10.0,peso,ate_100g,67.98,339.9,3.4
Paodeacucar,1114184,Café Torrado e Moído Orgânico Orfeu Caixa 250g,Orfeu,Básico da despensa,Disponivel,47.99,https://www.paodeacucar.com/produto/351393/cafe-torrado-e-moido-organico-orfeu-caixa-250g,Orfeu,250.0,g,,peso,101g_250g,19.2,95.98,
Paodeacucar,1114185,Café Torrado e Moído Intenso Orfeu Caixa 250g,Orfeu,Básico da despensa,Disponivel,43.99,https://www.paodeacucar.com/produto/350696/cafe-torrado-e-moido-intenso-orfeu-caixa-250g,Orfeu,250.0,g,,peso,101g_250g,17.6,87.98,
Paodeacucar,1114199,Café em Cápsula Torrado e Moído Intenso Orfeu Caixa 50g 10 Unidades,Orfeu,Básico da despensa,Disponivel,33.99,https://www.paodeacucar.com/produto/349925/cafe-em-capsula-torrado-e-moido-intenso-orfeu-caixa-50g-10-unidades,Orfeu,50.0,g,10.0,peso,ate_100g,67.98,339.9,3.4
Paodeacucar,1114200,Café Torrado e Moído Clássico Orfeu Caixa 250g,Orfeu,Básico da despensa,Disponivel,43.99,https://www.paodeacucar.com/produto/349846/cafe-torrado-e-moido-classico-orfeu-caixa-250g,Orfeu,250.0,g,,peso,101g_250g,17.6,87.98,
Paodeacucar,1114202,Café em Cápsula Torrado e Moído Orgânico Orfeu Caixa 50g 10 Unidades,Orfeu,Básico da despensa,Disponivel,33.99,https://www.paodeacucar.com/produto/349845/cafe-em-capsula-torrado-e-moido-organico-orfeu-caixa-50g-10-unidades,Orfeu,50.0,g,10.0,peso,ate_100g,67.98,339.9,3.4
Paodeacucar,1114292,Café em Cápsula Torrado e Moído Orgânico Café Native One Caixa 50g 10 Unidades,Native,,Disponivel,45.99,https://www.paodeacucar.com/produto/349848/cafe-em-capsula-torrado-e-moido-organico-cafe-native-one-caixa-50g-10-unidades,Native,50.0,g,10.0,peso,ate_100g,91.98,459.9,4.6
Paodeacucar,1127758,Café Torrado em Grãos Clássico Orfeu Pacote 250g,Orfeu,,Disponivel,44.99,https://www.paodeacucar.com/produto/385019/cafe-torrado-em-graos-classico-orfeu-pacote-250g,Orfeu,250.0,g,,peso,101g_250g,18.0,89.98,
Paodeacucar,1127759,Café Torrado em Grãos Orgânico Orfeu Pacote 250g,Orfeu,Básico da despensa,Disponivel,49.99,https://www.paodeacucar.com/produto/385018/cafe-torrado-em-graos-organico-orfeu-pacote-250g,Orfeu,250.0,g,,peso,101g_250g,20.0,99.98,
Paodeacucar,1130389,Café em Cápsula Torrado e Moído Ristretto Espresso Lor Caixa 104g 20 Unidades,L'OR,Básico da despensa,Disponivel,59.9,https://www.paodeacucar.com/produto/389389/cafe-em-capsula-torrado-e-moido-ristretto-espresso-lor-caixa-104g-20-unidades,L'OR,104.0,g,20.0,peso,101g_250g,57.6,287.98,3.0
Paodeacucar,1130390,Café em Cápsula Torrado e Moído Espresso Forza Lor Caixa 52g 10 Unidades,L'OR,Básico da despensa,Disponivel,30.99,https://www.paodeacucar.com/produto/389385/cafe-em-capsula-torrado-e-moido-espresso-forza-lor-caixa-52g-10-unidades,L'OR,52.0,g,10.0,peso,ate_100g,59.6,297.98,3.1
Paodeacucar,1130392,Café em Cápsula Torrado e Moído Espresso Onyx Lor Caixa 52g 10 Unidades,L'OR,Básico da despensa,Disponivel,30.99,https://www.paodeacucar.com/produto/389386/cafe-em-capsula-torrado-e-moido-espresso-onyx-lor-caixa-52g-10-unidades,L'OR,52.0,g,10.0,peso,ate_100g,59.6,297.98,3.1
Paodeacucar,1130397,Café em Cápsula Torrado e Moído Ristretto Espresso Lor Caixa 52g 10 Unidades,L'OR,Básico da despensa,Disponivel,30.99,https://www.paodeacucar.com/produto/389382/cafe-em-capsula-torrado-e-moido-ristretto-espresso-lor-caixa-52g-10-unidades,L'OR,52.0,g,10.0,peso,ate_100g,59.6,297.98,3.1
Paodeacucar,1130399,Café em Cápsula Torrado e Moído Espresso Sontuoso Lor Caixa 52g 10 Unidades,L'OR,Básico da despensa,Disponivel,30.99,https://www.paodeacucar.com/produto/389384/cafe-em-capsula-torrado-e-moido-espresso-sontuoso-lor-caixa-52g-10-unidades,L'OR,52.0,g,10.0,peso,ate_100g,59.6,297.98,3.1
Paodeacucar,1144651,Café em Cápsula Torrado e Moído Descafeinado Orfeu Caixa 50g 10 Unidades,Orfeu,,Disponivel,33.99,https://www.paodeacucar.com/produto/407459/cafe-em-capsula-torrado-e-moido-descafeinado-orfeu-caixa-50g-10-unidades,Orfeu,50.0,g,10.0,peso,ate_100g,67.98,339.9,3.4
Paodeacucar,1148940,Café em Cápsula Torrado e Moído Espresso Extraforte Pilão Caixa 104g 20 Unidades Embalagem Econômica,Pilão,Básico da despensa,Disponivel,45.99,https://www.paodeacucar.com/produto/411987/cafe-em-capsula-torrado-e-moido-espresso-extraforte-pilao-caixa-104g-20-unidades-embalagem-economica,Pilão,104.0,g,20.0,peso,101g_250g,44.22,221.11,2.3
Paodeacucar,1148941,Café em Cápsula Torrado e Moído Lungo Intenso Pilão Caixa 52g 10 Unidades,Pilão,Básico da despensa,Disponivel,24.99,https://www.paodeacucar.com/produto/410467/cafe-em-capsula-torrado-e-moido-lungo-intenso-pilao-caixa-52g-10-unidades,Pilão,52.0,g,10.0,peso,ate_100g,48.06,240.29,2.5
Paodeacucar,1148942,Café em Cápsula Torrado e Moído Espresso Fortíssimo Pilão Caixa 52g 10 Unidades,Pilão,Básico da despensa,Disponivel,24.99,https://www.paodeacucar.com/produto/411988/cafe-em-capsula-torrado-e-moido-espresso-fortissimo-pilao-caixa-52g-10-unidades,Pilão,52.0,g,10.0,peso,ate_100g,48.06,240.29,2.5
Paodeacucar,1148945,Café em Cápsula Torrado e Moído Espresso Tradicional Pilão Caixa 52g 10 Unidades,Pilão,Básico da despensa,Disponivel,24.99,https://www.paodeacucar.com/produto/411986/cafe-em-capsula-torrado-e-moido-espresso-tradicional-pilao-caixa-52g-10-unidades,Pilão,52.0,g,10.0,peso,ate_100g,48.06,240.29,2.5
Paodeacucar,1148946,Café em Cápsula Torrado e Moído Espresso Extraforte Pilão Caixa 52g 10 Unidades,Pilão,Básico da despensa,Indisponivel,,https://www.paodeacucar.com/produto/410466/cafe-em-capsula-torrado-e-moido-espresso-extraforte-pilao-caixa-52g-10-unidades,Pilão,52.0,g,10.0,peso,ate_100g,,,
Paodeacucar,1148948,Café Torrado e Moído Tradicional Pilão Pouch 500g,Pilão,Básico da despensa,Disponivel,36.99,https://www.paodeacucar.com/produto/410468/cafe-torrado-e-moido-tradicional-pilao-pouch-500g,Pilão,500.0,g,,peso,251g_500g,7.4,36.99,
Paodeacucar,1148949,Café Torrado e Moído Extraforte Pilão Pouch 500g,Pilão,Básico da despensa,Disponivel,36.99,https://www.paodeacucar.com/produto/411865/cafe-torrado-e-moido-extraforte-pilao-pouch-500g,Pilão,500.0,g,,peso,251g_500g,7.4,36.99,
Paodeacucar,1153387,Café Torrado em Grãos Espresso Forza Lor Gourmet Pacote 500g,L'OR,Básico da despensa,Disponivel,55.84,https://www.paodeacucar.com/produto/413063/cafe-torrado-em-graos-espresso-forza-lor-gourmet-pacote-500g,L'OR,500.0,g,,peso,251g_500g,11.17,55.84,
Paodeacucar,1156099,Café em Cápsula NESCAFÉ DOLCE GUSTO Café Au Lait 10 Cápsulas,Nescafé Dolce Gusto,Básico da despensa,Disponivel,27.99,https://www.paodeacucar.com/produto/434986/cafe-em-capsula-nescafe-dolce-gusto-cafe-au-lait-10-capsulas,Nescafé Dolce Gusto,,,10.0,unidades,sem_peso,,,2.8
Paodeacucar,1156101,Café em Cápsula NESCAFÉ DOLCE GUSTO Espresso 10 Cápsulas,Nescafé Dolce Gusto,Básico da despensa,Disponivel,25.99,https://www.paodeacucar.com/produto/434983/cafe-em-capsula-nescafe-dolce-gusto-espresso-10-capsulas,Nescafé Dolce Gusto,,,10.0,unidades,sem_peso,,,2.6
Paodeacucar,1156103,Café em Cápsula NESCAFÉ DOLCE GUSTO Espresso Intenso 10 Cápsulas,Nescafé Dolce Gusto,Básico da despensa,Disponivel,25.99,https://www.paodeacucar.com/produto/434981/cafe-em-capsula-nescafe-dolce-gusto-espresso-intenso-10-capsulas,Nescafé Dolce Gusto,,,10.0,unidades,sem_peso,,,2.6
Paodeacucar,1163652,Café em Cápsula Torrado e Moído Chocolate Trufado Baggio Aromas Caixa 50g 10 Unidades,Baggio,Básico da despensa,Disponivel,24.99,https://www.paodeacucar.com/produto/421094/cafe-em-capsula-torrado-e-moido-chocolate-trufado-baggio-aromas-caixa-50g-10-unidades,Baggio,50.0,g,10.0,peso,ate_100g,49.98,249.9,2.5
Paodeacucar,1163653,Café em Cápsula Torrado e Moído Caramelo Baggio Aromas Caixa 50g 10 Unidades,Baggio,Básico da despensa,Disponivel,24.99,https://www.paodeacucar.com/produto/421093/cafe-em-capsula-torrado-e-moido-caramelo-baggio-aromas-caixa-50g-10-unidades,Baggio,50.0,g,10.0,peso,ate_100g,49.98,249.9,2.5
Paodeacucar,1163654,Café em Cápsula Torrado e Moído Chocolate com Menta Baggio Aromas Caixa 50g 10 Unidades,Baggio,Básico da despensa,Disponivel,24.99,https://www.paodeacucar.com/produto/421092/cafe-em-capsula-torrado-e-moido-chocolate-com-menta-baggio-aromas-caixa-50g-10-unidades,Baggio,50.0,g,10.0,peso,ate_100g,49.98,249.9,2.5
Paodeacucar,1163768,Café Torrado e Moído Espresso Baggio Pacote 250g,Baggio,,Disponivel,39.99,https://www.paodeacucar.com/produto/421083/cafe-torrado-e-moido-espresso-baggio-pacote-250g,Baggio,250.0,g,,peso,101g_250g,16.0,79.98,
Paodeacucar,1163769,Café em Cápsula Torrado e Moído Extra Intenso Baggio Caixa 50g 10 Unidades,Baggio,Básico da despensa,Disponivel,24.99,https://www.paodeacucar.com/produto/421082/cafe-em-capsula-torrado-e-moido-extra-intenso-baggio-caixa-50g-10-unidades,Baggio,50.0,g,10.0,peso,ate_100g,49.98,249.9,2.5
Paodeacucar,1172532,Café em Cápsula Torrado e Moído Espresso Colômbia Lor Origins Collection Caixa 52g 10 Unidades,L'OR,Básico da despensa,Disponivel,30.99,https://www.paodeacucar.com/produto/428373/cafe-em-capsula-torrado-e-moido-espresso-colombia-lor-origins-collection-caixa-52g-10-unidades,L'OR,52.0,g,10.0,peso,ate_100g,59.6,297.98,3.1
Paodeacucar,1172534,Café em Cápsula Torrado e Moído Ristretto Espresso Descafeinado Lor Caixa 52g 10 Unidades,L'OR,Básico da despensa,Disponivel,30.99,https://www.paodeacucar.com/produto/428374/cafe-em-capsula-torrado-e-moido-ristretto-espresso-descafeinado-lor-caixa-52g-10-unidades,L'OR,52.0,g,10.0,peso,ate_100g,59.6,297.98,3.1
Paodeacucar,1181910,Café Torrado e Moído Orgânico Taeq Caixa 250g,Taeq,,Disponivel,39.99,https://www.paodeacucar.com/produto/433026/cafe-torrado-e-moido-organico-taeq-caixa-250g,Taeq,250.0,g,,peso,101g_250g,16.0,79.98,
Paodeacucar,1181911,Café em Grãos Clássico Qualitá Gourmet Pacote 250g,Qualitá,,Disponivel,38.99,https://www.paodeacucar.com/produto/433027/cafe-em-graos-classico-qualita-gourmet-pacote-250g,Qualitá,250.0,g,,peso,101g_250g,15.6,77.98,
Paodeacucar,1181973,Café em Grãos Intenso Qualitá Gourmet Pacote 250g,Qualitá,,Disponivel,38.99,https://www.paodeacucar.com/produto/433028/cafe-em-graos-intenso-qualita-gourmet-pacote-250g,Qualitá,250.0,g,,peso,101g_250g,15.6,77.98,
Paodeacucar,1187455,Café Torrado e Moído Chocolate com Menta Baggio Pacote 250g,Baggio,,Disponivel,39.99,https://www.paodeacucar.com/produto/438269/cafe-torrado-e-moido-chocolate-com-menta-baggio-pacote-250g,Baggio,250.0,g,,peso,101g_250g,16.0,79.98,
Paodeacucar,1187456,Café Torrado e Moído Caramelo Baggio Pacote 250g,Baggio,,Disponivel,39.99,https://www.paodeacucar.com/produto/438271/cafe-torrado-e-moido-caramelo-baggio-pacote-250g,Baggio,250.0,g,,peso,101g_250g,16.0,79.98,
Paodeacucar,1187457,Café Torrado e Moído Chocolate Trufado Baggio Pacote 250g,Baggio,,Disponivel,39.99,https://www.paodeacucar.com/produto/438270/cafe-torrado-e-moido-chocolate-trufado-baggio-pacote-250g,Baggio,250.0,g,,peso,101g_250g,16.0,79.98,
Paodeacucar,1189929,Café em Cápsula Torrado e Moído Espresso Colômbia Tres Regiões do Mundo Caixa 80g 10 Unidades,3 Corações,,Disponivel,26.99,https://www.paodeacucar.com/produto/439624/cafe-em-capsula-torrado-e-moido-espresso-colombia-tres-regioes-do-mundo-caixa-80g-10-unidades,Três,80.0,g,10.0,peso,ate_100g,33.74,168.69,2.7
Paodeacucar,1190088,Café Solúvel Liofilizado 3 Corações Vidro 100g,3 Corações,Básico da despensa,Disponivel,27.19,https://www.paodeacucar.com/produto/440706/cafe-soluvel-liofilizado-3-coracoes-vidro-100g,3 Corações,100.0,g,,peso,ate_100g,27.19,135.95,
Paodeacucar,1194402,Café em Cápsula Torrado e Moído Lungo Starbucks House Blend Caixa 57g 10 Unidades,Starbucks,Básico da despensa,Disponivel,7.99,https://www.paodeacucar.com/produto/441611/cafe-em-capsula-torrado-e-moido-lungo-starbucks-house-blend-caixa-57g-10-unidades,Starbucks,57.0,g,10.0,peso,ate_100g,14.02,70.09,0.8
Paodeacucar,1194404,Café em Cápsula Torrado e Moído Starbucks Pike Place Roast Caixa 53g 10 Unidades,Starbucks,Básico da despensa,Disponivel,32.99,https://www.paodeacucar.com/produto/441616/cafe-em-capsula-torrado-e-moido-starbucks-pike-place-roast-caixa-53g-10-unidades,Starbucks,53.0,g,10.0,peso,ate_100g,62.25,311.23,3.3
Paodeacucar,1194406,Café em Cápsula Torrado e Moído Espresso Roast Starbucks Caixa 57g 10 Unidades,Starbucks,Básico da despensa,Indisponivel,3.09,https://www.paodeacucar.com/produto/441614/cafe-em-capsula-torrado-e-moido-espresso-roast-starbucks-caixa-57g-10-unidades,Starbucks,57.0,g,10.0,peso,ate_100g,5.42,27.11,0.31
Paodeacucar,1194407,Café em Cápsula Torrado e Moído Blonde Espresso Roast Starbucks Caixa 53g 10 Unidades,Starbucks,Básico da despensa,Indisponivel,32.99,https://www.paodeacucar.com/produto/441607/cafe-em-capsula-torrado-e-moido-blonde-espresso-roast-starbucks-caixa-53g-10-unidades,Starbucks,53.0,g,10.0,peso,ate_100g,62.25,311.23,3.3
Paodeacucar,1194409,Café Torrado e Moído Starbucks House Blend Pacote 250g,Starbucks,,Disponivel,41.52,https://www.paodeacucar.com/produto/441606/cafe-torrado-e-moido-starbucks-house-blend-pacote-250g,Starbucks,250.0,g,,peso,101g_250g,16.61,83.04,
Paodeacucar,1194410,Café Torrado e Moído Starbucks Caffè Verona Pacote 250g,Starbucks,Básico da despensa,Disponivel,41.52,https://www.paodeacucar.com/produto/441609/cafe-torrado-e-moido-starbucks-caffe-verona-pacote-250g,Starbucks,250.0,g,,peso,101g_250g,16.61,83.04,
Paodeacucar,1199843,Café em Cápsulas BRAVO TENOR 50g com 10 Cápsulas,Bravo Café,Básico da despensa,Indisponivel,,https://www.paodeacucar.com/produto/453515/cafe-em-capsulas-bravo-tenor-50g-com-10-capsulas,Bravo Cafe,50.0,g,10.0,peso,ate_100g,,,
Paodeacucar,1199845,Café Solúvel Granulado Forte Nescafé Tradição Vidro 100g,Bravo Café,Básico da despensa,Disponivel,7.98,https://www.paodeacucar.com/produto/455759/cafe-bravo-soprano-10-capsulas-de-50g,Bravo Cafe,100.0,g,,peso,ate_100g,7.98,39.9,
Paodeacucar,1201945,Café Torrado e Moído NESCAFÉ Gold Equilibrado 250g,Nescafé Gold,,Disponivel,32.79,https://www.paodeacucar.com/produto/447285/cafe-torrado-e-moido-nescafe-gold-equilibrado-250g,Nescafé Gold,250.0,g,,peso,101g_250g,13.12,65.58,
Paodeacucar,1201947,Café Torrado e Moído Intenso Nescafé Gold Pacote 250g,Nescafé Gold,,Disponivel,32.79,https://www.paodeacucar.com/produto/447284/cafe-torrado-e-moido-intenso-nescafe-gold-pacote-250g,Nescafé Gold,250.0,g,,peso,101g_250g,13.12,65.58,
Paodeacucar,1202011,Café Solúvel NESCAFÉ Gold 100g,Nescafé Gold,,Disponivel,16.79,https://www.paodeacucar.com/produto/447308/cafe-soluvel-nescafe-gold-100g,Nescafé Gold,100.0,g,,peso,ate_100g,16.79,83.95,
Paodeacucar,1212869,Café com Leite em Cápsula Latte Macchiato 3 Corações Caixa 10 Unidades 11g Cada,3 Corações,,Disponivel,26.99,https://www.paodeacucar.com/produto/453403/cafe-com-leite-em-capsula-latte-macchiato-3-coracoes-caixa-10-unidades-11g-cada,3 Corações,110.0,g,10.0,peso,101g_250g,24.54,122.68,2.7
Paodeacucar,1213674,Café Solúvel Granulado Qualitá Sachê 100g,Qualitá,,Disponivel,18.99,https://www.paodeacucar.com/produto/454666/cafe-soluvel-granulado-qualita-sache-100g,Qualitá,100.0,g,,peso,ate_100g,18.99,94.95,
Paodeacucar,1219239,Café em Cápsula Torrado e Moído Espresso Índia Lor Origins Collection Caixa 52g 10 Unidades,L'OR,Básico da despensa,Disponivel,30.99,https://www.paodeacucar.com/produto/455609/cafe-em-capsula-torrado-e-moido-espresso-india-lor-origins-collection-caixa-52g-10-unidades,L'OR,52.0,g,10.0,peso,ate_100g,59.6,297.98,3.1
Paodeacucar,1221427,Café em Cápsula Torrado e Moído Brasil Qualitá Caixa 50g 10 Unidades,Qualitá,,Disponivel,21.99,https://www.paodeacucar.com/produto/457240/cafe-em-capsula-torrado-e-moido-brasil-qualita-caixa-50g-10-unidades,Qualitá,50.0,g,10.0,peso,ate_100g,43.98,219.9,2.2
Paodeacucar,1221484,Café em Cápsula Torrado e Moído Colômbia Qualitá Gourmet Caixa 50g 10 Unidades,Qualitá,,Disponivel,21.99,https://www.paodeacucar.com/produto/457241/cafe-em-capsula-torrado-e-moido-colombia-qualita-gourmet-caixa-50g-10-unidades,Qualitá,50.0,g,10.0,peso,ate_100g,43.98,219.9,2.2
Paodeacucar,1221488,Cápsula de Café Avelã QUALITÁ 50g,Qualitá,,Disponivel,21.99,https://www.paodeacucar.com/produto/457302/capsula-de-cafe-avela-qualita-50g,Qualitá,50.0,g,,peso,ate_100g,43.98,219.9,
Paodeacucar,1221575,Café em Cápsula Torrado e Moído Caramelo Qualitá Caixa 50g 10 Unidades,Qualitá,,Disponivel,21.99,https://www.paodeacucar.com/produto/457287/cafe-em-capsula-torrado-e-moido-caramelo-qualita-caixa-50g-10-unidades,Qualitá,50.0,g,10.0,peso,ate_100g,43.98,219.9,2.2
Paodeacucar,1225274,Café em Cápsula Torrado e Moído Vanilla Baggio Aromas Caixa 50g 10 Unidades,Baggio,Básico da despensa,Disponivel,24.99,https://www.paodeacucar.com/produto/458504/cafe-em-capsula-torrado-e-moido-vanilla-baggio-aromas-caixa-50g-10-unidades,Baggio,50.0,g,10.0,peso,ate_100g,49.98,249.9,2.5
Paodeacucar,1225275,Café em Cápsula Torrado e Moído Chocolate com Avelã Baggio Aromas Caixa 50g 10 Unidades,Baggio,Básico da despensa,Disponivel,24.99,https://www.paodeacucar.com/produto/458503/cafe-em-capsula-torrado-e-moido-chocolate-com-avela-baggio-aromas-caixa-50g-10-unidades,Baggio,50.0,g,10.0,peso,ate_100g,49.98,249.9,2.5
Paodeacucar,1229372,Café Torrado em Grãos Bourbon Amarelo Orfeu Pacote 250g,Orfeu,Básico da despensa,Disponivel,44.99,https://www.paodeacucar.com/produto/461760/cafe-torrado-em-graos-bourbon-amarelo-orfeu-pacote-250g,Orfeu,250.0,g,,peso,101g_250g,18.0,89.98,
Paodeacucar,1229373,Café Torrado e Moído Colômbia Starbucks Single-Origin Pacote 250g,Orfeu,Básico da despensa,Disponivel,33.99,https://www.paodeacucar.com/produto/461761/cafe-orfeu-bourbon-amarelo-torrado-e-moido-250g,Orfeu,250.0,g,,peso,101g_250g,13.6,67.98,
Paodeacucar,1229374,Café em Cápsula Torrado e Moído Bourbon Amarelo Orfeu Caixa 50g 10 Unidades,Orfeu,,Indisponivel,17.99,https://www.paodeacucar.com/produto/461759/cafe-em-capsula-torrado-e-moido-bourbon-amarelo-orfeu-caixa-50g-10-unidades,Orfeu,50.0,g,10.0,peso,ate_100g,35.98,179.9,1.8
Paodeacucar,1233731,Drip Coffee - Qualitá Premium 100g,Qualitá,,Disponivel,22.99,https://www.paodeacucar.com/produto/464715/drip-coffee---qualita-premium-100g,Qualitá,100.0,g,,peso,ate_100g,22.99,114.95,
Paodeacucar,1238014,Café Solúvel Liofilizado L'or Ultimo Vidro 84g,Juan Valdez,,Indisponivel,26.99,https://www.paodeacucar.com/produto/545935/cafe-soluvel-liofilizado-classico-juan-valdez-vidro-95g,Juan Valdez,84.0,g,,peso,ate_100g,32.13,160.65,
Paodeacucar,1238073,Café em Cápsula Torrado e Moído Espresso Guatemala Lor Origins Collection Caixa 10 Unidades,L'OR,Básico da despensa,Disponivel,30.99,https://www.paodeacucar.com/produto/468448/cafe-em-capsula-torrado-e-moido-espresso-guatemala-lor-origins-collection-caixa-10-unidades,L'OR,,,10.0,unidades,sem_peso,,,3.1
Paodeacucar,1239489,Café Torrado e Moído Cerrado Mineiro 3 Corações Gourmet Pacote 250g,3 Corações,Básico da despensa,Disponivel,32.99,https://www.paodeacucar.com/produto/470099/cafe-torrado-e-moido-cerrado-mineiro-3-coracoes-gourmet-pacote-250g,3 Corações,250.0,g,,peso,101g_250g,13.2,65.98,
Paodeacucar,1239490,Café Torrado e Moído Mogiana Paulista 3 Corações Gourmet Pacote 250g,3 Corações,Básico da despensa,Disponivel,32.99,https://www.paodeacucar.com/produto/470101/cafe-torrado-e-moido-mogiana-paulista-3-coracoes-gourmet-pacote-250g,3 Corações,250.0,g,,peso,101g_250g,13.2,65.98,
Paodeacucar,1239491,Café Torrado e Moído Sul de Minas 3 Corações Gourmet Pacote 250g,3 Corações,Básico da despensa,Disponivel,32.99,https://www.paodeacucar.com/produto/470100/cafe-torrado-e-moido-sul-de-minas-3-coracoes-gourmet-pacote-250g,3 Corações,250.0,g,,peso,101g_250g,13.2,65.98,
Paodeacucar,1242093,Café Torrado e Moído Bourbon Baggio Pacote 250g,Baggio,Básico da despensa,Disponivel,39.99,https://www.paodeacucar.com/produto/470206/cafe-torrado-e-moido-bourbon-baggio-pacote-250g,Baggio,250.0,g,,peso,101g_250g,16.0,79.98,
Paodeacucar,1244781,Café em Cápsula Torrado e Moído Forte Espresso Illy Caixa 57g 10 Unidades,Illy,Básico da despensa,Disponivel,28.99,https://www.paodeacucar.com/produto/472430/cafe-em-capsula-torrado-e-moido-forte-espresso-illy-caixa-57g-10-unidades,Illy,57.0,g,10.0,peso,ate_100g,50.86,254.3,2.9
Paodeacucar,1244782,Café em Cápsula Torrado e Moído Intenso Espresso Illy Caixa 57g 10 Unidades,Illy,Básico da despensa,Disponivel,28.99,https://www.paodeacucar.com/produto/472428/cafe-em-capsula-torrado-e-moido-intenso-espresso-illy-caixa-57g-10-unidades,Illy,57.0,g,10.0,peso,ate_100g,50.86,254.3,2.9
Paodeacucar,1244783,Café em Cápsula Torrado e Moído Clássico Espresso Illy Caixa 57g 10 Unidades,Illy,Básico da despensa,Disponivel,28.99,https://www.paodeacucar.com/produto/472429/cafe-em-capsula-torrado-e-moido-classico-espresso-illy-caixa-57g-10-unidades,Illy,57.0,g,10.0,peso,ate_100g,50.86,254.3,2.9
Paodeacucar,1247719,Café Torrado e Moído a Vácuo Espresso Pilão Cafeteria Pacote 500g,Pilão,,Disponivel,27.94,https://www.paodeacucar.com/produto/476527/cafe-torrado-e-moido-a-vacuo-espresso-pilao-cafeteria-pacote-500g,Pilão,500.0,g,,peso,251g_500g,5.59,27.94,
Paodeacucar,1247730,Café Torrado e Moído Coado a Vácuo Pilão Cafeteria Pacote 500g,Pilão,,Indisponivel,12.49,https://www.paodeacucar.com/produto/476526/cafe-torrado-e-moido-coado-a-vacuo-pilao-cafeteria-pacote-500g,Pilão,500.0,g,,peso,251g_500g,2.5,12.49,
Paodeacucar,1251696,Café em Cápsula Espresso Forza Tres Caixa 10 Unidades 8g Cada,3 Corações,BÃ¡sico da despensa,Disponivel,26.99,https://www.paodeacucar.com/produto/477106/cafe-em-capsula-espresso-forza-tres-caixa-10-unidades-8g-cada,Três,80.0,g,10.0,peso,ate_100g,33.74,168.69,2.7
Paodeacucar,1256329,Café em Cápsula Torrado e Moído Amêndoas Torradas Baggio Aromas Caixa 50g 10 Unidades,Baggio,Básico da despensa,Disponivel,24.99,https://www.paodeacucar.com/produto/479115/cafe-em-capsula-torrado-e-moido-amendoas-torradas-baggio-aromas-caixa-50g-10-unidades,Baggio,50.0,g,10.0,peso,ate_100g,49.98,249.9,2.5
Paodeacucar,1258434,Café Torrado e Moído Prima Qualità Gourmet Pacote 250g,C Annata,,Disponivel,30.99,https://www.paodeacucar.com/produto/1628937/cafe-torrado-e-moido-prima-qualita-gourmet-pacote-250g,C Annata,250.0,g,,peso,101g_250g,12.4,61.98,
Paodeacucar,1275329,Café Torrado e Moído Intenso Lor Torras Gourmet Sachê 250g,L'OR,,Disponivel,21.44,https://www.paodeacucar.com/produto/596298/cafe-torrado-e-moido-intenso-lor-torras-gourmet-sache-250g,L'OR,250.0,g,,peso,101g_250g,8.58,42.88,
Paodeacucar,1275340,Café Solúvel em Pó Espresso Lor Vidro 100g,L'OR,Básico da despensa,Disponivel,25.99,https://www.paodeacucar.com/produto/596299/cafe-soluvel-em-po-espresso-lor-vidro-100g,L'OR,100.0,g,,peso,ate_100g,25.99,129.95,
Paodeacucar,1275436,Café em Cápsula Torrado e Moído Espresso Índia Nescafé Farmers Origins Caixa 44g 10 Unidades,Pilão,,Disponivel,27.94,https://www.paodeacucar.com/produto/596304/cafe-torrado-e-moido-a-vacuo-italiano-pilao-cafeteria-pacote-500g,Pilão,44.0,g,10.0,peso,ate_100g,63.5,317.5,2.79
Paodeacucar,1275437,Café Torrado e Moído Equilibrado Lor Torras Gourmet Sachê 250g,L'OR,,Disponivel,21.44,https://www.paodeacucar.com/produto/596303/cafe-torrado-e-moido-equilibrado-lor-torras-gourmet-sache-250g,L'OR,250.0,g,,peso,101g_250g,8.58,42.88,
Paodeacucar,1275439,Café Torrado e Moído Delicado Lor Torras Gourmet Sachê 250g,L'OR,Básico da despensa,Disponivel,21.44,https://www.paodeacucar.com/produto/596302/cafe-torrado-e-moido-delicado-lor-torras-gourmet-sache-250g,L'OR,250.0,g,,peso,101g_250g,8.58,42.88,
Paodeacucar,1275441,Café em Cápsula Torrado e Moído Espresso Ultimo Lor Caixa 52g 10 Unidades,L'OR,,Disponivel,30.99,https://www.paodeacucar.com/produto/596300/cafe-em-capsula-torrado-e-moido-espresso-ultimo-lor-caixa-52g-10-unidades,L'OR,52.0,g,10.0,peso,ate_100g,59.6,297.98,3.1
Paodeacucar,1275557,Café Solúvel em Pó Espresso Lor Sachê 40g,L'OR,Básico da despensa,Disponivel,9.09,https://www.paodeacucar.com/produto/596297/cafe-soluvel-em-po-espresso-lor-sache-40g,L'OR,40.0,g,,peso,ate_100g,22.72,113.62,
Paodeacucar,1277687,Café Torrado e Moído Colômbia Starbucks Single-Origin Pacote 250g,Starbucks,Básico da despensa,Indisponivel,51.9,https://www.paodeacucar.com/produto/643619/cafe-torrado-e-moido-colombia-starbucks-single-origin-pacote-250g,Starbucks,250.0,g,,peso,101g_250g,20.76,103.8,
Paodeacucar,1286079,Café Torrado e Moído Chocolate com Avelã Baggio Pacote 250g,Baggio,Básico da despensa,Disponivel,39.99,https://www.paodeacucar.com/produto/686056/cafe-torrado-e-moido-chocolate-com-avela-baggio-pacote-250g,Baggio,250.0,g,,peso,101g_250g,16.0,79.98,
Paodeacucar,1311339,Café Torrado e Moído Bravo Café Tenor Pacote 250g,Bravo Café,,Disponivel,23.99,https://www.paodeacucar.com/produto/807928/cafe-torrado-e-moido-bravo-cafe-tenor-pacote-250g,Bravo Cafe,250.0,g,,peso,101g_250g,9.6,47.98,
Paodeacucar,1328047,Café com Leite em Cápsula Supremo Macchiato 3 Corações Baileys Caixa 110g 10 Unidades,3 Corações,,Disponivel,25.99,https://www.paodeacucar.com/produto/1059435/cafe-com-leite-em-capsula-supremo-macchiato-3-coracoes-baileys-caixa-110g-10-unidades,Tres Coracoes,110.0,g,10.0,peso,101g_250g,23.63,118.14,2.6
Paodeacucar,1335902,Café em Cápsula Torrado e Moído Clássico Baggio Caixa 50g 10 Unidades,Baggio,Básico da despensa,Disponivel,24.99,https://www.paodeacucar.com/produto/1074962/cafe-em-capsula-torrado-e-moido-classico-baggio-caixa-50g-10-unidades,Baggio,50.0,g,10.0,peso,ate_100g,49.98,249.9,2.5
Paodeacucar,1340447,Café Gourmet Moído - 250g,Santa Mônica,,Disponivel,39.99,https://www.paodeacucar.com/produto/566664/cafe-gourmet-moido---250g,Santa Monica,250.0,g,,peso,101g_250g,16.0,79.98,
Paodeacucar,1340460,Café em Cápsula Torrado e Moído Santa Monica Gourmet Caixa 50g 10 Unidades,Santa Mônica,,Disponivel,27.99,https://www.paodeacucar.com/produto/541135/cafe-em-capsula-torrado-e-moido-santa-monica-gourmet-caixa-50g-10-unidades,Santa Monica,50.0,g,10.0,peso,ate_100g,55.98,279.9,2.8
Paodeacucar,1340461,Café Solúvel Liofilizado Intense Lor Sachê 40g,Santa Mônica,,Indisponivel,22.99,https://www.paodeacucar.com/produto/566666/cafe-intenso-em-capsulas--display-com-10-unidades-,Santa Monica,40.0,g,,peso,ate_100g,57.48,287.38,
Paodeacucar,1340462,Café Torrado e Moído Santa Monica Gourmet Premium Pacote 500g,Santa Mônica,,Disponivel,48.99,https://www.paodeacucar.com/produto/703131/cafe-torrado-e-moido-santa-monica-gourmet-premium-pacote-500g,Santa Monica,500.0,g,,peso,251g_500g,9.8,48.99,
Paodeacucar,1340557,Café em Cápsula Baunilha Santa Monica Gourmet Caixa 50g 10 Unidades,Santa Mônica,,Disponivel,27.99,https://www.paodeacucar.com/produto/1209629/cafe-em-capsula-baunilha-santa-monica-gourmet-caixa-50g-10-unidades,Santa Monica,50.0,g,10.0,peso,ate_100g,55.98,279.9,2.8
Paodeacucar,1340558,Café em Cápsula Caramelo Santa Monica Gourmet Caixa 50g 10 Unidades,Santa Mônica,,Disponivel,27.99,https://www.paodeacucar.com/produto/1209628/cafe-em-capsula-caramelo-santa-monica-gourmet-caixa-50g-10-unidades,Santa Monica,50.0,g,10.0,peso,ate_100g,55.98,279.9,2.8
Paodeacucar,1341043,Café em Cápsula Torrado e Moído Starbucks Breakfast Blend Caixa 56g 10 Unidades,Starbucks,Básico da despensa,Disponivel,75.9,https://www.paodeacucar.com/produto/1244883/cafe-em-capsula-torrado-e-moido-starbucks-breakfast-blend-caixa-56g-10-unidades,Starbucks,56.0,g,10.0,peso,ate_100g,135.54,677.68,7.59
Paodeacucar,1342755,Café em Cápsula NESCAFÉ DOLCE GUSTO Mochaccino Canela 10 Cápsulas 172g,Nescafé Dolce Gusto,Básico da despensa,Disponivel,25.99,https://www.paodeacucar.com/produto/1406868/cafe-em-capsula-nescafe-dolce-gusto-mochaccino-canela-10-capsulas-172g,Nescafé Dolce Gusto,172.0,g,10.0,peso,101g_250g,15.11,75.55,2.6
Paodeacucar,1343584,Café em Cápsula Torrado e Moído Bourbon Astro Café Caixa 50g 10 Unidades,Astro Cafe,,Disponivel,23.99,https://www.paodeacucar.com/produto/1376039/cafe-em-capsula-torrado-e-moido-bourbon-astro-cafe-caixa-50g-10-unidades,Astro Cafe,50.0,g,10.0,peso,ate_100g,47.98,239.9,2.4
Paodeacucar,1343585,Café em Cápsula Torrado e Moído Supremo Astro Café Caixa 50g 10 Unidades,Astro Cafe,,Disponivel,23.99,https://www.paodeacucar.com/produto/1376038/cafe-em-capsula-torrado-e-moido-supremo-astro-cafe-caixa-50g-10-unidades,Astro Cafe,50.0,g,10.0,peso,ate_100g,47.98,239.9,2.4
Paodeacucar,1343886,Café Torrado e Moído Bravo Premium 500g,Bravo,,Disponivel,38.99,https://www.paodeacucar.com/produto/1376536/cafe-torrado-e-moido-bravo-premium-500g,Bravo,500.0,g,,peso,251g_500g,7.8,38.99,
Paodeacucar,1343970,Café em Cápsula Torrado e Moído Clássico Orfeu Caixa 50g 10 Unidades,Astro Cafe,,Indisponivel,9.49,https://www.paodeacucar.com/produto/1376013/cafe-em-capsula-torrado-e-moido-organico-astro-cafe-caixa-50g-10-unidades,Astro Cafe,50.0,g,10.0,peso,ate_100g,18.98,94.9,0.95
Paodeacucar,1344340,Café Torrado e Moído Tradicional União Pacote 500g,União,Básico da despensa,Disponivel,26.89,https://www.paodeacucar.com/produto/1376191/cafe-torrado-e-moido-tradicional-uniao-pacote-500g,União,500.0,g,,peso,251g_500g,5.38,26.89,
Paodeacucar,1344341,Café Torrado e Moído Extraforte União Pacote 500g,União,Básico da despensa,Disponivel,26.89,https://www.paodeacucar.com/produto/1376192/cafe-torrado-e-moido-extraforte-uniao-pacote-500g,União,500.0,g,,peso,251g_500g,5.38,26.89,
Paodeacucar,1344780,Café Torrado e Moído a Vácuo Tradicional Café Brasileiro Pacote 500g,Café Brasileiro,,Disponivel,25.49,https://www.paodeacucar.com/produto/1387196/cafe-torrado-e-moido-a-vacuo-tradicional-cafe-brasileiro-pacote-500g,Café Brasileiro,500.0,g,,peso,251g_500g,5.1,25.49,
Paodeacucar,1345288,Café Torrado e Moído 3 Corações Gourmet Dark Roast Pacote 250g,3 Corações,Básico da despensa,Disponivel,34.99,https://www.paodeacucar.com/produto/1433150/cafe-torrado-e-moido-3-coracoes-gourmet-dark-roast-pacote-250g,3 Corações,250.0,g,,peso,101g_250g,14.0,69.98,
Paodeacucar,1345312,Café em Cápsula Torrado e Moído Espresso Baunilha Lor Flavours Collection Caixa 52g 10 Unidades,L'OR,Básico da despensa,Disponivel,30.99,https://www.paodeacucar.com/produto/1376369/cafe-em-capsula-torrado-e-moido-espresso-baunilha-lor-flavours-collection-caixa-52g-10-unidades,L'OR,52.0,g,10.0,peso,ate_100g,59.6,297.98,3.1
Paodeacucar,1345313,Café em Cápsula Torrado e Moído Espresso Caramelo Lor Flavours Collection Caixa 52g 10 Unidades,L'OR,Básico da despensa,Indisponivel,5.34,https://www.paodeacucar.com/produto/1376367/cafe-em-capsula-torrado-e-moido-espresso-caramelo-lor-flavours-collection-caixa-52g-10-unidades,L'OR,52.0,g,10.0,peso,ate_100g,10.27,51.35,0.53
Paodeacucar,1351082,Café Solúvel em Pó Tradicional 3 Corações Lata 160g,3 Corações,,Disponivel,29.99,https://www.paodeacucar.com/produto/1615095/cafe-soluvel-em-po-tradicional-3-coracoes-lata-160g,3 Corações,160.0,g,,peso,101g_250g,18.74,93.72,
Paodeacucar,1352652,Café Torrado e Moído Meninos Soltando Pipas 1947 3 Corações Portinari Pacote 250g,3 Corações,,Disponivel,32.99,https://www.paodeacucar.com/produto/1386623/cafe-torrado-e-moido-meninos-soltando-pipas-1947-3-coracoes-portinari-pacote-250g,3 Corações,250.0,g,,peso,101g_250g,13.2,65.98,
Paodeacucar,1352653,Café Torrado e Moído Peneirando Café 1957 3 Corações Portinari Pacote 250g,3 Corações,,Indisponivel,139.9,https://www.paodeacucar.com/produto/1386624/cafe-torrado-e-moido-peneirando-cafe-1957-3-coracoes-portinari-pacote-250g,3 Corações,250.0,g,,peso,101g_250g,55.96,279.8,
Paodeacucar,1352654,Café em Cápsula Peneirando Café 1957 3 Corações Portinari Caixa 80g 10 Unidades,3 Corações,,Disponivel,26.99,https://www.paodeacucar.com/produto/1386621/cafe-em-capsula-peneirando-cafe-1957-3-coracoes-portinari-caixa-80g-10-unidades,3 Corações,80.0,g,10.0,peso,ate_100g,33.74,168.69,2.7
Paodeacucar,1352655,Café em Cápsula Meninos Soltando Pipas 1947 3 Corações Portinari Caixa 80g 10 Unidades,3 Corações,,Disponivel,26.99,https://www.paodeacucar.com/produto/1386622/cafe-em-capsula-meninos-soltando-pipas-1947-3-coracoes-portinari-caixa-80g-10-unidades,3 Corações,80.0,g,10.0,peso,ate_100g,33.74,168.69,2.7
Paodeacucar,1354299,Café Torrado em Grãos Santa Monica Gourmet Pacote 250g,Santa Mônica,,Disponivel,39.99,https://www.paodeacucar.com/produto/523829/cafe-torrado-em-graos-santa-monica-gourmet-pacote-250g,Santa Monica,250.0,g,,peso,101g_250g,16.0,79.98,
Paodeacucar,1354438,Café em Cápsula Torrado e Moído Chocolate Qualitá Caixa 50g 10 Unidades,Qualitá,,Disponivel,21.99,https://www.paodeacucar.com/produto/1462868/cafe-em-capsula-torrado-e-moido-chocolate-qualita-caixa-50g-10-unidades,Qualitá,50.0,g,10.0,peso,ate_100g,43.98,219.9,2.2
Paodeacucar,1354450,Café em Cápsula Torrado e Moído Qualitá Caixa 50g 10 Unidades,Qualitá,,Disponivel,21.99,https://www.paodeacucar.com/produto/1462869/cafe-em-capsula-torrado-e-moido-qualita-caixa-50g-10-unidades,Qualitá,50.0,g,10.0,peso,ate_100g,43.98,219.9,2.2
Paodeacucar,1363093,Café Solúvel Liofilizado Montanhas Capixabas Lor Vidro 84g,L'OR,Básico da despensa,Disponivel,19.49,https://www.paodeacucar.com/produto/1515094/cafe-soluvel-liofilizado-montanhas-capixabas-lor-vidro-84g,L'OR,84.0,g,,peso,ate_100g,23.2,116.01,
Paodeacucar,1363096,Café Solúvel em Pó Pilão Cafeteria Vidro 70g,Pilão,,Disponivel,20.14,https://www.paodeacucar.com/produto/1515097/cafe-soluvel-em-po-pilao-cafeteria-vidro-70g,Pilão,70.0,g,,peso,ate_100g,28.77,143.86,
Paodeacucar,1363097,Café Solúvel em Pó Pilão Cafeteria Sachê 40g,Pilão,,Disponivel,17.33,https://www.paodeacucar.com/produto/1515096/cafe-soluvel-em-po-pilao-cafeteria-sache-40g,Pilão,40.0,g,,peso,ate_100g,43.32,216.62,
Paodeacucar,1363398,Café Torrado e Moído Orgânico Astro Café Pacote 250g,Astro Cafe,,Disponivel,33.99,https://www.paodeacucar.com/produto/1515081/cafe-torrado-e-moido-organico-astro-cafe-pacote-250g,Astro Cafe,250.0,g,,peso,101g_250g,13.6,67.98,
Paodeacucar,1363657,Café Torrado e Moído Supremo Astro Café Pacote 250g,Astro Cafe,,Disponivel,32.99,https://www.paodeacucar.com/produto/1515080/cafe-torrado-e-moido-supremo-astro-cafe-pacote-250g,Astro Cafe,250.0,g,,peso,101g_250g,13.2,65.98,
Paodeacucar,1363871,Especial de Café 180g,Genérico,,Disponivel,22.99,https://www.paodeacucar.com/produto/1517636/especial-de-cafe-180g,Genérico,180.0,g,,peso,101g_250g,12.77,63.86,
Paodeacucar,1363922,Café em Cápsula Torrado e Moído Ristretto Baggio Caixa 50g 10 Unidades,Baggio,,Disponivel,24.99,https://www.paodeacucar.com/produto/1558249/cafe-em-capsula-torrado-e-moido-ristretto-baggio-caixa-50g-10-unidades,Baggio,50.0,g,10.0,peso,ate_100g,49.98,249.9,2.5
Paodeacucar,1366618,Café Solúvel em Pó Espresso Equilibrado Nescafé Gold Lata 100g,Nescafé Gold,,Disponivel,35.19,https://www.paodeacucar.com/produto/1551387/cafe-soluvel-em-po-espresso-equilibrado-nescafe-gold-lata-100g,Nescafé Gold,100.0,g,,peso,ate_100g,35.19,175.95,
Paodeacucar,1366619,Café Solúvel em Pó Espresso Intenso Nescafé Gold Lata 100g,Nescafé Gold,,Disponivel,35.19,https://www.paodeacucar.com/produto/1551388/cafe-soluvel-em-po-espresso-intenso-nescafe-gold-lata-100g,Nescafé Gold,100.0,g,,peso,ate_100g,35.19,175.95,
Paodeacucar,1366892,Café com Leite Solúvel Original 3 Corações Lata 300g,3 Corações,Básico da despensa,Disponivel,27.99,https://www.paodeacucar.com/produto/1573891/cafe-com-leite-soluvel-original-3-coracoes-lata-300g,3 Corações,300.0,g,,peso,251g_500g,9.33,46.65,
Paodeacucar,1367237,Café em Cápsula NESCAFÉ DOLCEGUSTO Caffe Matinal 10 Cápsulas 80g,Nescafé Dolce Gusto,Básico da despensa,Disponivel,25.99,https://www.paodeacucar.com/produto/1559875/cafe-em-capsula-nescafe-dolcegusto-caffe-matinal-10-capsulas-80g,Nescafé Dolce Gusto,80.0,g,10.0,peso,ate_100g,32.49,162.44,2.6
Paodeacucar,1367240,Café em Cápsula Torrado e Moído Lungo Nescafé Dolce Gusto Caixa 70g 10 Unidades,Nescafé Dolce Gusto,Básico da despensa,Disponivel,25.99,https://www.paodeacucar.com/produto/1559871/cafe-em-capsula-torrado-e-moido-lungo-nescafe-dolce-gusto-caixa-70g-10-unidades,Nescafé Dolce Gusto,70.0,g,10.0,peso,ate_100g,37.13,185.64,2.6
Paodeacucar,1367241,Café em Cápsula Torrado e Moído Caseiro Nescafé Dolce Gusto Caixa 80g 10 Unidades,Nescafé Dolce Gusto,Básico da despensa,Disponivel,25.99,https://www.paodeacucar.com/produto/1559873/cafe-em-capsula-torrado-e-moido-caseiro-nescafe-dolce-gusto-caixa-80g-10-unidades,Nescafé Dolce Gusto,80.0,g,10.0,peso,ate_100g,32.49,162.44,2.6
Paodeacucar,1367242,"Café com Leite em Cápsula Latte Macchiato Nescafé Dolce Gusto Caixa 112,5g 10 Unidades",Nescafé Dolce Gusto,Básico da despensa,Disponivel,25.99,"https://www.paodeacucar.com/produto/1559872/cafe-com-leite-em-capsula-latte-macchiato-nescafe-dolce-gusto-caixa-112,5g-10-unidades",Nescafé Dolce Gusto,112.5,g,10.0,peso,101g_250g,23.1,115.51,2.6
Paodeacucar,1367244,Café em Cápsula Torrado e Moído Caseiro Intenso Nescafé Dolce Gusto Caixa 90g 10 Unidades,Nescafé Dolce Gusto,Básico da despensa,Disponivel,25.99,https://www.paodeacucar.com/produto/1560017/cafe-em-capsula-torrado-e-moido-caseiro-intenso-nescafe-dolce-gusto-caixa-90g-10-unidades,Nescafé Dolce Gusto,90.0,g,10.0,peso,ate_100g,28.88,144.39,2.6
Paodeacucar,1367245,Café au Lait em Cápsula Vanilla Nescafé Dolce Gusto Caixa 110g 10 Unidades,Nescafé Dolce Gusto,Básico da despensa,Disponivel,27.99,https://www.paodeacucar.com/produto/1560020/cafe-au-lait-em-capsula-vanilla-nescafe-dolce-gusto-caixa-110g-10-unidades,Nescafé Dolce Gusto,110.0,g,10.0,peso,101g_250g,25.45,127.23,2.8
Paodeacucar,1367246,Café au Lait em Cápsula Desnatado Nescafé Dolce Gusto Caixa 100g 10 Unidades,Nescafé Dolce Gusto,Básico da despensa,Disponivel,85.9,https://www.paodeacucar.com/produto/1559874/cafe-au-lait-em-capsula-desnatado-nescafe-dolce-gusto-caixa-100g-10-unidades,Nescafé Dolce Gusto,100.0,g,10.0,peso,ate_100g,85.9,429.5,8.59
Paodeacucar,1367247,Café em Cápsula Torrado e Moído Lungo Orgânico Nescafé Dolce Gusto Absolute Origin Brasil Caixa 80g 10 Unidades,Nescafé Dolce Gusto,Básico da despensa,Disponivel,31.99,https://www.paodeacucar.com/produto/1560019/cafe-em-capsula-torrado-e-moido-lungo-organico-nescafe-dolce-gusto-absolute-origin-brasil-caixa-80g-10-unidades,Nescafé Dolce Gusto,80.0,g,10.0,peso,ate_100g,39.99,199.94,3.2
Paodeacucar,1368588,Café Constantino moído 250g,Constantino,,Disponivel,35.99,https://www.paodeacucar.com/produto/534726/cafe-constantino-moido-250g,Constantino,250.0,g,,peso,101g_250g,14.4,71.98,
Paodeacucar,1369662,Café Torrado e Moído a Vácuo Tradicional União Pacote 500g,União,,Disponivel,26.89,https://www.paodeacucar.com/produto/1602262/cafe-torrado-e-moido-a-vacuo-tradicional-uniao-pacote-500g,União,500.0,g,,peso,251g_500g,5.38,26.89,
Paodeacucar,1369664,Café Torrado e Moído a Vácuo Extraforte União Pacote 500g,União,,Disponivel,34.99,https://www.paodeacucar.com/produto/1602263/cafe-torrado-e-moido-a-vacuo-extraforte-uniao-pacote-500g,União,500.0,g,,peso,251g_500g,7.0,34.99,
Paodeacucar,1369671,Café em Cápsula Torrado e Moído Orgânico 3 Corações Caixa 50g 10 Unidades,3 Corações,Básico da despensa,Disponivel,23.99,https://www.paodeacucar.com/produto/1593267/cafe-em-capsula-torrado-e-moido-organico-3-coracoes-caixa-50g-10-unidades,3 Corações,50.0,g,10.0,peso,ate_100g,47.98,239.9,2.4
Paodeacucar,1369672,Café em Cápsula Torrado e Moído Intenso 3 Corações Caixa 50g 10 Unidades,3 Corações,,Disponivel,23.99,https://www.paodeacucar.com/produto/1593263/cafe-em-capsula-torrado-e-moido-intenso-3-coracoes-caixa-50g-10-unidades,3 Corações,50.0,g,10.0,peso,ate_100g,47.98,239.9,2.4
Paodeacucar,1369673,Café em Cápsula Torrado e Moído Mogiana Paulista 3 Corações Caixa 50g 10 Unidades,3 Corações,Básico da despensa,Disponivel,23.99,https://www.paodeacucar.com/produto/1593264/cafe-em-capsula-torrado-e-moido-mogiana-paulista-3-coracoes-caixa-50g-10-unidades,3 Corações,50.0,g,10.0,peso,ate_100g,47.98,239.9,2.4
Paodeacucar,1369674,Café em Cápsula Torrado e Moído Cerrado Mineiro 3 Corações Caixa 50g 10 Unidades,3 Corações,,Disponivel,23.99,https://www.paodeacucar.com/produto/1593265/cafe-em-capsula-torrado-e-moido-cerrado-mineiro-3-coracoes-caixa-50g-10-unidades,3 Corações,50.0,g,10.0,peso,ate_100g,47.98,239.9,2.4
Paodeacucar,1370060,Café Solúvel Liofilizado Intense Lor Sachê 40g,L'OR,,Disponivel,9.09,https://www.paodeacucar.com/produto/1593278/cafe-soluvel-liofilizado-intense-lor-sache-40g,L'OR,40.0,g,,peso,ate_100g,22.72,113.62,
Paodeacucar,1370086,Café em Cápsula Torrado e Moído Espresso Extremo Pilão Caixa 52g 10 Unidades,Pilão,Básico da despensa,Disponivel,19.98,https://www.paodeacucar.com/produto/1593279/cafe-em-capsula-torrado-e-moido-espresso-extremo-pilao-caixa-52g-10-unidades,Pilão,52.0,g,10.0,peso,ate_100g,38.42,192.12,2.0
Paodeacucar,1370149,Café Solúvel Granulado Forte Nescafé Tradição Sachê 40g,Nescafé,Básico da despensa,Disponivel,7.91,https://www.paodeacucar.com/produto/1592480/cafe-soluvel-granulado-forte-nescafe-tradicao-sache-40g,Nescafé,40.0,g,,peso,ate_100g,19.78,98.88,
Paodeacucar,1370160,Café Solúvel Granulado Extraforte Nescafé Original Sachê 40g,Nescafé,,Disponivel,7.91,https://www.paodeacucar.com/produto/1592484/cafe-soluvel-granulado-extraforte-nescafe-original-sache-40g,Nescafé,40.0,g,,peso,ate_100g,19.78,98.88,
Paodeacucar,1370214,Café Solúvel Liofilizado Intense Lor Vidro 130g,L'OR,,Disponivel,24.04,https://www.paodeacucar.com/produto/1593283/cafe-soluvel-liofilizado-intense-lor-vidro-130g,L'OR,130.0,g,,peso,101g_250g,18.49,92.46,
Paodeacucar,1370230,Café Solúvel Liofilizado Classique Lor Vidro 130g,L'OR,,Disponivel,24.04,https://www.paodeacucar.com/produto/1593284/cafe-soluvel-liofilizado-classique-lor-vidro-130g,L'OR,130.0,g,,peso,101g_250g,18.49,92.46,
Paodeacucar,1370344,Café em Cápsula Torrado e Moído Clássico Qualitá 50g 10 Unidades,Qualitá,,Disponivel,21.99,https://www.paodeacucar.com/produto/1606432/cafe-em-capsula-torrado-e-moido-classico-qualita-50g-10-unidades,Qualitá,50.0,g,10.0,peso,ate_100g,43.98,219.9,2.2
Paodeacucar,1370358,Café em Cápsula Torrado e Moído Moderado Qualitá Caixa 50g 10 Unidades,Qualitá,,Disponivel,21.99,https://www.paodeacucar.com/produto/1609279/cafe-em-capsula-torrado-e-moido-moderado-qualita-caixa-50g-10-unidades,Qualitá,50.0,g,10.0,peso,ate_100g,43.98,219.9,2.2
Paodeacucar,1371760,Café Solúvel Granulado Suave Nescafé Matinal Sachê 40g,Nescafé,,Disponivel,7.91,https://www.paodeacucar.com/produto/1592474/cafe-soluvel-granulado-suave-nescafe-matinal-sache-40g,Nescafé,40.0,g,,peso,ate_100g,19.78,98.88,
Paodeacucar,1371862,Café em Cápsula Torrado e Moído Intenso Qualitá Caixa 50g 10 Unidades,Qualitá,,Disponivel,21.99,https://www.paodeacucar.com/produto/1606431/cafe-em-capsula-torrado-e-moido-intenso-qualita-caixa-50g-10-unidades,Qualitá,50.0,g,10.0,peso,ate_100g,43.98,219.9,2.2
Paodeacucar,1375804,Café em Cápsula Torrado e Moído Caseiro Dark Nescafé Dolce Gusto Caixa 78g 10 Unidades,Nescafé Dolce Gusto,,Indisponivel,,https://www.paodeacucar.com/produto/1606340/cafe-em-capsula-torrado-e-moido-caseiro-dark-nescafe-dolce-gusto-caixa-78g-10-unidades,Nescafé Dolce Gusto,78.0,g,10.0,peso,ate_100g,,,
Paodeacucar,1375805,Café em Cápsula Torrado e Moído Caseiro Delicate Nescafé Dolce Gusto Pacote 69g 10 Unidades,Nescafé Dolce Gusto,,Indisponivel,9.99,https://www.paodeacucar.com/produto/1606341/cafe-em-capsula-torrado-e-moido-caseiro-delicate-nescafe-dolce-gusto-pacote-69g-10-unidades,Nescafé Dolce Gusto,69.0,g,10.0,peso,ate_100g,14.48,72.39,1.0
Paodeacucar,1375955,Café em Cápsula Torrado e Moído Espresso Dark Nescafé Dolce Gusto Pacote 69g 10 Unidades,Nescafé Dolce Gusto,,Disponivel,27.99,https://www.paodeacucar.com/produto/1606360/cafe-em-capsula-torrado-e-moido-espresso-dark-nescafe-dolce-gusto-pacote-69g-10-unidades,Nescafé Dolce Gusto,69.0,g,10.0,peso,ate_100g,40.57,202.83,2.8
Paodeacucar,1375956,Café em Cápsula Torrado e Moído Americano Starbucks House Blend Nescafé Dolce Gusto Pacote 77g 10 Unidades,Nescafé Dolce Gusto,,Indisponivel,13.99,https://www.paodeacucar.com/produto/1606361/cafe-em-capsula-torrado-e-moido-americano-starbucks-house-blend-nescafe-dolce-gusto-pacote-77g-10-unidades,Nescafé Dolce Gusto,77.0,g,10.0,peso,ate_100g,18.17,90.84,1.4
Paodeacucar,1375957,Café em Cápsula Torrado e Moído Starbucks Espresso Roast Nescafé Dolce Gusto Pacote 55g 10 Unidades,Nescafé Dolce Gusto,,Disponivel,26.99,https://www.paodeacucar.com/produto/1606362/cafe-em-capsula-torrado-e-moido-starbucks-espresso-roast-nescafe-dolce-gusto-pacote-55g-10-unidades,Nescafé Dolce Gusto,55.0,g,10.0,peso,ate_100g,49.07,245.36,2.7
Paodeacucar,1375959,Café em Cápsula Torrado e Moído Espresso Delicate Nescafé Dolce Gusto Pacote 55g 10 Unidades,Nescafé Dolce Gusto,,Disponivel,27.99,https://www.paodeacucar.com/produto/1606363/cafe-em-capsula-torrado-e-moido-espresso-delicate-nescafe-dolce-gusto-pacote-55g-10-unidades,Nescafé Dolce Gusto,55.0,g,10.0,peso,ate_100g,50.89,254.45,2.8
Paodeacucar,1376125,Café em Cápsula Torrado e Moído Orgânico Lungo Cerrado Mineiro Nescafé Dolce Gusto Pacote 60g 10 Unidades,Nescafé Dolce Gusto,,Disponivel,17.64,https://www.paodeacucar.com/produto/1606353/cafe-em-capsula-torrado-e-moido-organico-lungo-cerrado-mineiro-nescafe-dolce-gusto-pacote-60g-10-unidades,Nescafé Dolce Gusto,60.0,g,10.0,peso,ate_100g,29.4,147.0,1.76
Paodeacucar,1376174,Café em Cápsula Torrado e Moído Orgânico Espresso Sul de Minas Nescafé Dolce Gusto Pacote 57g 10 Unidades,Nescafé Dolce Gusto,,Disponivel,32.99,https://www.paodeacucar.com/produto/1606356/cafe-em-capsula-torrado-e-moido-organico-espresso-sul-de-minas-nescafe-dolce-gusto-pacote-57g-10-unidades,Nescafé Dolce Gusto,57.0,g,10.0,peso,ate_100g,57.88,289.39,3.3
Paodeacucar,1376279,Café em Cápsula Torrado e Moído Lungo Dark Nescafé Dolce Gusto Pacote 70g 10 Unidades,Nescafé Dolce Gusto,,Disponivel,27.99,https://www.paodeacucar.com/produto/1606346/cafe-em-capsula-torrado-e-moido-lungo-dark-nescafe-dolce-gusto-pacote-70g-10-unidades,Nescafé Dolce Gusto,70.0,g,10.0,peso,ate_100g,39.99,199.93,2.8
Paodeacucar,1376280,Café em Cápsula Torrado e Moído Ristretto Intense Nescafé Dolce Gusto Pacote 76g 10 Unidades,Nescafé Dolce Gusto,,Disponivel,27.99,https://www.paodeacucar.com/produto/1606349/cafe-em-capsula-torrado-e-moido-ristretto-intense-nescafe-dolce-gusto-pacote-76g-10-unidades,Nescafé Dolce Gusto,76.0,g,10.0,peso,ate_100g,36.83,184.14,2.8
Paodeacucar,1376983,Café Solúvel em Pó Espresso Suave Nescafé Gold Sachê 40g,Nescafé Gold,,Disponivel,23.9,https://www.paodeacucar.com/produto/1613985/cafe-soluvel-em-po-espresso-suave-nescafe-gold-sache-40g,Nescafé Gold,40.0,g,,peso,ate_100g,59.75,298.75,
Paodeacucar,1377055,Café Solúvel em Pó Espresso Intenso Nescafé Gold Sachê 40g,Nescafé Gold,,Disponivel,11.59,https://www.paodeacucar.com/produto/1613995/cafe-soluvel-em-po-espresso-intenso-nescafe-gold-sache-40g,Nescafé Gold,40.0,g,,peso,ate_100g,28.98,144.88,
Paodeacucar,1379140,Café Solúvel Granulado Descafeinado Nescafé Sachê 40g,Nescafé,,Disponivel,17.59,https://www.paodeacucar.com/produto/1615320/cafe-soluvel-granulado-descafeinado-nescafe-sache-40g,Nescafé,40.0,g,,peso,ate_100g,43.97,219.88,
Paodeacucar,1379650,Café UNIÃO Extraforte Pouch 250g,Café União Pouch 250g,,Disponivel,16.99,https://www.paodeacucar.com/produto/1623452/cafe-uniao-extraforte-pouch-250g,Café União Pouch 250g,250.0,g,,peso,101g_250g,6.8,33.98,
Paodeacucar,1379783,Café União Tradicional Pouch 250G,Café União Pouch 250g,,Disponivel,16.99,https://www.paodeacucar.com/produto/1623451/cafe-uniao-tradicional-pouch-250g,Café União Pouch 250g,250.0,g,,peso,101g_250g,6.8,33.98,
Paodeacucar,1385283,Café Solúvel Granulado Tradicional 3 Corações Sachê 40g,3 Corações,,Disponivel,7.39,https://www.paodeacucar.com/produto/1619330/cafe-soluvel-granulado-tradicional-3-coracoes-sache-40g,3 Corações,40.0,g,,peso,ate_100g,18.48,92.38,
Paodeacucar,1385291,Café Solúvel em Pó Extraforte 3 Corações Sachê 40g,3 Corações,,Disponivel,8.99,https://www.paodeacucar.com/produto/1619329/cafe-soluvel-em-po-extraforte-3-coracoes-sache-40g,3 Corações,40.0,g,,peso,ate_100g,22.48,112.38,
Paodeacucar,1386156,Café em Cápsula Torrado e Moído Espresso Chocolate Lor Caixa 52g 10 Unidades,L'OR,Básico da despensa,Disponivel,30.99,https://www.paodeacucar.com/produto/1618919/cafe-em-capsula-torrado-e-moido-espresso-chocolate-lor-caixa-52g-10-unidades,L'OR,52.0,g,10.0,peso,ate_100g,59.6,297.98,3.1
Paodeacucar,1386316,Café em Cápsula Torrado e Moído Espresso Starbucks Single-Origin Colombia Caixa 55g 10 Unidades,Nescafé Dolce Gusto,Básico da despensa,Disponivel,30.99,https://www.paodeacucar.com/produto/1618882/cafe-em-capsula-torrado-e-moido-espresso-starbucks-single-origin-colombia-caixa-55g-10-unidades,Nescafé Dolce Gusto,55.0,g,10.0,peso,ate_100g,56.35,281.73,3.1
Paodeacucar,1386476,Café Torrado e Moído Forza Intensidade Máxima 3 Corações Premium Pacote 250g,3 Corações,,Disponivel,27.99,https://www.paodeacucar.com/produto/1624703/cafe-torrado-e-moido-forza-intensidade-maxima-3-coracoes-premium-pacote-250g,3 Corações,250.0,g,,peso,101g_250g,11.2,55.98,
Paodeacucar,1386478,Cápsula Café 3c Star Wars Vader 8x10x8g,3 Corações,Básico da despensa,Disponivel,25.99,https://www.paodeacucar.com/produto/1624702/capsula-cafe-3c-star-wars-vader-8x10x8g,3 Corações,8.0,g,,peso,ate_100g,324.88,1624.38,
Paodeacucar,1386480,Café em Cápsula Torrado e Moído Espresso Mestre Yoda Star Wars 3 Corações Caixa 10 Unidades 8g Cada,3 Corações,,Disponivel,23.99,https://www.paodeacucar.com/produto/1624704/cafe-em-capsula-torrado-e-moido-espresso-mestre-yoda-star-wars-3-coracoes-caixa-10-unidades-8g-cada,3 Corações,80.0,g,10.0,peso,ate_100g,29.99,149.94,2.4
Paodeacucar,1386647,Café em Cápsula Torrado e Moído Descafeinado Baggio Caixa 50g 10 Unidades,Baggio,,Disponivel,24.99,https://www.paodeacucar.com/produto/1619029/cafe-em-capsula-torrado-e-moido-descafeinado-baggio-caixa-50g-10-unidades,Baggio,50.0,g,10.0,peso,ate_100g,49.98,249.9,2.5
Paodeacucar,1386698,Café com Leite em Cápsula Pingado Nescafé Dolce Gusto Caixa 140g 10 Unidades,Nescafé Dolce Gusto,Básico da despensa,Disponivel,27.99,https://www.paodeacucar.com/produto/1619401/cafe-com-leite-em-capsula-pingado-nescafe-dolce-gusto-caixa-140g-10-unidades,Nescafé Dolce Gusto,140.0,g,10.0,peso,101g_250g,19.99,99.96,2.8
Paodeacucar,1389400,Café em Cápsula Torrado e Moído Descafeinado Qualitá Caixa 50g 10 Unidades,Qualitá,,Disponivel,21.99,https://www.paodeacucar.com/produto/1625309/cafe-em-capsula-torrado-e-moido-descafeinado-qualita-caixa-50g-10-unidades,Qualitá,50.0,g,10.0,peso,ate_100g,43.98,219.9,2.2
Paodeacucar,1390722,Café União Gourmet Sul De Minas 250g,União,,Disponivel,26.99,https://www.paodeacucar.com/produto/1627030/cafe-uniao-gourmet-sul-de-minas-250g,União,250.0,g,,peso,101g_250g,10.8,53.98,
Paodeacucar,1390750,Café União Torrado e Moído Gourmet Mogiana Paulista 250g,União,,Disponivel,26.99,https://www.paodeacucar.com/produto/1627031/cafe-uniao-torrado-e-moido-gourmet-mogiana-paulista-250g,União,250.0,g,,peso,101g_250g,10.8,53.98,
Paodeacucar,1391007,Café Torrado e Moído Exótico 3 Corações Rituais 85+ Pouch 250g,Moderato,Básico da despensa,Disponivel,39.99,https://www.paodeacucar.com/produto/1629061/cafe-torrado-e-moido-exotico-3-coracoes-rituais-85 -pouch-250g,Moderato,250.0,g,,peso,101g_250g,16.0,79.98,
Paodeacucar,1391009,Café Torrado e Moído Frutas Vermelhas 3 Corações Rituais 85+ Pouch 250g,3 Chá,Básico da despensa,Disponivel,39.99,https://www.paodeacucar.com/produto/1629060/cafe-torrado-e-moido-frutas-vermelhas-3-coracoes-rituais-85 -pouch-250g,3 Chá,250.0,g,,peso,101g_250g,16.0,79.98,
Paodeacucar,1391020,Café Torrado e Moído Frutas Secas 3 Corações Rituais 85+ Pouch 250g,3 Corações,Básico da despensa,Disponivel,45.99,https://www.paodeacucar.com/produto/1629057/cafe-torrado-e-moido-frutas-secas-3-coracoes-rituais-85 -pouch-250g,3 Corações,250.0,g,,peso,101g_250g,18.4,91.98,
Paodeacucar,1391021,Café Torrado e Moído Chocolate 3 Corações Rituais 85+ Pouch 250g,3 Chá,Básico da despensa,Disponivel,39.99,https://www.paodeacucar.com/produto/1629058/cafe-torrado-e-moido-chocolate-3-coracoes-rituais-85 -pouch-250g,3 Chá,250.0,g,,peso,101g_250g,16.0,79.98,
Paodeacucar,1391063,Café em Cápsula Torrado e Moído Espresso Cerrado Mineiro Nescafé Dolce Gusto Caixa 60g 10 Unidades,Nescafé Dolce Gusto,,Disponivel,29.99,https://www.paodeacucar.com/produto/1628287/cafe-em-capsula-torrado-e-moido-espresso-cerrado-mineiro-nescafe-dolce-gusto-caixa-60g-10-unidades,Nescafé Dolce Gusto,60.0,g,10.0,peso,ate_100g,49.98,249.92,3.0
Paodeacucar,1391067,Café em Cápsula Torrado e Moído Lungo Andes Nescafé Farmers Origins Caixa 44g 10 Unidades,Nescafé,,Disponivel,27.99,https://www.paodeacucar.com/produto/1627153/cafe-em-capsula-torrado-e-moido-lungo-andes-nescafe-farmers-origins-caixa-44g-10-unidades,Nescafé,44.0,g,10.0,peso,ate_100g,63.61,318.07,2.8
Paodeacucar,1391102,Café Torrado e Moído Lor Ultimo Gourmet Pouch 250g,L'OR,,Disponivel,21.44,https://www.paodeacucar.com/produto/1626168/cafe-torrado-e-moido-lor-ultimo-gourmet-pouch-250g,L'OR,250.0,g,,peso,101g_250g,8.58,42.88,
Paodeacucar,1391104,Café União Gourmet Cerrado Mineiro 250g,União,,Disponivel,26.99,https://www.paodeacucar.com/produto/1627028/cafe-uniao-gourmet-cerrado-mineiro-250g,União,250.0,g,,peso,101g_250g,10.8,53.98,
Paodeacucar,1391740,Café Torrado e Moído Mogiana Lor Gourmet Pouch 250g,L'OR,,Indisponivel,38.99,https://www.paodeacucar.com/produto/1626179/cafe-torrado-e-moido-mogiana-lor-gourmet-pouch-250g,L'Or,250.0,g,,peso,101g_250g,15.6,77.98,
Paodeacucar,1391803,Café em Cápsula Torrado e Moído Espresso Índia Nescafé Farmers Origins Caixa 44g 10 Unidades,Nescafé,Básico da despensa,Disponivel,29.99,https://www.paodeacucar.com/produto/1626613/cafe-em-capsula-torrado-e-moido-espresso-india-nescafe-farmers-origins-caixa-44g-10-unidades,Nescafé,44.0,g,10.0,peso,ate_100g,68.16,340.8,3.0
Paodeacucar,1391804,Café em Cápsula Torrado e Moído Lungo Brazil Nescafé Farmers Origins Caixa 44g 10 Unidades,Nescafé,Básico da despensa,Disponivel,29.99,https://www.paodeacucar.com/produto/1626611/cafe-em-capsula-torrado-e-moido-lungo-brazil-nescafe-farmers-origins-caixa-44g-10-unidades,Nescafé,44.0,g,10.0,peso,ate_100g,68.16,340.8,3.0
Paodeacucar,1391805,Café em Cápsula Torrado e Moído Espresso Colômbia Nescafé Farmers Origins Caixa 44g 10 Unidades,Nescafé,Básico da despensa,Disponivel,29.99,https://www.paodeacucar.com/produto/1626612/cafe-em-capsula-torrado-e-moido-espresso-colombia-nescafe-farmers-origins-caixa-44g-10-unidades,Nescafé,44.0,g,10.0,peso,ate_100g,68.16,340.8,3.0
Paodeacucar,1392086,Café em Cápsula Torrado e Moído Espresso México Nescafé Farmers Origins Caixa 44g 10 Unidades,Nescafé,Básico da despensa,Disponivel,29.99,https://www.paodeacucar.com/produto/1626610/cafe-em-capsula-torrado-e-moido-espresso-mexico-nescafe-farmers-origins-caixa-44g-10-unidades,Nescafé,44.0,g,10.0,peso,ate_100g,68.16,340.8,3.0
Paodeacucar,1395200,Café Torrado em Grãos Japy Orfeu Varietais Pacote 250g,Embafreezer,,Indisponivel,19.98,https://www.paodeacucar.com/produto/1627247/cafe-torrado-em-graos-japy-orfeu-varietais-pacote-250g,Embafreezer,250.0,g,,peso,101g_250g,7.99,39.96,
Paodeacucar,1395201,Café Torrado em Grãos Arara Orfeu Varietais Pacote 250g,Orfeu,,Disponivel,46.99,https://www.paodeacucar.com/produto/1627248/cafe-torrado-em-graos-arara-orfeu-varietais-pacote-250g,ORFEU,250.0,g,,peso,101g_250g,18.8,93.98,
Paodeacucar,1395309,Café em Cápsula Torrado e Moído Arara Orfeu Varietais Caixa 50g 10 Unidades,Orfeu,Básico da despensa,Disponivel,30.99,https://www.paodeacucar.com/produto/1627246/cafe-em-capsula-torrado-e-moido-arara-orfeu-varietais-caixa-50g-10-unidades,Orfeu,50.0,g,10.0,peso,ate_100g,61.98,309.9,3.1
Paodeacucar,1395332,Café Torrado e Moído Arara Orfeu Varietais Caixa 250g,Orfeu,,Disponivel,46.99,https://www.paodeacucar.com/produto/1627236/cafe-torrado-e-moido-arara-orfeu-varietais-caixa-250g,ORFEU,250.0,g,,peso,101g_250g,18.8,93.98,
Paodeacucar,1395333,Cafe Torrado em Grãos Acauã Orfeu Varietais Pacote 250g,Orfeu,,Disponivel,46.99,https://www.paodeacucar.com/produto/1627237/cafe-torrado-em-graos-acaua-orfeu-varietais-pacote-250g,ORFEU,250.0,g,,peso,101g_250g,18.8,93.98,
Paodeacucar,1395335,Café em Cápsula Torrado e Moído Japy Orfeu Varietais Caixa 50g 10 Unidades,Orfeu,Básico da despensa,Disponivel,30.99,https://www.paodeacucar.com/produto/1627238/cafe-em-capsula-torrado-e-moido-japy-orfeu-varietais-caixa-50g-10-unidades,Orfeu,50.0,g,10.0,peso,ate_100g,61.98,309.9,3.1
Paodeacucar,1395336,Café Torrado e Moído Acauã Orfeu Varietais Caixa 250g,Orfeu,,Disponivel,3.09,https://www.paodeacucar.com/produto/1627239/cafe-torrado-e-moido-acaua-orfeu-varietais-caixa-250g,ORFEU,250.0,g,,peso,101g_250g,1.24,6.18,
Paodeacucar,1395337,Café Torrado e Moído Japy Orfeu Varietais Caixa 250g,Orfeu,,Disponivel,46.99,https://www.paodeacucar.com/produto/1627240/cafe-torrado-e-moido-japy-orfeu-varietais-caixa-250g,Orfeu,250.0,g,,peso,101g_250g,18.8,93.98,
Paodeacucar,1395394,Café Torrado e Moído a Vácuo Extraforte Qualitá Pacote 500g,Qualitá,,Disponivel,34.99,https://www.paodeacucar.com/produto/1627311/cafe-torrado-e-moido-a-vacuo-extraforte-qualita-pacote-500g,Qualitá,500.0,g,,peso,251g_500g,7.0,34.99,
Paodeacucar,1395451,Café em Cápsula Torrado e Moído Acauã Orfeu Varietais Caixa 50g 10 Unidades,Orfeu,Básico da despensa,Disponivel,30.99,https://www.paodeacucar.com/produto/1627242/cafe-em-capsula-torrado-e-moido-acaua-orfeu-varietais-caixa-50g-10-unidades,ORFEU,50.0,g,10.0,peso,ate_100g,61.98,309.9,3.1
Paodeacucar,1395787,Café em Cápsula Torrado e Moído Gingerbread Qualitá Exclusive 50g 10 Unidades,Qualitá,,Disponivel,21.99,https://www.paodeacucar.com/produto/1627507/cafe-em-capsula-torrado-e-moido-gingerbread-qualita-exclusive-50g-10-unidades,Qualitá Exclusive,50.0,g,10.0,peso,ate_100g,43.98,219.9,2.2
Paodeacucar,1395814,Café Solúvel Granulado Descafeinado 3 Corações Sachê 40g,3 Corações,,Disponivel,15.49,https://www.paodeacucar.com/produto/1629018/cafe-soluvel-granulado-descafeinado-3-coracoes-sache-40g,3 Corações,40.0,g,,peso,ate_100g,38.72,193.62,
Paodeacucar,1395876,Café em Cápsula Torrado e Moído Peru 3 Corações Caixa 56g 10 Unidades,3 Corações,Básico da despensa,Disponivel,23.99,https://www.paodeacucar.com/produto/1629252/cafe-em-capsula-torrado-e-moido-peru-3-coracoes-caixa-56g-10-unidades,3 Corações,56.0,g,10.0,peso,ate_100g,42.84,214.2,2.4
Paodeacucar,1395878,Café em Cápsula Torrado e Moído Descafeinado 3 Corações Caixa 50g 10 Unidades,3 Corações,Básico da despensa,Disponivel,23.99,https://www.paodeacucar.com/produto/1629253/cafe-em-capsula-torrado-e-moido-descafeinado-3-coracoes-caixa-50g-10-unidades,3 Corações,50.0,g,10.0,peso,ate_100g,47.98,239.9,2.4
Paodeacucar,1396048,Café em Cápsula Torrado e Moído Máximo 3 Corações Caixa 56g 10 Unidades,3 Corações,Básico da despensa,Disponivel,23.99,https://www.paodeacucar.com/produto/1629255/cafe-em-capsula-torrado-e-moido-maximo-3-coracoes-caixa-56g-10-unidades,3 Corações,56.0,g,10.0,peso,ate_100g,42.84,214.2,2.4
Paodeacucar,1396064,Café em Cápsula Torrado e Moído Colômbia 3 Corações Caixa 56g 10 Unidades,3 Corações,Básico da despensa,Disponivel,23.99,https://www.paodeacucar.com/produto/1629085/cafe-em-capsula-torrado-e-moido-colombia-3-coracoes-caixa-56g-10-unidades,3 Corações,56.0,g,10.0,peso,ate_100g,42.84,214.2,2.4
Paodeacucar,1396375,Café Torrado e Moído Superior Evolutto Premium Pacote 500g,Premiado,,Disponivel,34.99,https://www.paodeacucar.com/produto/1628940/cafe-torrado-e-moido-superior-evolutto-premium-pacote-500g,Premiado,500.0,g,,peso,251g_500g,7.0,34.99,
Paodeacucar,1398972,Café Solúvel Liofilizado Qualitá Exclusive Vidro 200g,Qualitá,,Indisponivel,28.39,https://www.paodeacucar.com/produto/1629122/cafe-soluvel-liofilizado-qualita-exclusive-vidro-200g,QUALITA,200.0,g,,peso,101g_250g,14.19,70.97,
Paodeacucar,1398973,Café Solúvel Liofilizado Qualitá Exclusive Vidro 100g,Qualitá,,Disponivel,32.39,https://www.paodeacucar.com/produto/1629120/cafe-soluvel-liofilizado-qualita-exclusive-vidro-100g,Qualitá Exclusive,100.0,g,,peso,ate_100g,32.39,161.95,
Paodeacucar,1399361,Café Solúvel Gelado Nescafé Vidro 100g,Nescafé,,Disponivel,24.79,https://www.paodeacucar.com/produto/1629275/cafe-soluvel-gelado-nescafe-vidro-100g,Nescafé,100.0,g,,peso,ate_100g,24.79,123.95,
Paodeacucar,1399939,Café em Cápsula Torrado e Moído Coconut Qualitá Exclusive Caixa 50g 10 Unidades,Qualitá,,Indisponivel,13.49,https://www.paodeacucar.com/produto/1629462/cafe-em-capsula-torrado-e-moido-coconut-qualita-exclusive-caixa-50g-10-unidades,Qualitá Exclusive,50.0,g,10.0,peso,ate_100g,26.98,134.9,1.35
Paodeacucar,1400001,Café Constantino grão 500g,Constantino,,Disponivel,59.9,https://www.paodeacucar.com/produto/535117/cafe-constantino-grao-500g,Constantino,500.0,g,,peso,251g_500g,11.98,59.9,
Paodeacucar,1400710,Cápsulas Constantino cx 10 unid.,Constantino,,Disponivel,34.99,https://www.paodeacucar.com/produto/666704/capsulas-constantino-cx-10-unid-,Constantino,,,10.0,unidades,sem_peso,,,3.5
Paodeacucar,1400740,Café Constantino moído 500g,Constantino,,Indisponivel,59.9,https://www.paodeacucar.com/produto/686787/cafe-constantino-moido-500g,Constantino,500.0,g,,peso,251g_500g,11.98,59.9,
Paodeacucar,1402050,Café em Cápsula Torrado e Moído Lungo Intenso Pilão Caixa 52g 10 Unidades,Constantino,,Indisponivel,16.9,https://www.paodeacucar.com/produto/534887/cafe-constantino-grao-250g,Constantino,52.0,g,10.0,peso,ate_100g,32.5,162.5,1.69
Paodeacucar,1402404,Café Orfeu Clássico em cápsulas 20 unidades Orfeu Cápsula Clássico - 20 Unid,Orfeu,,Disponivel,55.9,https://www.paodeacucar.com/produto/534900/cafe-orfeu-classico-em-capsulas-20-unidades-orfeu-capsula-classico---20-unid,Orfeu,,,20.0,unidades,sem_peso,,,2.8
Paodeacucar,1402405,Café em Cápsula Torrado e Moído Espresso Extremo Pilão Caixa 52g 10 Unidades,Orfeu,,Disponivel,55.9,https://www.paodeacucar.com/produto/584098/cafe-orfeu-bourbon-amarelo-em-capsulas-20-unidades-cafe-orfeu-bourbon-amarelo-capsulas-de-20unidades,Orfeu,52.0,g,10.0,peso,ate_100g,107.5,537.5,5.59
Paodeacucar,1402408,Café em Cápsula Torrado e Moído Intenso Orfeu Caixa 100g 20 Unidades,Orfeu,,Disponivel,52.9,https://www.paodeacucar.com/produto/1630598/cafe-em-capsula-torrado-e-moido-intenso-orfeu-caixa-100g-20-unidades,Orfeu,100.0,g,20.0,peso,ate_100g,52.9,264.5,2.64
Paodeacucar,1403333,Café em Sachê Torrado e Moído Drip Coffee Chocolate 3 Corações Rituais 85+ Envelope 12g,3 Corações,,Disponivel,2.99,https://www.paodeacucar.com/produto/1631451/cafe-em-sache-torrado-e-moido-drip-coffee-chocolate-3-coracoes-rituais-85 -envelope-12g,3 Corações,12.0,g,,peso,ate_100g,24.92,124.58,
Paodeacucar,1403334,Café em Sachê Torrado e Moído Drip Coffee Exótico 3 Corações Rituais 85+ Envelope 12g,3 Corações,,Disponivel,27.49,https://www.paodeacucar.com/produto/1631453/cafe-em-sache-torrado-e-moido-drip-coffee-exotico-3-coracoes-rituais-85 -envelope-12g,3 Corações,12.0,g,,peso,ate_100g,229.08,1145.42,
Paodeacucar,1403413,Café em Cápsula Torrado e Moído Lungo Nescafé Dolce Gusto Caixa 60g 10 Unidades,Nescafé Dolce Gusto,,Disponivel,29.99,https://www.paodeacucar.com/produto/1631716/cafe-em-capsula-torrado-e-moido-lungo-nescafe-dolce-gusto-caixa-60g-10-unidades,Nescafé Dolce Gusto,60.0,g,10.0,peso,ate_100g,49.98,249.92,3.0
Paodeacucar,1403416,Café Solúvel em Pó Espresso Intenso Nescafé Gold Lata 100g,Nescafé,,Disponivel,17.99,"https://www.paodeacucar.com/produto/1631717/cafe-em-capsula-torrado-e-moido-lungo-brazil-nescafe-farmers-origins-caixa-79,2g-18-unidades",Nescafé,100.0,g,,peso,ate_100g,17.99,89.95,
Paodeacucar,1403417,"Café em Cápsula Torrado e Moído Ristretto Áfricas Nescafé Farmers Origins Caixa 79,2g 18 Unidades",Nescafé,,Disponivel,45.95,"https://www.paodeacucar.com/produto/1631720/cafe-em-capsula-torrado-e-moido-ristretto-africas-nescafe-farmers-origins-caixa-79,2g-18-unidades",Nescafé,79.2,g,18.0,peso,ate_100g,58.02,290.09,2.55
Paodeacucar,1403418,"Café em Cápsula Torrado e Moído Espresso Colômbia Nescafé Farmers Origins Caixa 79,2g 18 Unidades",Nescafé,,Disponivel,38.63,"https://www.paodeacucar.com/produto/1631719/cafe-em-capsula-torrado-e-moido-espresso-colombia-nescafe-farmers-origins-caixa-79,2g-18-unidades",Nescafé,79.2,g,18.0,peso,ate_100g,48.78,243.88,2.15
Paodeacucar,1403424,Café em Cápsula Torrado e Moído Espresso Nescafé Farmers Origins Caixa 46g 10 Unidades,Nescafé,Básico da despensa,Disponivel,27.99,https://www.paodeacucar.com/produto/1631725/cafe-em-capsula-torrado-e-moido-espresso-nescafe-farmers-origins-caixa-46g-10-unidades,Nescafé,46.0,g,10.0,peso,ate_100g,60.85,304.24,2.8
Paodeacucar,1403833,Café Torrado e Moído Clássico Illy Lata 125g,Illy,Básico da despensa,Disponivel,24.99,https://www.paodeacucar.com/produto/1633207/cafe-torrado-e-moido-classico-illy-lata-125g,Illy,125.0,g,,peso,101g_250g,19.99,99.96,
Paodeacucar,1403834,Café Pó Moído 125g Classico Filtro,Illy,Básico da despensa,Disponivel,21.99,https://www.paodeacucar.com/produto/1633206/cafe-po-moido-125g-classico-filtro,Illy,125.0,g,,peso,101g_250g,17.59,87.96,
Paodeacucar,1403835,Café Pó Moído 125g Intenso Moka,Illy,Básico da despensa,Disponivel,24.99,https://www.paodeacucar.com/produto/1633208/cafe-po-moido-125g-intenso-moka,Illy,125.0,g,,peso,101g_250g,19.99,99.96,
Paodeacucar,1403836,Café Illy moído Etiópia 125 g,Illy,,Disponivel,24.99,https://www.paodeacucar.com/produto/534889/cafe-illy-moido-etiopia-125-g,Illy,125.0,g,,peso,101g_250g,19.99,99.96,
Paodeacucar,1403837,Café Illy moído Guatemala 125g,Illy,,Indisponivel,,https://www.paodeacucar.com/produto/534843/cafe-illy-moido-guatemala-125g,Illy,125.0,g,,peso,101g_250g,,,
Paodeacucar,1405395,Café Grão Arábica Selection 250g Cerrado Mineiro,Illy,,Disponivel,51.9,https://www.paodeacucar.com/produto/1633739/cafe-grao-arabica-selection-250g-cerrado-mineiro,Illy,250.0,g,,peso,101g_250g,20.76,103.8,
Paodeacucar,1405397,Café Orgânico GRÃO - 250g,Santa Mônica,,Disponivel,40.99,https://www.paodeacucar.com/produto/594207/cafe-organico-grao---250g,Santa Monica,250.0,g,,peso,101g_250g,16.4,81.98,
Paodeacucar,1405431,Café Orgânico Moído - 250g,Santa Mônica,,Disponivel,39.99,https://www.paodeacucar.com/produto/570271/cafe-organico-moido---250g,Santa Monica,250.0,g,,peso,101g_250g,16.0,79.98,
Paodeacucar,1405475,Café em Cápsula Torrado e Moído Espresso Descafeinado Illy Caixa 57g 10 Unidades,Illy,Básico da despensa,Disponivel,32.99,https://www.paodeacucar.com/produto/1633710/cafe-em-capsula-torrado-e-moido-espresso-descafeinado-illy-caixa-57g-10-unidades,Illy,57.0,g,10.0,peso,ate_100g,57.88,289.39,3.3
Paodeacucar,1405510,Café Santa Monica Orgânico em cápsulas 10 unidades Café Santa Mônica | Orgânico - 10 unid. Compatível Nespresso,Santa Mônica,,Disponivel,27.99,https://www.paodeacucar.com/produto/542855/cafe-santa-monica-organico-em-capsulas-10-unidades-cafe-santa-monica-|-organico---10-unid--compativel-nespresso,Santa Monica,,,10.0,unidades,sem_peso,,,2.8
Paodeacucar,1405512,Cafe Capsula Torra Italiana Display Com 10 Unidades,Santa Mônica,,Disponivel,27.99,https://www.paodeacucar.com/produto/1633728/cafe-capsula-torra-italiana-display-com-10-unidades,Santa Monica,,,10.0,unidades,sem_peso,,,2.8
Paodeacucar,1405619,Café Torrado e Moído Santa Monica Gourmet Torra Italiana Pacote 500g,Santa Mônica,,Disponivel,51.9,https://www.paodeacucar.com/produto/1633781/cafe-torrado-e-moido-santa-monica-gourmet-torra-italiana-pacote-500g,Santa Monica,500.0,g,,peso,251g_500g,10.38,51.9,
Paodeacucar,1405661,Café Illy moído Colômbia 125g,Illy,,Indisponivel,,https://www.paodeacucar.com/produto/537188/cafe-illy-moido-colombia-125g,Illy,125.0,g,,peso,101g_250g,,,
Paodeacucar,1405988,Café em Cápsula Torrado e Moído Espresso Clássico Pilão Cafeteria Especialidades Caixa 52g 10 Unidades,Pilão,,Disponivel,16.99,https://www.paodeacucar.com/produto/1634099/cafe-em-capsula-torrado-e-moido-espresso-classico-pilao-cafeteria-especialidades-caixa-52g-10-unidades,Pilão,52.0,g,10.0,peso,ate_100g,32.67,163.37,1.7
Paodeacucar,1405993,Café em Cápsula Torrado e Moído Espresso Brazil L'or Origins Collection Caixa 52g 10 Unidades,L'OR,,Disponivel,30.99,https://www.paodeacucar.com/produto/1634100/cafe-em-capsula-torrado-e-moido-espresso-brazil-lor-origins-collection-caixa-52g-10-unidades,L'Or,52.0,g,10.0,peso,ate_100g,59.6,297.98,3.1
Paodeacucar,1405994,Café em Cápsula Torrado e Moído Espresso Maranello L'or Passione Rossa Caixa 52g 10 Unidades,L'OR,,Disponivel,30.99,https://www.paodeacucar.com/produto/1634102/cafe-em-capsula-torrado-e-moido-espresso-maranello-lor-passione-rossa-caixa-52g-10-unidades,L'Or,52.0,g,10.0,peso,ate_100g,59.6,297.98,3.1
Paodeacucar,1405995,Café em Cápsula Torrado e Moído Espresso Avelã L'or Flavours Collection Caixa 52g 10 Unidades,L'OR,,Disponivel,30.99,https://www.paodeacucar.com/produto/1634103/cafe-em-capsula-torrado-e-moido-espresso-avela-lor-flavours-collection-caixa-52g-10-unidades,L'Or,52.0,g,10.0,peso,ate_100g,59.6,297.98,3.1
Paodeacucar,1405998,Café Solúvel Liofilizado Intense Lor Sachê 40g,Pilão,,Disponivel,9.59,https://www.paodeacucar.com/produto/1634104/cafe-em-capsula-torrado-e-moido-espresso-intenso-pilao-cafeteria-especialidades-caixa-52g-10-unidades,Pilão,40.0,g,,peso,ate_100g,23.98,119.88,
Paodeacucar,1405999,Café em Cápsula Torrado e Moído Ristretto Espresso Imola L'or Passione Rossa Caixa 52g 10 Unidades,L'OR,,Disponivel,15.1,https://www.paodeacucar.com/produto/1634105/cafe-em-capsula-torrado-e-moido-ristretto-espresso-imola-lor-passione-rossa-caixa-52g-10-unidades,L'OR,52.0,g,10.0,peso,ate_100g,29.04,145.19,1.51
Paodeacucar,1406096,Café Solúvel Granulado Forte Nescafé Tradição Sachê Leve 40g Pague 36g,Nescafé,,Disponivel,17.49,https://www.paodeacucar.com/produto/1634094/cafe-soluvel-granulado-forte-nescafe-tradicao-sache-leve-40g-pague-36g,Nescafé,40.0,g,,peso,ate_100g,43.72,218.62,
Paodeacucar,1406097,Café em Cápsula Torrado e Moído Lungo Nescafé Dolce Gusto Caixa 70g 10 Unidades,Nescafé,,Indisponivel,10.49,https://www.paodeacucar.com/produto/1634093/cafe-soluvel-granulado-extraforte-nescafe-original-sache-leve-40g-pague-36g,Nescafé,70.0,g,10.0,peso,ate_100g,14.99,74.93,1.05
Paodeacucar,1406098,Café Solúvel Granulado Suave Nescafé Matinal Sachê Leve 40g Pague 36g,Nescafé,,Indisponivel,20.13,https://www.paodeacucar.com/produto/1634092/cafe-soluvel-granulado-suave-nescafe-matinal-sache-leve-40g-pague-36g,Nescafé,40.0,g,,peso,ate_100g,50.32,251.62,
Paodeacucar,1406103,Café Solúvel Liofilizado Imola Intenso L'or Passione Rossa Vidro 84g,L'OR,,Disponivel,19.99,https://www.paodeacucar.com/produto/1634119/cafe-soluvel-liofilizado-imola-intenso-lor-passione-rossa-vidro-84g,L'Or,84.0,g,,peso,ate_100g,23.8,118.99,
Paodeacucar,1406104,Café Solúvel Liofilizado L'or Ultimo Vidro 84g,L'OR,Básico da despensa,Disponivel,20.14,https://www.paodeacucar.com/produto/1634120/cafe-soluvel-liofilizado-lor-ultimo-vidro-84g,L'Or,84.0,g,,peso,ate_100g,23.98,119.88,
Paodeacucar,1406166,Café Solúvel Liofilizado L'or Ultimo Sachê 40g,L'OR,,Disponivel,8.44,https://www.paodeacucar.com/produto/1634113/cafe-soluvel-liofilizado-lor-ultimo-sache-40g,L'Or,40.0,g,,peso,ate_100g,21.1,105.5,
Paodeacucar,1406568,Café em Cápsula Torrado e Moído Nescafé Dolce Gusto Gold Caixa 80g 10 Unidades,Nescafé Dolce Gusto,,Disponivel,29.99,https://www.paodeacucar.com/produto/1634638/cafe-em-capsula-torrado-e-moido-nescafe-dolce-gusto-gold-caixa-80g-10-unidades,Nescafé Dolce Gusto,80.0,g,10.0,peso,ate_100g,37.49,187.44,3.0
Paodeacucar,1406576,Café em Cápsula Ristretto Áfricas Nescafé Farmers Origins Caixa 44g,Nescafé,Básico da despensa,Disponivel,29.99,https://www.paodeacucar.com/produto/1634750/cafe-em-capsula-ristretto-africas-nescafe-farmers-origins-caixa-44g,Nescafé,44.0,g,,peso,ate_100g,68.16,340.8,
Paodeacucar,1406805,Café em Cápsula Torrado e Moído Nescafé Dolce Gusto Gold Caixa 60g 10 Unidades,Nescafé Dolce Gusto,,Disponivel,29.99,https://www.paodeacucar.com/produto/1634637/cafe-em-capsula-torrado-e-moido-nescafe-dolce-gusto-gold-caixa-60g-10-unidades,Nescafé Dolce Gusto,60.0,g,10.0,peso,ate_100g,49.98,249.92,3.0
Paodeacucar,1407374,Café Torrado em Grãos Santa Monica Gourmet Torra Italiana Pacote 1kg,Santa Mônica,,Disponivel,12.24,https://www.paodeacucar.com/produto/1635157/cafe-torrado-em-graos-santa-monica-gourmet-torra-italiana-pacote-1kg,Santa Monica,1000.0,kg,,peso,501g_1kg,1.22,6.12,
Paodeacucar,1407892,Café Solúvel Granulado Qualitá Caixa 40g,Qualitá,,Disponivel,5.89,https://www.paodeacucar.com/produto/1635444/cafe-soluvel-granulado-qualita-caixa-40g,Qualitá,40.0,g,,peso,ate_100g,14.72,73.62,
Paodeacucar,1408382,Cápsula União Ristretto 10 unidades,União,,Disponivel,24.99,https://www.paodeacucar.com/produto/1636259/capsula-uniao-ristretto-10-unidades,União,,,10.0,unidades,sem_peso,,,2.5
Paodeacucar,1408383,Cápsula União Amaro 10 unidades,União,,Disponivel,24.99,https://www.paodeacucar.com/produto/1636258/capsula-uniao-amaro-10-unidades,União,,,10.0,unidades,sem_peso,,,2.5
Paodeacucar,1408384,Cápsula União Clássico 10 unidades,União,,Disponivel,24.99,https://www.paodeacucar.com/produto/1636262/capsula-uniao-classico-10-unidades,União,,,10.0,unidades,sem_peso,,,2.5
Paodeacucar,1408385,Cápsula União Velluto 10 unidades,União,,Disponivel,24.99,https://www.paodeacucar.com/produto/1636261/capsula-uniao-velluto-10-unidades,União,,,10.0,unidades,sem_peso,,,2.5
Paodeacucar,1408387,Café Seleto Tradicional a Vácuo 500g,União,,Disponivel,29.99,https://www.paodeacucar.com/produto/1636237/cafe-seleto-tradicional-a-vacuo-500g,União,500.0,g,,peso,251g_500g,6.0,29.99,
Paodeacucar,1408436,Cápsula União Decaffeinato 10 unidades,União,Básico da despensa,Indisponivel,,https://www.paodeacucar.com/produto/1636280/capsula-uniao-decaffeinato-10-unidades,União,,,10.0,unidades,sem_peso,,,
Paodeacucar,1409245,Café Em Cápsula Torrado E Moído Nuts Glaceadas Qualitá Nutty Bavarian Caixa 50G,Qualitá,,Disponivel,21.99,https://www.paodeacucar.com/produto/1637369/cafe-em-capsula-torrado-e-moido-nuts-glaceadas-qualita-nutty-bavarian-caixa-50g,Qualitá,50.0,g,,peso,ate_100g,43.98,219.9,
Paodeacucar,1410940,Café Torrado e Moído Juan Valdez Colina Pouch 250g,Juan Valdez,,Disponivel,9.99,https://www.paodeacucar.com/produto/1638703/cafe-torrado-e-moido-juan-valdez-colina-pouch-250g,Juan Valdez,250.0,g,,peso,101g_250g,4.0,19.98,
Paodeacucar,1410941,Café em Cápsula Torrado e Moído Espresso Juan Valdez Mujeres Cafeteras Caixa 45g 8 Unidades,Juan Valdez,,Indisponivel,69.9,https://www.paodeacucar.com/produto/1638702/cafe-em-capsula-torrado-e-moido-espresso-juan-valdez-mujeres-cafeteras-caixa-45g-8-unidades,Juan Valdez,45.0,g,8.0,peso,ate_100g,155.33,776.67,8.74
Paodeacucar,1410981,Café Solúvel Liofilizado Baunilha e Canela Juan Valdez Vidro 95g,Juan Valdez,,Indisponivel,,https://www.paodeacucar.com/produto/1638697/cafe-soluvel-liofilizado-baunilha-e-canela-juan-valdez-vidro-95g,Juan Valdez,95.0,g,,peso,ate_100g,,,
Paodeacucar,1410982,Café Solúvel Liofilizado Avelã Juan Valdez Vidro 95g,Juan Valdez,,Indisponivel,34.99,https://www.paodeacucar.com/produto/1638698/cafe-soluvel-liofilizado-avela-juan-valdez-vidro-95g,Juan Valdez,95.0,g,,peso,ate_100g,36.83,184.16,
Paodeacucar,1412997,Café em Cápsula Torrado e Moído Pilão Cafeteria Brasil Caixa 52g 10 Unidades,Pilão,,Indisponivel,,https://www.paodeacucar.com/produto/1639197/cafe-em-capsula-torrado-e-moido-pilao-cafeteria-brasil-caixa-52g-10-unidades,Pilão,52.0,g,10.0,peso,ate_100g,,,
Paodeacucar,1413464,Café Torrado e Moído Chapada Diamantina Nescafé Origens do Brasil Pacote 250g,Nescafé,,Disponivel,20.49,https://www.paodeacucar.com/produto/1639598/cafe-torrado-e-moido-chapada-diamantina-nescafe-origens-do-brasil-pacote-250g,Nescafé,250.0,g,,peso,101g_250g,8.2,40.98,
Paodeacucar,1446975,Café Torrado em Grãos Prima Qualità Gourmet Pacote 1kg,Prima Qualitá,,Disponivel,27.49,https://www.paodeacucar.com/produto/171610/cafe-torrado-em-graos-prima-qualita-gourmet-pacote-1kg,Prima Qualitá,1000.0,kg,,peso,501g_1kg,2.75,13.74,
Paodeacucar,1446982,Café Torrado e Moído Superior Prima Qualità Mister Pacote 500g,Prima Qualitá,,Disponivel,49.99,https://www.paodeacucar.com/produto/171782/cafe-torrado-e-moido-superior-prima-qualita-mister-pacote-500g,Prima Qualitá,500.0,g,,peso,251g_500g,10.0,49.99,
Paodeacucar,1471519,Café Solúvel Liofilizado Orgânico Native Vidro 90g,Native,,Indisponivel,17.99,https://www.paodeacucar.com/produto/80428/cafe-soluvel-liofilizado-organico-native-vidro-90g,Native,90.0,g,,peso,ate_100g,19.99,99.94,
Paodeacucar,1596441,Café Torrado e Moído a Vácuo Extraforte 3 Corações Pacote 250g,3 Corações,,Disponivel,22.99,https://www.paodeacucar.com/produto/85398/cafe-torrado-e-moido-a-vacuo-extraforte-3-coracoes-pacote-250g,3 Corações,250.0,g,,peso,101g_250g,9.2,45.98,
Paodeacucar,1855029,Café Torrado e Moído Extraforte Melitta Caixa 500g,Melitta,BÃ¡sico da despensa,Disponivel,38.99,https://www.paodeacucar.com/produto/166290/cafe-torrado-e-moido-extraforte-melitta-caixa-500g,Melitta,500.0,g,,peso,251g_500g,7.8,38.99,
Paodeacucar,1914795,Café Torrado e Moído a Vácuo Tradicional Pilão Pacote 500g,Pilão,BÃ¡sico da despensa,Disponivel,27.49,https://www.paodeacucar.com/produto/90515/cafe-torrado-e-moido-a-vacuo-tradicional-pilao-pacote-500g,Pilão,500.0,g,,peso,251g_500g,5.5,27.49,
Paodeacucar,1914801,Café Torrado e Moído a Vácuo Tradicional Caboclo Pacote 500g,Caboclo,Básico da despensa,Disponivel,34.99,https://www.paodeacucar.com/produto/90263/cafe-torrado-e-moido-a-vacuo-tradicional-caboclo-pacote-500g,Caboclo,500.0,g,,peso,251g_500g,7.0,34.99,
Paodeacucar,3420591,Café Solúvel Granulado Descafeinado 3 Corações Vidro 50g,3 Corações,Básico da despensa,Disponivel,19.99,https://www.paodeacucar.com/produto/203712/cafe-soluvel-granulado-descafeinado-3-coracoes-vidro-50g,3 Corações,50.0,g,,peso,ate_100g,39.98,199.9,
Paodeacucar,3420652,Café Solúvel Granulado Tradicional 3 Corações Vidro 50g,3 Corações,,Disponivel,14.24,https://www.paodeacucar.com/produto/180701/cafe-soluvel-granulado-tradicional-3-coracoes-vidro-50g,3 Corações,50.0,g,,peso,ate_100g,28.48,142.4,
Paodeacucar,3877272,Café Torrado e Moído Bravo Café Pacote 500g,Bravo Café,,Indisponivel,39.39,https://www.paodeacucar.com/produto/77519/cafe-torrado-e-moido-bravo-cafe-pacote-500g,Bravo Cafe,500.0,g,,peso,251g_500g,7.88,39.39,
Paodeacucar,4043140,Café Solúvel Granulado Tradicional 3 Corações Vidro 100g,3 Corações,Básico da despensa,Disponivel,29.99,https://www.paodeacucar.com/produto/181370/cafe-soluvel-granulado-tradicional-3-coracoes-vidro-100g,3 Corações,100.0,g,,peso,ate_100g,29.99,149.95,
Paodeacucar,4222712,Café Torrado e Moído Intenso Pilão Pacote 500g,Pilão,,Disponivel,27.49,https://www.paodeacucar.com/produto/10930/cafe-torrado-e-moido-intenso-pilao-pacote-500g,Pilão,500.0,g,,peso,251g_500g,5.5,27.49,
Paodeacucar,4586951,Café Torrado e Moído a Vácuo Descafeinado 3 Corações Pacote 250g,3 Corações,,Disponivel,35.99,https://www.paodeacucar.com/produto/11726/cafe-torrado-e-moido-a-vacuo-descafeinado-3-coracoes-pacote-250g,3 Corações,250.0,g,,peso,101g_250g,14.4,71.98,
Paodeacucar,4594819,Café Torrado e Moído Orgânico Native Caixa 250g,Native,BÃ¡sico da despensa,Indisponivel,,https://www.paodeacucar.com/produto/114715/cafe-torrado-e-moido-organico-native-caixa-250g,Native,250.0,g,,peso,101g_250g,,,
Paodeacucar,4685319,Café Solúvel Granulado Suave Nescafé Matinal Sachê 40g,Native,,Indisponivel,,https://www.paodeacucar.com/produto/132945/cafe-torrado-em-graos-organico-espresso-native-pacote-500g,Native,40.0,g,,peso,ate_100g,,,
Paodeacucar,4805991,Café Torrado e Moído Tradicional 3 Corações Pacote 250g,3 Corações,Básico da despensa,Disponivel,22.99,https://www.paodeacucar.com/produto/78765/cafe-torrado-e-moido-tradicional-3-coracoes-pacote-250g,3 Corações,250.0,g,,peso,101g_250g,9.2,45.98,
Paodeacucar,4867753,Café Italiano ILLY GRÃO Lata 250g,Illy,,Disponivel,51.9,https://www.paodeacucar.com/produto/28730/cafe-italiano-illy-grao-lata-250g,Illy,250.0,g,,peso,101g_250g,20.76,103.8,
Paodeacucar,4876182,Café Pó Moído 125g Descafeinado,Illy,,Disponivel,5.89,https://www.paodeacucar.com/produto/7215/cafe-po-moido-125g-descafeinado,Illy,125.0,g,,peso,101g_250g,4.71,23.56,
Paodeacucar,5682805,Café Torrado e Moído Melitta Sabor da Fazenda Caixa 500g,Melitta,,Disponivel,41.99,https://www.paodeacucar.com/produto/169573/cafe-torrado-e-moido-melitta-sabor-da-fazenda-caixa-500g,Melitta,500.0,g,,peso,251g_500g,8.4,41.99,
Paodeacucar,5757121,Café com Leite Solúvel Nescafé Lata 300g,Nescafé,,Indisponivel,28.99,https://www.paodeacucar.com/produto/85860/cafe-com-leite-soluvel-nescafe-lata-300g,Nescafé,300.0,g,,peso,251g_500g,9.66,48.32,
Paodeacucar,6014810,Café Torrado e Moído Tradicional Qualitá Pacote 500g,Qualitá,,Disponivel,27.99,https://www.paodeacucar.com/produto/62780/cafe-torrado-e-moido-tradicional-qualita-pacote-500g,Qualitá,500.0,g,,peso,251g_500g,5.6,27.99,
Paodeacucar,6014827,Café Torrado e Moído a Vácuo Tradicional Qualitá Pacote 250g,Qualitá,,Disponivel,18.49,https://www.paodeacucar.com/produto/62442/cafe-torrado-e-moido-a-vacuo-tradicional-qualita-pacote-250g,Qualitá,250.0,g,,peso,101g_250g,7.4,36.98,
Paodeacucar,6014834,Café Torrado e Moído a Vácuo Tradicional Qualitá Pacote 500g,Qualitá,Básico da despensa,Disponivel,27.99,https://www.paodeacucar.com/produto/62675/cafe-torrado-e-moido-a-vacuo-tradicional-qualita-pacote-500g,Qualitá,500.0,g,,peso,251g_500g,5.6,27.99,
Paodeacucar,6014858,CaféTorrado e Moído Tradicional Qualitá Pacote 250g,Qualitá,,Disponivel,18.49,https://www.paodeacucar.com/produto/62533/cafetorrado-e-moido-tradicional-qualita-pacote-250g,Qualitá,250.0,g,,peso,101g_250g,7.4,36.98,
Paodeacucar,6836832,Café Torrado e Moído Extraforte Café Brasileiro Pacote 500g,Café Brasileiro,,Disponivel,25.49,https://www.paodeacucar.com/produto/174077/cafe-torrado-e-moido-extraforte-cafe-brasileiro-pacote-500g,Café Brasileiro,500.0,g,,peso,251g_500g,5.1,25.49,
Paodeacucar,7641688,Café Torrado e Moído Pilão 252 Graus Pouch 500g,Pilão,,Disponivel,36.99,https://www.paodeacucar.com/produto/446736/cafe-torrado-e-moido-pilao-252-graus-pouch-500g,Pilão,500.0,g,,peso,251g_500g,7.4,36.99,
Paodeacucar,7757617,Café Torrado e Moído Baggio Caffé.com Premium Pacote 250g,Baggio,,Disponivel,24.99,https://www.paodeacucar.com/produto/470052/cafe-torrado-e-moido-baggio-caffe-com-premium-pacote-250g,Baggio,250.0,g,,peso,101g_250g,10.0,49.98,
Paodeacucar,8322463,Café com Leite Solúvel Clássico Melitta Lata 200g,Melitta,,Disponivel,16.99,https://www.paodeacucar.com/produto/75674/cafe-com-leite-soluvel-classico-melitta-lata-200g,Melitta,200.0,g,,peso,101g_250g,8.49,42.48,
Paodeacucar,8704672,Café Torrado em Grãos Espresso 3 Corações Gourmet Pacote 1kg,3 Corações,Básico da despensa,Disponivel,149.9,https://www.paodeacucar.com/produto/218951/cafe-torrado-em-graos-espresso-3-coracoes-gourmet-pacote-1kg,3 Corações,1000.0,kg,,peso,501g_1kg,14.99,74.95,
Paodeacucar,8888341,Café Solúvel em Pó Espresso Intenso Nescafé Gold Lata 100g,Native,,Indisponivel,,https://www.paodeacucar.com/produto/153531/cafe-organico-torrado-e-moido-extra-forte-native-caixa-250g,Native,100.0,g,,peso,ate_100g,,,
